********************************************************************************
Obsolete PIO Core v6.1.18 is used (previous was 6.1.19)
Please remove multiple PIO Cores from a system:
https://docs.platformio.org/en/latest/core/installation/troubleshooting.html
********************************************************************************
--- Terminal on COM5 | 115200 8-N-1
--- Available filters and text transformations: colorize, debug, default, direct, hexlify, log2file, nocontrol, printable, send_on_enter, time
--- More details at https://bit.ly/pio-monitor-filters
--- Quit: Ctrl+C | Menu: Ctrl+T | Help: Ctrl+T followed by Ctrl+H
1398603,108,9,228,54,15,236
1398803,180,8,24,54,47,235
1399004,218,8,182,55,45,236
1399204,42,8,168,54,192,236
1399404,24,9,130,53,241,235
1399605,20,10,16,55,190,235
1399805,200,9,190,53,98,234
1400006,92,9,92,54,60,236
1400206,142,8,107,54,11,237
1400407,46,9,137,54,60,236
1400607,54,9,107,55,67,236
1400808,164,8,69,55,27,235
1401008,169,9,77,55,104,234
1401209,74,10,212,54,155,238
1401409,115,9,92,54,171,236
1401610,230,9,46,55,0,236
1401810,96,8,17,56,53,234
1402010,46,9,100,54,192,236
1402211,180,8,183,55,238,236
1402411,184,9,212,54,168,235
1402612,206,7,242,54,232,235
1402812,58,10,115,56,174,235
1403013,13,10,198,54,22,236
1403213,62,9,242,54,222,236
1403414,226,8,190,54,132,236
1403614,185,9,220,54,74,236
1403815,168,9,16,55,253,234
1404015,134,8,250,54,18,237
1404216,200,9,39,54,114,235
1404416,24,9,182,54,164,236
1404617,24,9,250,53,11,237
1404817,77,9,152,56,194,234
1405018,24,9,62,55,119,236
1405218,8,9,92,55,118,236
1405418,212,10,182,55,141,236
1405619,215,9,198,55,175,235
1405819,92,9,220,55,82,236
1406020,92,9,160,54,197,235
1406220,108,9,182,54,108,235
1406421,212,10,69,55,212,235
1406621,154,9,242,53,245,236
1406822,111,8,107,56,30,236
1407022,172,8,107,54,40,235
1407223,218,8,122,55,23,236
1407423,108,9,62,55,134,236
1407624,93,9,174,54,234,235
1407824,96,8,160,54,78,237
1408024,4,8,152,55,98,234
1408225,249,8,167,55,149,236
1408425,211,8,242,53,141,236
1408626,123,9,54,55,242,235
1408826,199,7,9,54,14,236
1409027,28,10,152,55,76,237
1409227,222,9,24,54,168,235
1409428,226,8,54,56,160,235
1409628,46,9,39,54,108,235
1409829,134,10,99,55,78,235
1410029,69,9,92,54,86,235
1410230,222,7,54,54,160,235
1410430,176,9,77,54,202,237
1410630,16,9,160,54,219,235
1410831,242,8,69,55,55,235
1411031,134,8,190,54,108,235
1411232,215,9,160,55,150,234
1411432,116,9,62,54,18,237
1411633,0,9,54,55,134,236
1411833,19,8,145,54,141,236
1412034,138,9,190,54,10,235
1412234,126,8,175,55,71,235
1412435,24,9,16,55,34,235
1412635,54,9,205,53,52,236
1412836,177,9,17,55,44,236
1413036,180,8,17,54,227,235
1413236,77,9,100,55,223,234
1413437,218,8,9,55,219,235
1413637,196,8,220,55,197,235
1413838,218,8,228,54,244,236
1414038,246,9,114,54,72,236
1414239,111,8,160,54,193,236
1414439,16,9,205,54,78,235
1414640,65,8,167,54,88,236
1414840,134,8,9,54,206,236
1415041,16,9,24,54,215,236
1415241,203,8,250,54,42,235
1415442,118,8,242,54,51,236
1415642,172,8,92,55,248,235
1415843,16,9,2,54,42,235
1416043,85,9,250,54,66,236
1416244,1,9,16,55,168,235
1416444,54,9,9,56,11,237
1416644,253,9,2,55,38,236
1416845,46,9,159,54,149,236
1417045,5,10,31,54,37,236
1417246,104,8,46,55,232,235
1417446,28,10,31,55,73,236
1417647,195,8,70,55,80,236
1417847,188,8,228,54,144,237
1418048,211,8,243,54,230,236
1418248,165,8,46,55,202,237
1418449,16,9,250,53,220,235
1418649,177,9,46,55,100,237
1418850,103,8,32,54,194,234
1419050,39,9,228,54,176,236
1419251,24,9,9,55,75,236
1419451,234,8,137,54,145,235
1419652,92,7,70,54,113,237
1419852,188,8,250,54,141,236
1420052,46,9,2,55,82,236
1420253,54,9,250,53,30,236
1420453,100,9,24,54,201,234
1420654,184,9,167,54,78,235
1420854,54,9,54,55,89,236
1421055,54,9,152,54,236,234
1421255,70,9,160,54,208,236
1421456,27,8,39,55,23,236
1421656,248,8,122,55,79,235
1421857,161,9,122,55,148,236
1422057,195,8,62,54,66,236
1422258,20,10,108,56,196,235
1422458,92,9,168,55,92,237
1422659,5,10,39,54,242,235
1422859,46,9,16,53,125,236
1423060,126,8,46,55,150,237
1423260,146,9,250,54,101,235
1423460,218,8,122,54,74,236
1423661,4,8,228,54,134,236
1423861,199,9,54,54,224,234
1424062,211,8,145,55,7,236
1424262,131,9,107,55,231,234
1424463,174,10,197,54,236,236
1424663,16,9,32,54,210,235
1424864,126,8,212,53,82,236
1425064,103,8,9,54,38,236
1425265,8,9,2,55,10,237
1425465,88,8,175,55,238,234
1425666,146,9,54,54,148,236
1425866,96,8,24,54,160,235
1426067,112,10,92,55,45,236
1426267,96,8,92,54,110,236
1426467,244,7,92,55,157,234
1426668,19,8,220,52,44,236
1426868,207,9,250,53,216,234
1427069,188,8,84,55,108,237
1427269,142,8,84,54,205,235
1427470,42,8,32,55,120,237
1427670,58,10,160,55,198,235
1427871,245,9,122,54,130,235
1428071,70,9,250,54,11,237
1428272,157,8,228,53,248,235
1428472,226,8,84,55,52,236
1428673,4,8,174,54,222,236
1428873,188,8,69,54,112,236
1429074,188,8,175,54,92,237
1429274,8,9,205,54,208,236
1429475,154,9,145,55,8,236
1429675,85,9,220,54,193,236
1429875,177,9,130,54,197,235
1430076,188,8,212,54,226,235
1430276,77,9,235,54,112,236
1430477,250,10,92,54,116,235
1430677,39,9,69,55,153,235
1430878,134,8,235,54,82,236
1431078,100,9,160,54,204,235
1431279,120,10,205,55,178,236
1431479,188,10,137,55,134,236
1431680,234,8,160,53,60,236
1431880,14,9,107,55,182,234
1432081,70,9,242,53,86,235
1432281,146,9,144,54,152,235
1432482,92,9,24,54,149,236
1432682,92,9,220,54,22,236
1432882,31,9,54,55,34,237
1433083,104,8,39,54,119,236
1433283,203,8,198,54,238,234
1433484,168,7,107,55,156,236
1433684,81,8,243,54,157,234
1433885,108,9,152,54,146,235
1434085,134,8,212,54,15,236
1434286,252,7,17,55,86,235
1434486,46,9,212,55,44,236
1434687,177,9,144,55,78,235
1434887,54,9,250,55,163,236
1435088,50,10,17,55,128,234
1435288,218,8,137,55,193,236
1435489,46,9,17,54,85,237
1435689,248,6,40,54,218,237
1435890,62,9,235,53,227,235
1436090,89,10,24,53,168,235
1436290,169,9,39,55,198,235
1436491,77,9,70,56,109,235
1436691,58,8,129,54,175,235
1436892,120,10,242,53,148,236
1437092,39,9,242,54,160,235
1437293,130,9,228,54,52,236
1437493,114,7,77,54,168,235
1437694,23,9,39,55,234,235
1437894,100,9,92,54,122,237
1438095,222,9,32,54,30,236
1438295,180,8,212,54,93,235
1438496,81,8,84,54,25,235
1438696,123,9,115,55,141,236
1438897,85,9,234,53,215,236
1439097,43,10,228,54,238,234
1439298,158,10,24,56,222,236
1439498,35,8,160,54,157,234
1439698,11,8,190,54,241,235
1439899,172,8,107,55,49,235
1440099,200,9,32,55,208,236
1440300,180,8,130,54,101,235
1440500,214,7,190,55,227,235
1440701,4,8,242,53,249,235
1440901,43,10,16,54,200,236
1441102,195,8,47,55,8,236
1441302,70,9,250,54,141,236
1441503,1,9,137,53,208,236
1441703,77,9,160,53,204,235
1441904,29,9,84,55,116,235
1442104,110,8,69,55,215,236
1442305,203,8,47,54,219,235
1442505,169,9,39,55,65,236
1442706,74,10,62,56,193,236
1442906,123,9,137,55,4,237
1443106,152,7,204,54,100,237
1443307,242,8,100,54,197,235
1443507,172,8,70,55,220,235
1443708,165,8,204,54,90,234
1443908,192,9,212,54,175,235
1444109,154,9,9,56,138,235
1444309,73,8,54,56,249,235
1444510,103,8,182,54,12,235
1444710,196,10,198,53,126,236
1444911,131,9,2,55,160,235
1445111,58,10,9,54,100,237
1445312,127,8,115,54,231,234
1445512,54,9,100,55,42,235
1445713,81,10,40,55,182,235
1445913,101,8,160,55,150,236
1446113,116,9,32,56,52,236
1446314,69,9,152,55,37,236
1446514,206,7,122,54,156,236
1446715,66,10,138,54,212,235
1446915,226,8,32,55,164,236
1447116,38,9,47,54,222,236
1447316,8,9,190,54,122,237
1447517,138,9,10,54,245,236
1447717,154,9,107,54,40,235
1447918,58,10,174,54,212,235
1448118,62,9,92,54,4,237
1448319,12,8,250,54,213,233
1448519,92,9,174,53,82,236
1448719,200,9,130,55,70,237
1448920,16,9,77,54,123,235
1449120,54,9,220,53,133,236
1449321,20,8,242,54,67,236
1449521,39,9,62,55,148,236
1449722,100,9,130,54,123,235
1449922,70,9,182,53,178,236
1450123,116,9,84,55,145,235
1450323,85,9,197,53,132,236
1450524,146,9,160,54,20,235
1450724,230,9,17,55,204,235
1450925,54,9,168,55,247,235
1451125,204,8,130,54,68,236
1451325,126,8,39,55,44,236
1451526,157,8,144,55,204,235
1451726,35,8,160,56,30,236
1451927,28,10,39,54,97,236
1452127,70,9,204,55,190,235
1452328,230,7,212,54,178,236
1452528,100,9,69,55,30,236
1452729,221,7,167,55,79,235
1452929,154,9,122,54,78,235
1453130,142,8,250,54,220,235
1453330,4,8,137,54,78,237
1453531,100,9,24,54,141,236
1453731,210,8,220,54,53,236
1453931,103,8,24,55,160,235
1454132,96,8,16,55,175,235
1454332,42,8,235,54,168,235
1454533,218,8,130,54,160,235
1454733,96,8,54,55,204,237
1454934,218,8,228,53,54,237
1455134,8,9,205,54,42,235
1455335,157,8,167,53,67,236
1455535,180,8,24,55,164,236
1455736,54,9,160,54,215,236
1455936,65,8,100,55,186,234
1456137,126,8,2,55,94,235
1456337,226,8,220,53,79,235
1456537,34,8,122,54,197,235
1456738,24,9,235,55,249,235
1456938,196,8,205,54,0,236
1457139,70,9,242,54,197,235
1457339,73,8,92,54,216,234
1457540,96,8,160,55,178,236
1457740,238,9,228,54,134,236
1457941,116,9,130,55,254,234
1458141,36,10,145,55,182,235
1458342,196,10,144,54,204,235
1458542,16,9,137,54,156,236
1458743,215,9,84,54,116,235
1458943,169,9,62,54,197,235
1459144,246,9,220,53,7,236
1459344,97,10,227,53,149,234
1459544,111,8,32,54,128,237
1459745,28,10,190,54,178,236
1459945,142,8,17,55,123,235
1460146,116,9,190,54,193,236
1460346,241,8,2,55,215,236
1460547,164,8,205,54,152,235
1460747,77,9,47,54,37,236
1460948,215,9,198,54,190,235
1461148,210,8,107,54,52,236
1461349,131,9,144,54,12,238
1461549,80,8,54,56,82,234
1461750,92,9,220,52,71,235
1461950,46,9,84,55,249,235
1462151,80,8,175,54,78,235
1462351,223,9,144,54,49,235
1462552,154,9,182,54,119,236
1462752,202,8,40,54,205,235
1462952,20,8,16,55,71,235
1463153,238,9,92,54,212,235
1463353,226,8,9,54,156,236
1463554,50,10,107,55,186,236
1463754,54,9,32,54,57,235
1463955,119,8,242,54,130,237
1464155,146,9,54,55,82,236
1464356,164,8,190,53,97,236
1464556,70,9,198,54,126,236
1464757,40,9,24,55,8,236
1464957,123,9,144,55,15,236
1465158,130,9,190,54,86,235
1465358,123,9,152,55,216,234
1465559,236,7,39,54,238,234
1465759,192,9,160,54,11,237
1465959,62,9,32,55,148,236
1466160,80,8,205,54,197,235
1466360,84,7,1,55,124,235
1466561,85,9,114,53,148,236
1466761,154,9,9,55,237,236
1466962,31,9,70,55,146,235
1467162,148,8,100,56,95,235
1467363,24,9,107,55,89,236
1467563,54,9,47,55,22,236
1467764,85,9,220,54,190,235
1467964,177,9,175,54,116,235
1468165,208,9,2,55,48,235
1468365,195,8,250,53,130,235
1468565,210,8,114,54,0,236
1468766,54,9,160,55,204,235
1468966,154,9,62,53,156,236
1469167,125,8,39,55,132,235
1469367,218,8,47,55,152,235
1469568,74,10,114,54,194,234
1469768,43,10,40,55,48,237
1469969,200,9,62,54,249,235
1470169,200,9,24,55,200,236
1470370,77,9,190,55,141,236
1470570,154,9,182,53,141,236
1470771,164,8,235,54,108,235
1470971,146,9,92,54,156,236
1471172,111,8,107,55,215,236
1471372,42,8,145,54,49,235
1471573,210,8,40,54,215,236
1471773,176,7,182,55,227,235
1471974,210,8,212,54,164,236
1472174,184,9,175,54,153,235
1472374,16,9,62,55,205,235
1472575,230,9,197,53,86,235
1472775,157,8,107,54,160,235
1472976,138,9,54,54,23,236
1473176,58,8,220,54,79,235
1473377,62,9,242,54,56,237
1473577,226,8,70,54,104,236
1473778,135,10,228,54,8,236
1473978,162,9,220,55,148,236
1474179,116,9,228,54,152,235
1474379,182,9,174,54,248,234
1474580,20,10,84,55,237,236
1474780,104,8,76,54,22,236
1474981,69,9,107,54,160,235
1475181,62,9,182,54,22,236
1475381,164,8,137,53,44,236
1475582,28,10,198,54,97,236
1475782,215,9,198,54,141,236
1475983,116,9,168,54,52,236
1476183,126,8,92,55,108,237
1476384,180,8,205,53,198,233
1476584,210,8,92,54,178,236
1476785,148,10,62,54,114,236
1476985,50,8,130,54,126,236
1477186,115,9,2,55,230,236
1477386,218,8,9,55,208,234
1477587,134,8,160,54,197,235
1477787,119,8,190,54,249,235
1477988,157,8,62,54,44,236
1478188,100,9,107,55,15,236
1478388,218,8,92,55,146,235
1478589,226,8,175,55,49,235
1478789,24,9,2,55,8,236
1478990,5,10,77,55,38,236
1479190,20,8,160,54,200,236
1479391,131,9,242,54,199,235
1479591,136,9,2,54,236,235
1479792,143,10,190,55,194,234
1479992,39,9,198,53,55,237
1480193,35,10,122,55,5,235
1480393,238,9,2,54,159,237
1480594,51,10,220,54,196,237
1480794,7,9,235,54,76,236
1480994,221,9,47,54,140,235
1481195,62,9,205,54,44,236
1481395,16,9,220,54,74,236
1481596,10,8,9,55,206,235
1481796,139,9,198,54,97,236
1481997,201,8,182,54,172,236
1482197,67,9,84,53,251,235
1482398,50,8,16,54,252,236
1482598,211,8,16,53,63,237
1482799,115,9,47,54,249,235
1482999,203,8,242,54,34,235
1483200,157,8,2,55,92,237
1483400,246,9,54,55,249,235
1483601,161,9,212,55,246,234
1483801,184,9,84,56,216,234
1484001,137,9,152,54,232,234
1484202,164,8,107,56,85,237
1484402,98,9,250,54,2,236
1484603,180,8,160,55,30,236
1484803,220,7,9,55,114,234
1485004,242,8,2,54,119,236
1485204,94,8,40,55,188,236
1485405,147,8,77,55,162,235
1485605,14,9,84,56,55,234
1485806,138,9,122,55,219,235
1486006,178,8,39,54,98,236
1486207,90,7,92,55,172,236
1486407,147,8,92,54,17,236
1486607,133,10,2,55,233,234
1486808,138,9,175,54,152,235
1487008,132,8,32,55,76,236
1487209,131,9,190,54,112,236
1487409,83,9,152,55,47,236
1487610,94,10,62,55,8,238
1487810,80,10,205,54,54,236
1488011,58,8,46,55,71,235
1488211,176,9,190,54,67,236
1488412,215,9,182,55,16,234
1488612,44,10,198,59,250,233
1488813,184,9,206,55,22,236
1489013,112,10,205,54,12,235
1489213,176,9,17,54,178,236
1489414,31,9,77,55,190,235
1489614,42,8,198,53,222,236
1489815,80,8,24,54,193,236
1490015,103,8,16,54,42,235
1490216,90,9,144,54,18,236
1490416,70,9,160,54,108,235
1490617,54,9,16,54,37,236
1490817,84,9,84,55,134,236
1491018,60,9,182,54,125,235
1491218,100,9,145,58,104,236
1491419,237,7,62,54,249,235
1491619,54,9,46,54,171,236
1491820,210,8,17,54,190,235
1492020,4,8,122,55,134,236
1492220,184,9,92,55,119,236
1492421,131,9,54,55,108,235
1492621,180,8,175,54,238,236
1492822,200,9,250,54,41,237
1493022,242,8,62,54,249,235
1493223,100,9,2,55,79,235
1493423,93,9,235,53,119,236
1493624,188,8,190,53,138,235
1493824,161,9,2,55,245,236
1494025,146,9,70,54,134,234
1494225,36,10,115,55,160,235
1494426,108,9,84,53,151,237
1494626,188,8,130,54,44,236
1494826,135,10,174,54,49,235
1495027,138,9,39,54,97,236
1495227,4,8,152,54,182,235
1495428,134,8,152,54,252,236
1495628,218,8,100,55,15,236
1495829,175,7,92,54,211,237
1496029,241,8,107,55,104,236
1496230,172,8,84,55,197,235
1496430,7,7,190,53,222,236
1496631,210,8,122,54,134,236
1496831,241,8,152,53,119,236
1497032,4,8,9,54,164,236
1497232,241,8,250,54,104,236
1497433,248,8,69,54,163,236
1497633,142,8,137,54,168,235
1497833,39,9,138,55,50,235
1498034,108,9,212,53,89,236
1498234,28,10,17,56,30,236
1498435,100,9,197,54,142,236
1498635,39,9,137,55,8,236
1498836,158,10,122,55,134,236
1499036,154,9,167,54,175,235
1499237,146,9,235,54,193,236
1499437,241,8,175,54,233,237
1499638,199,9,197,54,141,236
1499838,218,8,228,55,130,235
1500039,180,8,32,55,166,237
1500239,46,9,212,54,108,235
1500439,150,8,24,54,249,235
1500640,177,9,107,55,82,236
1500840,188,8,129,54,174,237
1501041,183,7,212,53,115,237
1501241,88,8,10,54,120,236
1501442,172,8,2,55,93,237
1501642,139,9,16,54,156,236
1501843,154,9,250,56,114,237
1502043,208,9,107,56,60,236
1502244,130,9,9,54,160,235
1502444,165,8,145,55,168,235
1502645,215,9,160,55,252,236
1502845,246,9,100,58,168,235
1503045,8,9,227,53,101,235
1503246,158,10,137,55,130,235
1503446,74,10,54,54,5,235
1503647,180,8,46,55,219,235
1503847,214,7,47,55,12,235
1504048,238,9,197,53,196,237
1504248,196,8,220,54,71,235
1504449,92,9,39,54,38,236
1504649,92,7,100,54,190,235
1504850,226,8,152,54,26,237
1505050,154,9,47,55,108,235
1505251,0,9,24,54,119,236
1505451,70,9,92,54,160,235
1505651,226,10,242,53,92,237
1505852,46,9,250,54,26,237
1506052,226,8,220,53,82,236
1506253,116,9,152,54,96,236
1506453,196,8,62,54,205,235
1506654,36,10,242,54,30,236
1506854,92,9,144,55,200,236
1507055,20,10,236,54,90,236
1507255,92,9,85,54,34,235
1507456,123,9,122,54,239,234
1507656,131,9,62,55,60,236
1507857,51,10,24,55,252,236
1508057,180,8,100,55,138,235
1508258,222,9,182,54,104,236
1508458,246,9,235,54,93,235
1508658,20,10,99,54,60,236
1508859,203,8,235,53,15,236
1509059,91,7,54,54,200,236
1509260,176,9,160,54,145,235
1509460,104,10,9,56,219,235
1509661,204,10,40,54,42,235
1509861,138,9,9,55,253,234
1510062,138,9,70,54,8,236
1510262,8,9,107,54,86,235
1510463,96,8,250,54,208,236
1510663,180,8,107,56,86,235
1510864,249,8,122,55,171,236
1511064,164,8,220,53,204,235
1511264,5,10,160,53,219,235
1511465,155,8,47,54,195,236
1511665,69,9,122,53,22,236
1511866,28,10,197,54,60,236
1512066,110,8,190,54,186,236
1512267,103,8,228,54,249,235
1512467,237,7,122,53,156,236
1512668,204,8,2,54,78,237
1512868,166,10,145,54,228,236
1513069,177,9,32,56,222,236
1513269,35,10,190,54,64,235
1513470,35,10,145,54,212,235
1513670,42,8,145,54,141,236
1513871,111,8,122,55,130,235
1514071,172,8,190,55,37,236
1514271,0,9,130,54,104,236
1514472,177,9,100,55,86,235
1514672,46,9,152,54,21,236
1514873,70,9,152,55,252,234
1515073,16,9,32,55,38,236
1515274,191,7,167,53,130,235
1515474,62,9,69,55,126,236
1515675,188,8,160,55,219,235
1515875,66,10,9,56,148,236
1516076,161,9,243,54,74,236
1516276,96,10,100,54,8,236
1516476,31,9,205,53,208,236
1516677,108,9,62,55,12,235
1516877,154,9,24,55,197,235
1517078,150,8,137,55,197,235
1517278,149,8,175,54,1,236
1517479,246,9,54,55,104,236
1517679,142,8,85,55,64,235
1517880,115,9,190,53,22,236
1518080,176,9,47,55,182,235
1518281,234,8,130,55,237,236
1518481,46,9,16,55,35,236
1518682,143,10,10,56,112,236
1518882,42,8,250,53,64,235
1519083,46,9,129,53,11,237
1519283,46,9,235,54,138,235
1519483,20,8,92,55,234,235
1519684,149,8,182,53,123,235
1519884,226,8,235,54,186,234
1520085,12,10,54,55,116,235
1520285,207,9,77,54,52,236
1520486,24,9,107,54,193,236
1520686,62,9,9,55,8,236
1520887,128,10,92,55,132,236
1521087,230,7,2,54,19,235
1521288,100,9,100,54,226,235
1521488,230,9,174,54,178,236
1521689,169,9,212,54,33,237
1521889,200,9,100,54,4,237
1522089,58,8,76,55,197,235
1522290,16,9,160,54,242,235
1522490,116,9,197,53,36,234
1522691,73,8,205,54,192,236
1522891,138,9,108,54,86,235
1523092,212,10,198,53,20,235
1523292,252,7,175,53,168,235
1523493,100,9,84,55,42,235
1523693,162,9,235,55,122,235
1523894,180,8,17,54,170,236
1524094,184,9,114,54,106,235
1524295,108,9,190,54,152,235
1524495,215,9,130,56,32,235
1524696,188,8,47,56,9,237
1524896,81,8,2,56,37,236
1525096,200,9,220,55,82,236
1525297,203,8,145,54,244,236
1525497,254,9,9,55,97,236
1525698,211,8,114,55,25,235
1525898,92,7,40,54,210,235
1526099,39,9,122,57,242,235
1526299,82,10,122,54,146,236
1526500,161,9,144,53,9,237
1526700,96,8,220,55,224,234
1526901,222,7,250,53,223,234
1527101,203,8,39,54,62,235
1527302,177,9,145,54,8,236
1527502,215,9,41,55,223,235
1527702,233,8,145,54,158,237
1527903,203,8,62,54,114,237
1528103,195,8,205,55,184,234
1528304,62,9,182,55,205,235
1528504,103,8,107,54,41,237
1528705,115,9,182,53,40,235
1528905,160,7,212,53,112,236
1529106,200,9,212,55,163,236
1529306,127,10,162,54,31,235
1529507,246,9,24,55,40,235
1529707,39,9,160,54,118,236
1529908,12,8,9,54,92,235
1530108,149,8,212,53,70,237
1530308,180,8,85,54,23,236
1530509,195,8,130,54,97,236
1530709,88,8,137,53,38,236
1530910,202,8,54,55,164,236
1531110,126,8,160,55,226,237
1531311,20,10,47,55,10,235
1531511,154,9,190,54,227,235
1531712,62,9,47,57,202,235
1531912,169,9,160,54,68,237
1532113,180,8,77,54,112,236
1532313,212,10,250,53,14,236
1532514,130,9,167,54,202,235
1532714,173,10,152,54,212,235
1532914,112,10,205,53,230,236
1533115,108,9,190,55,199,236
1533315,196,8,24,55,247,235
1533516,43,10,17,55,3,235
1533716,24,9,212,54,170,236
1533917,188,8,17,55,9,237
1534117,66,10,32,54,174,235
1534318,85,9,107,54,173,235
1534518,130,9,212,55,64,235
1534719,210,8,54,55,219,235
1534919,172,8,62,55,218,235
1535120,142,8,145,55,6,236
1535320,39,9,92,54,124,236
1535521,192,9,160,55,180,235
1535721,123,9,205,55,104,236
1535921,161,9,197,53,47,235
1536122,66,10,54,54,226,235
1536322,244,7,69,55,242,235
1536523,249,8,100,54,0,236
1536723,146,9,79,55,216,235
1536924,84,9,115,55,24,237
1537124,108,9,169,54,156,235
1537325,138,9,235,53,198,236
1537525,218,8,182,54,178,234
1537726,246,9,2,54,148,236
1537926,62,9,2,55,70,235
1538127,210,8,2,55,231,234
1538327,96,8,34,56,248,236
1538527,180,8,169,53,19,236
1538728,27,8,197,54,214,234
1538928,238,9,84,53,29,236
1539129,249,8,94,53,4,236
1539329,249,8,54,55,22,234
1539530,59,10,79,55,49,236
1539730,203,8,228,55,73,236
1539931,54,9,250,54,6,236
1540131,180,10,198,53,82,236
1540332,16,9,76,55,12,235
1540532,31,9,122,54,120,237
1540733,131,9,32,54,194,237
1540933,249,8,54,55,97,236
1541133,249,8,62,55,129,235
1541334,241,8,235,53,102,236
1541534,27,8,115,53,80,234
1541735,154,9,220,53,10,235
1541935,66,10,228,54,160,235
1542136,0,9,77,54,166,235
1542336,115,9,212,54,28,236
1542537,111,8,92,55,90,237
1542737,157,8,184,55,120,235
1542938,51,10,100,55,147,236
1543138,38,9,184,54,170,237
1543339,0,9,160,54,158,235
1543539,230,9,235,54,117,236
1543739,138,9,182,53,28,236
1543940,123,9,137,55,244,234
1544140,39,9,122,54,149,234
1544341,222,9,86,54,204,236
1544541,16,9,222,56,19,236
1544742,238,9,87,55,212,236
1544942,115,9,2,55,237,236
1545143,173,10,106,54,104,236
1545343,122,7,250,52,248,235
1545544,108,9,54,55,153,235
1545744,62,9,47,55,44,236
1545945,50,8,250,54,42,235
1546145,178,11,99,55,44,234
1546345,158,10,41,54,1,235
1546546,198,7,31,54,131,235
1546746,206,7,130,54,52,236
1546947,92,9,122,55,164,234
1547147,51,10,212,54,67,236
1547348,20,10,242,53,125,236
1547548,154,9,152,55,104,236
1547749,8,9,174,54,8,236
1547949,203,8,182,54,100,237
1548150,82,10,54,54,28,236
1548350,138,7,137,55,128,237
1548551,226,8,47,55,72,235
1548751,192,9,182,54,191,236
1548952,32,9,220,54,162,236
1549152,104,8,92,54,188,235
1549352,85,9,235,53,158,235
1549553,116,9,250,53,84,235
1549753,180,8,2,54,12,235
1549954,16,9,2,55,95,236
1550154,202,8,54,55,3,235
1550355,100,9,242,53,186,236
1550555,92,9,77,56,197,235
1550756,111,8,205,54,141,236
1550956,35,10,32,56,121,235
1551157,119,8,62,55,76,237
1551357,16,9,17,54,18,237
1551558,92,9,167,53,120,237
1551758,234,8,242,53,236,236
1551958,149,8,228,55,144,237
1552159,123,9,16,55,176,236
1552359,47,9,54,55,94,235
1552560,222,9,24,55,50,236
1552760,97,10,190,54,236,236
1552961,231,11,175,54,197,235
1553161,169,9,220,54,185,236
1553362,62,9,114,55,52,236
1553562,100,9,62,54,90,236
1553763,146,9,85,56,233,235
1553963,238,9,152,56,106,235
1554164,62,9,167,55,184,236
1554364,134,8,9,54,220,236
1554564,38,7,32,55,125,236
1554765,24,9,227,54,193,236
1554965,96,8,137,54,94,235
1555166,85,9,167,54,136,235
1555366,51,10,54,55,79,235
1555567,229,7,228,53,14,236
1555767,8,9,84,54,58,236
1555968,116,9,92,55,144,235
1556168,234,8,182,54,181,235
1556369,177,9,34,56,201,235
1556569,207,9,152,53,206,236
1556770,34,8,160,54,194,234
1556970,123,9,137,54,36,236
1557171,104,10,107,54,102,236
1557371,157,8,167,53,26,237
1557571,234,8,129,54,132,236
1557772,92,9,47,54,114,235
1557972,172,8,144,54,151,235
1558173,24,9,56,54,100,236
1558373,244,7,32,54,140,236
1558574,192,9,62,55,196,235
1558774,119,8,86,54,211,236
1558975,196,8,77,54,162,234
1559175,76,9,137,54,247,235
1559376,192,7,115,55,4,237
1559576,12,10,84,55,174,235
1559777,202,8,109,55,142,235
1559977,62,9,160,56,197,235
1560177,46,9,34,54,56,236
1560378,4,10,17,56,248,235
1560578,127,10,198,55,134,236
1560779,8,9,168,54,9,237
1560979,226,8,152,55,102,236
1561180,254,9,138,55,184,234
1561380,0,9,107,55,111,236
1561581,196,10,62,55,2,237
1561781,12,8,122,54,121,235
1561982,124,9,167,54,174,235
1562182,120,10,242,53,40,235
1562382,61,9,78,54,16,235
1562583,119,8,54,54,106,237
1562783,172,8,92,57,80,236
1562984,39,9,152,54,153,235
1563184,254,9,114,55,96,236
1563385,84,7,16,55,66,236
1563585,76,9,9,54,55,237
1563786,223,9,175,54,250,236
1563986,169,9,198,55,176,236
1564187,116,9,250,55,104,236
1564387,198,7,205,53,41,235
1564588,50,8,17,55,89,236
1564788,54,9,198,55,23,236
1564989,46,9,235,54,197,235
1565189,119,8,122,55,0,236
1565389,8,9,32,55,242,235
1565590,196,8,212,54,104,236
1565790,8,9,190,54,196,235
1565991,208,9,9,54,6,236
1566191,218,8,250,53,119,236
1566392,150,8,77,53,8,236
1566592,72,8,32,56,104,236
1566793,226,8,17,55,74,238
1566993,192,9,190,55,138,235
1567194,198,7,47,54,62,235
1567394,203,8,205,53,112,236
1567595,24,9,85,55,11,237
1567795,242,8,228,53,157,237
1567996,192,9,162,55,208,235
1568196,199,9,235,54,123,235
1568396,138,9,102,54,86,236
1568597,226,8,92,55,166,235
1568797,78,9,70,54,176,236
1568998,226,8,54,55,225,235
1569198,131,9,2,55,30,236
1569399,207,9,205,54,34,237
1569599,111,8,145,54,249,235
1569800,58,8,107,54,40,235
1570000,169,9,152,54,43,236
1570201,210,8,205,54,99,235
1570401,241,8,2,56,43,236
1570602,80,8,54,55,88,234
1570802,115,9,2,55,249,235
1571003,59,10,85,54,96,236
1571203,1,9,167,54,123,235
1571403,161,9,197,53,193,236
1571604,58,8,32,55,112,236
1571804,77,9,137,55,8,236
1572005,16,9,228,53,201,234
1572205,165,8,212,53,88,236
1572406,81,8,220,54,213,236
1572606,126,8,152,53,189,237
1572807,84,9,92,54,234,235
1573007,196,8,228,54,212,235
1573208,28,10,107,55,2,235
1573408,31,9,145,53,98,237
1573609,195,8,137,54,246,234
1573809,229,7,24,55,144,235
1574010,157,8,160,54,99,235
1574210,58,10,160,53,138,235
1574410,184,9,212,55,8,236
1574611,200,9,242,55,240,235
1574811,28,10,2,55,49,235
1575012,104,8,107,53,212,235
1575212,115,9,138,55,84,235
1575413,92,9,205,53,129,235
1575613,104,8,62,55,12,235
1575814,80,8,34,54,26,236
1576014,180,8,62,55,75,236
1576215,124,9,86,54,115,236
1576415,54,9,114,55,208,234
1576616,27,8,24,55,177,234
1576816,249,8,92,55,147,236
1577016,58,10,114,55,112,236
1577217,8,9,174,54,117,236
1577417,203,8,250,53,231,234
1577618,195,8,250,53,176,236
1577818,176,9,100,55,78,235
1578019,150,10,197,54,45,236
1578219,195,8,84,55,177,236
1578420,230,9,47,54,156,236
1578620,207,9,182,54,106,235
1578821,200,9,47,55,143,235
1579021,189,10,69,55,226,235
1579222,112,10,198,54,213,236
1579422,85,9,114,54,226,235
1579622,31,9,16,54,163,236
1579823,39,9,54,54,71,235
1580023,203,8,243,53,175,235
1580224,164,6,85,54,182,235
1580424,54,9,250,53,18,237
1580625,62,9,243,56,173,235
1580825,254,9,100,54,37,236
1581026,188,8,198,54,50,236
1581226,16,9,62,54,173,235
1581427,172,8,145,54,191,236
1581627,131,9,212,55,118,236
1581828,38,9,77,55,90,236
1582028,242,8,54,56,203,235
1582228,123,9,70,56,228,236
1582429,204,10,182,54,119,236
1582629,180,8,152,55,90,236
1582830,242,8,77,54,86,235
1583030,120,10,2,55,100,235
1583231,38,9,174,56,154,236
1583431,253,9,62,55,166,237
1583632,103,8,62,53,6,236
1583832,192,9,205,53,124,236
1584033,28,10,235,55,88,236
1584233,100,9,250,54,62,235
1584434,20,10,70,55,94,235
1584634,161,9,137,54,160,235
1584835,90,10,115,55,247,235
1585035,70,9,198,54,121,235
1585236,24,9,174,54,181,235
1585436,180,8,9,55,17,237
1585636,108,9,24,56,70,235
1585837,46,9,39,55,210,235
1586037,24,9,220,54,40,235
1586238,119,8,62,55,48,237
1586438,122,9,160,54,151,235
1586639,164,8,198,54,225,235
1586839,19,8,152,54,203,235
1587040,168,7,114,54,20,235
1587240,104,8,1,54,100,237
1587441,195,8,46,54,127,234
1587641,215,9,122,54,234,235
1587842,88,8,227,54,230,236
1588042,237,7,100,55,171,236
1588242,157,8,175,54,169,236
1588443,4,10,130,54,44,236
1588643,8,9,175,54,129,235
1588844,1,9,62,54,26,237
1589044,23,9,54,54,74,236
1589245,20,10,242,53,112,236
1589445,39,9,190,54,64,235
1589646,150,8,84,54,49,235
1589846,160,7,228,54,28,236
1590047,32,9,175,55,247,235
1590247,16,9,2,55,19,235
1590448,226,8,9,55,38,236
1590648,176,9,54,55,34,235
1590849,39,9,152,53,150,234
1591049,253,9,152,54,75,234
1591249,134,8,114,55,73,236
1591450,226,8,145,55,182,235
1591650,100,9,107,54,166,235
1591851,177,9,167,55,93,235
1592051,72,8,160,55,86,235
1592252,218,8,250,53,70,235
1592452,192,9,24,54,219,235
1592653,54,9,32,55,38,236
1592853,31,9,62,56,44,236
1593054,222,9,107,54,25,235
1593254,180,8,54,53,123,235
1593455,36,10,220,53,182,235
1593655,184,9,114,54,23,236
1593855,116,9,24,54,43,236
1594056,34,8,99,55,27,235
1594256,138,9,9,55,58,236
1594457,157,8,190,53,216,236
1594657,126,8,107,55,138,235
1594858,62,9,235,55,208,236
1595058,96,8,197,54,244,236
1595259,138,9,190,54,222,236
1595459,39,9,137,54,240,235
1595660,158,10,197,54,134,236
1595860,123,9,220,55,169,236
1596061,210,8,84,55,41,237
1596261,62,9,62,55,22,236
1596462,164,8,32,55,64,235
1596662,46,9,152,55,180,235
1596862,31,9,152,55,124,236
1597063,46,9,46,55,60,236
1597263,85,9,107,55,134,236
1597464,1,9,24,54,157,237
1597664,150,8,237,55,93,236
1597865,157,8,114,55,8,236
1598065,136,10,2,54,180,235
1598266,36,10,197,54,195,235
1598466,234,8,168,54,102,236
1598667,36,10,77,54,232,235
1598867,192,9,137,54,164,236
1599068,100,9,54,54,188,235
1599268,238,9,197,54,84,235
1599468,35,10,100,55,240,235
1599669,24,9,114,55,88,236
1599869,70,9,242,53,97,236
1600070,146,9,175,53,174,235
1600270,138,9,243,53,22,234
1600471,146,9,32,55,104,236
1600671,226,8,160,54,208,234
1600872,172,8,2,56,112,236
1601072,188,8,47,56,114,235
1601273,207,9,190,54,59,234
1601473,158,10,205,54,92,235
1601674,146,9,250,55,19,235
1601874,50,8,250,54,45,236
1602075,66,10,39,54,243,236
1602275,46,9,137,54,88,236
1602475,92,9,175,54,180,235
1602676,146,9,235,54,104,236
1602876,12,8,24,56,164,234
1603077,77,9,167,53,74,236
1603277,99,7,167,54,210,235
1603478,39,9,70,56,88,234
1603678,123,9,9,55,55,235
1603879,172,8,250,53,136,235
1604079,169,9,77,55,96,234
1604280,169,9,84,54,249,235
1604480,62,9,228,54,118,236
1604680,130,9,99,54,74,236
1604881,226,8,62,55,178,236
1605081,248,8,152,55,15,236
1605282,36,10,32,55,60,234
1605482,62,9,1,55,119,236
1605683,200,9,250,54,212,235
1605883,108,9,32,55,65,236
1606084,192,9,220,54,67,236
1606284,157,8,182,54,86,235
1606485,214,9,175,54,89,236
1606685,85,9,235,54,168,235
1606886,23,9,47,55,8,236
1607086,100,9,39,55,112,236
1607286,150,10,70,55,200,236
1607487,74,10,228,55,60,236
1607687,191,7,182,54,171,236
1607888,100,9,167,54,0,236
1608088,103,8,242,56,178,236
1608289,54,9,70,55,12,235
1608489,123,9,182,54,133,236
1608690,100,9,24,55,178,236
1608890,230,9,250,53,101,235
1609091,72,8,130,55,176,236
1609291,85,9,100,54,77,235
1609492,19,8,235,55,52,236
1609692,207,9,159,53,8,236
1609892,88,8,114,54,134,236
1610093,46,9,10,56,52,236
1610293,0,9,122,55,101,235
1610494,206,7,212,54,30,236
1610694,108,9,47,56,168,235
1610895,108,9,24,55,197,235
1611095,249,8,70,55,138,235
1611296,206,7,16,55,190,235
1611496,1,9,84,55,105,234
1611697,214,7,175,56,123,235
1611897,222,9,24,55,51,236
1612098,169,9,160,55,152,235
1612298,142,8,70,55,0,236
1612498,126,8,2,54,230,236
1612699,32,9,9,54,119,236
1612899,199,7,100,54,173,235
1613100,146,9,39,55,207,234
1613300,42,8,9,54,124,236
1613501,169,9,62,54,41,235
1613701,50,10,130,54,93,235
1613902,226,8,92,54,166,237
1614102,250,10,24,55,219,235
1614303,126,8,205,54,252,236
1614503,39,9,8,55,86,235
1614704,253,9,100,55,230,234
1614904,215,9,212,55,52,236
1615105,28,10,242,54,49,235
1615305,249,8,114,53,122,237
1615505,195,8,114,54,70,237
1615706,131,9,137,54,89,236
1615906,192,9,144,54,200,236
1616107,142,8,205,55,89,236
1616307,31,9,175,54,166,235
1616508,119,8,144,54,219,235
1616708,24,9,47,54,8,236
1616909,39,9,9,55,246,234
1617109,215,9,145,56,226,235
1617310,0,9,235,56,115,235
1617510,0,9,69,53,52,236
1617710,92,9,2,56,83,234
1617911,176,9,2,54,134,236
1618111,164,8,2,55,15,236
1618312,73,8,152,54,60,236
1618512,226,8,84,54,4,237
1618713,146,9,212,53,186,236
1618913,238,9,46,55,30,236
1619114,150,10,152,55,41,235
1619314,142,8,205,55,77,235
1619515,198,7,243,55,160,235
1619715,73,8,220,54,160,235
1619916,111,8,167,53,110,236
1620116,188,8,114,55,4,237
1620317,188,8,152,55,18,237
1620517,192,9,9,55,215,236
1620717,16,9,190,55,123,235
1620918,38,9,152,54,94,235
1621118,184,9,250,53,162,236
1621319,8,9,204,54,102,236
1621519,198,7,84,55,190,235
1621720,161,9,122,54,0,236
1621920,16,9,47,54,114,235
1622121,195,8,175,54,48,237
1622321,103,8,16,55,8,236
1622522,108,9,130,54,254,235
1622722,134,8,167,54,185,238
1622923,130,9,24,56,18,237
1623123,54,9,2,54,20,236
1623323,51,10,235,54,108,237
1623524,39,9,228,54,159,237
1623724,39,9,160,54,116,235
1623925,230,9,84,55,56,235
1624125,77,9,9,54,53,234
1624326,24,9,160,55,167,235
1624526,92,9,114,54,89,236
1624727,111,8,182,55,116,235
1624927,8,9,242,54,140,236
1625128,92,9,250,55,97,236
1625328,108,9,39,55,119,236
1625529,142,8,205,55,201,236
1625729,24,9,9,55,164,234
1625930,203,8,182,55,130,235
1626130,0,9,197,54,186,236
1626331,157,8,122,53,145,235
1626531,252,7,182,54,242,235
1626731,123,9,62,53,82,236
1626932,19,8,167,54,108,235
1627132,226,8,205,54,126,236
1627333,36,10,47,55,0,236
1627533,65,8,122,54,208,236
1627734,0,9,2,56,204,235
1627934,210,8,145,54,171,236
1628135,106,9,70,54,47,236
1628335,234,8,212,54,26,237
1628536,238,9,220,54,156,236
1628736,162,9,92,55,203,235
1628937,70,9,168,54,22,236
1629137,138,9,235,54,30,236
1629338,1,9,46,54,160,235
1629538,142,8,122,54,30,236
1629739,111,8,84,55,89,236
1629939,234,8,205,54,182,235
1630139,138,9,2,55,108,235
1630340,248,8,144,55,218,237
1630540,38,9,205,54,145,235
1630741,146,9,250,54,153,235
1630941,5,10,197,54,115,235
1631142,204,8,182,54,255,237
1631342,195,8,16,54,0,236
1631543,77,9,167,54,30,236
1631743,12,10,144,54,19,235
1631944,206,7,84,54,224,234
1632144,233,6,130,54,16,236
1632345,203,8,167,54,227,235
1632545,19,8,137,55,96,236
1632745,158,8,84,55,171,236
1632946,108,9,54,54,67,236
1633146,192,9,39,55,227,235
1633347,134,8,99,55,156,236
1633547,213,9,114,55,120,236
1633748,154,9,212,54,127,236
1633948,242,8,24,55,146,235
1634149,116,9,77,55,23,236
1634349,192,9,160,54,52,236
1634550,176,9,235,53,52,236
1634750,154,9,167,54,94,235
1634951,230,7,235,53,74,236
1635151,108,9,228,54,175,235
1635352,184,9,115,54,212,235
1635552,108,9,100,54,182,235
1635752,172,8,174,55,18,237
1635953,223,9,130,54,116,235
1636153,207,9,62,55,85,237
1636354,211,8,160,54,118,236
1636554,102,8,85,55,173,236
1636755,138,9,160,54,208,236
1636955,210,8,107,53,64,235
1637156,47,9,129,54,122,237
1637356,249,8,70,55,148,236
1637557,20,8,205,54,59,236
1637757,104,8,137,55,63,237
1637958,140,10,1,55,5,237
1638158,16,9,190,54,74,236
1638358,92,9,84,54,11,237
1638559,85,9,84,55,60,236
1638759,27,8,242,53,250,235
1638960,16,9,145,54,60,236
1639160,188,10,235,55,197,235
1639361,177,9,9,54,249,235
1639561,234,8,32,55,30,236
1639762,85,9,167,54,123,235
1639962,188,8,17,54,22,236
1640163,160,7,175,54,212,235
1640363,81,10,24,54,67,236
1640564,116,9,167,54,178,236
1640764,50,8,250,54,249,235
1640964,54,9,40,55,178,236
1641165,24,9,122,54,134,236
1641365,142,8,250,54,175,235
1641566,189,10,1,53,30,236
1641766,246,9,122,54,71,235
1641967,242,8,174,55,219,235
1642167,227,10,235,54,27,235
1642368,88,8,137,55,156,236
1642568,111,8,228,56,27,235
1642769,192,9,17,55,212,235
1642969,237,7,114,54,48,235
1643170,47,9,92,54,178,236
1643370,154,9,99,54,119,236
1643571,31,9,62,54,8,236
1643771,112,10,70,55,220,235
1643971,16,9,212,54,115,237
1644172,92,9,24,55,93,235
1644372,88,8,84,55,237,236
1644573,142,8,107,54,104,236
1644773,184,9,39,55,74,236
1644974,249,8,32,55,219,235
1645174,123,9,114,53,38,236
1645375,150,8,228,54,164,236
1645575,142,8,198,54,20,235
1645776,92,9,228,54,130,235
1645976,104,8,39,55,111,236
1646177,170,8,100,54,244,235
1646377,92,9,212,53,15,236
1646577,100,9,84,54,197,235
1646778,134,8,250,54,234,235
1646978,70,9,107,55,130,235
1647179,142,8,197,54,104,236
1647379,31,9,220,54,212,235
1647580,242,8,114,56,34,235
1647780,36,10,47,55,242,235
1647981,230,9,243,53,148,236
1648181,203,8,39,54,112,236
1648382,85,9,182,54,56,237
1648582,207,9,39,55,12,235
1648783,119,8,39,56,222,236
1648983,221,7,16,55,64,235
1649183,89,10,235,54,30,236
1649384,47,9,250,54,182,235
1649584,210,8,100,54,119,236
1649785,119,8,76,53,234,235
1649985,92,9,204,54,34,237
1650186,198,7,227,54,111,236
1650386,88,8,144,56,49,235
1650587,77,9,115,55,5,235
1650787,234,8,190,53,219,235
1650988,230,9,32,55,249,235
1651188,118,8,39,55,168,235
1651389,180,8,197,55,93,235
1651589,226,8,250,53,53,236
1651789,254,8,114,54,116,237
1651990,230,9,160,54,52,236
1652190,241,8,92,55,4,237
1652391,176,9,99,55,160,235
1652591,246,9,122,53,224,234
1652792,215,9,212,55,97,236
1652992,77,9,114,55,109,235
1653193,245,7,220,55,108,237
1653393,253,9,107,54,219,235
1653594,80,8,130,54,67,236
1653794,92,9,175,54,249,235
1653995,252,7,160,54,38,236
1654195,195,8,182,55,219,235
1654396,103,8,2,55,60,236
1654596,16,9,137,53,46,234
1654796,242,8,227,53,49,235
1654997,20,10,205,54,208,236
1655197,249,8,100,54,175,235
1655398,246,9,32,55,248,235
1655598,92,9,77,55,255,237
1655799,27,8,77,54,193,236
1655999,184,7,182,54,224,234
1656200,77,9,160,54,56,235
1656400,39,9,122,55,93,235
1656601,234,8,2,54,226,235
1656801,121,9,227,54,30,236
1657002,218,8,198,55,96,236
1657202,180,8,69,53,111,236
1657403,192,9,160,55,168,235
1657603,184,9,130,54,120,234
1657804,176,7,84,54,182,235
1658004,123,9,190,54,12,235
1658204,230,9,190,55,22,236
1658405,141,8,167,54,16,236
1658605,246,9,70,54,90,236
1658806,88,8,190,54,178,236
1659006,164,8,77,55,129,237
1659207,108,9,167,54,8,236
1659407,180,8,174,54,159,237
1659608,146,9,77,54,37,236
1659808,249,8,190,55,49,235
1660009,81,10,235,54,74,236
1660209,32,9,70,55,216,234
1660410,180,8,205,54,44,236
1660610,188,10,160,54,194,234
1660810,20,8,220,53,189,237
1661011,233,8,100,55,179,234
1661211,180,8,144,54,249,235
1661412,5,10,228,53,227,235
1661612,226,10,175,54,93,235
1661813,169,9,24,55,67,236
1662013,208,9,235,55,226,235
1662214,0,9,198,55,52,236
1662414,138,9,84,54,74,236
1662615,122,9,167,53,89,236
1662815,85,9,236,55,78,237
1663016,27,8,114,54,168,235
1663216,24,9,250,54,104,236
1663416,180,8,9,55,0,236
1663617,184,9,205,54,153,235
1663817,16,9,1,55,108,235
1664018,161,9,69,54,66,236
1664218,80,8,69,54,222,236
1664419,168,7,62,55,146,235
1664619,111,8,220,54,219,235
1664820,220,7,17,54,177,235
1665020,34,10,137,54,242,237
1665221,123,9,100,53,82,236
1665421,73,8,197,53,0,236
1665621,66,10,130,54,45,236
1665822,134,8,212,54,8,236
1666022,241,8,130,53,134,236
1666223,210,8,1,55,4,237
1666423,104,8,32,53,237,236
1666624,54,9,62,54,137,237
1666824,131,9,242,54,252,236
1667025,192,9,152,54,26,235
1667225,40,8,2,55,24,236
1667426,92,9,47,55,190,235
1667626,139,9,122,54,186,236
1667826,216,9,198,54,110,238
1668027,28,10,160,53,100,237
1668227,169,9,100,55,94,235
1668428,146,9,205,54,156,234
1668628,169,9,235,55,204,235
1668829,176,9,152,54,208,236
1669029,54,9,77,56,123,235
1669230,149,8,130,54,202,234
1669430,192,9,242,54,148,236
1669631,169,9,174,53,0,236
1669831,50,8,205,54,8,236
1670032,195,8,174,54,56,235
1670232,146,9,197,55,134,236
1670433,219,10,235,54,182,235
1670633,178,8,47,56,39,236
1670833,244,7,174,55,126,236
1671034,216,8,204,54,54,236
1671234,172,8,54,55,123,235
1671435,222,9,175,53,168,235
1671635,54,9,122,54,52,236
1671836,180,8,54,55,70,237
1672036,119,8,212,52,120,234
1672237,75,9,47,55,58,235
1672437,218,8,197,54,72,235
1672638,16,9,84,54,111,236
1672838,196,10,220,54,27,235
1673039,215,9,137,55,70,237
1673239,226,8,205,54,89,236
1673439,134,8,2,55,16,236
1673640,143,10,100,55,26,237
1673840,203,8,2,55,215,236
1674041,238,9,174,55,253,234
1674241,12,8,167,54,82,236
1674442,39,9,122,54,204,235
1674642,30,9,160,54,58,237
1674843,199,9,115,55,67,236
1675043,169,9,77,55,0,236
1675244,173,10,9,55,82,236
1675444,157,8,205,55,190,235
1675645,161,9,235,54,30,236
1675845,242,7,32,55,17,236
1676046,195,8,243,53,126,236
1676246,188,8,77,54,242,235
1676446,196,8,99,55,101,235
1676647,36,10,235,53,153,235
1676847,222,9,77,54,82,236
1677048,180,8,17,54,30,236
1677248,70,9,69,54,230,236
1677449,172,8,152,55,209,234
1677649,191,7,212,55,1,236
1677850,77,9,145,54,116,235
1678050,165,10,167,56,0,236
1678251,218,8,106,55,64,235
1678451,1,9,167,55,134,234
1678652,62,9,242,54,4,237
1678852,85,9,160,55,37,236
1679052,85,9,212,54,216,236
1679253,134,8,175,54,193,236
1679453,145,7,32,55,234,235
1679654,221,7,70,55,49,235
1679854,200,9,107,55,231,234
1680055,126,8,152,53,198,235
1680255,249,8,114,56,112,236
1680456,25,8,130,54,54,236
1680656,120,10,235,54,186,236
1680857,78,9,167,55,52,236
1681057,234,8,69,55,104,236
1681258,120,10,46,54,194,234
1681458,0,9,32,56,34,237
1681659,20,10,228,54,19,235
1681859,55,11,100,54,4,237
1682059,42,8,39,54,90,236
1682260,114,7,250,53,138,235
1682460,218,8,175,54,123,235
1682661,165,8,220,54,42,235
1682861,123,9,39,54,160,235
1683062,228,9,32,55,214,235
1683262,16,9,9,55,245,236
1683463,84,7,175,54,74,236
1683663,164,8,122,55,71,235
1683864,73,8,220,54,60,236
1684064,188,8,24,55,205,235
1684265,111,8,122,54,220,235
1684465,107,7,77,53,242,236
1684665,42,10,92,55,8,236
1684866,207,9,212,55,160,235
1685066,110,8,152,53,22,236
1685267,119,8,145,54,141,236
1685467,100,9,54,54,59,236
1685668,200,9,137,53,108,235
1685868,198,7,212,55,16,236
1686069,150,10,242,55,227,235
1686269,126,8,114,55,193,236
1686470,138,9,220,54,22,236
1686670,20,10,130,55,160,235
1686871,142,10,190,54,101,235
1687071,134,8,235,53,130,235
1687271,165,8,115,54,227,235
1687472,96,10,92,54,178,236
1687672,54,9,122,54,78,235
1687873,5,10,2,56,224,234
1688073,31,9,47,55,52,236
1688274,207,7,107,55,252,236
1688474,206,7,242,54,89,236
1688675,230,7,114,54,126,236
1688875,0,9,99,54,67,236
1689076,176,9,145,55,118,236
1689276,184,7,32,55,16,236
1689477,180,8,8,55,148,236
1689677,222,9,108,55,237,236
1689877,180,8,99,54,45,236
1690078,142,10,77,55,45,236
1690278,200,9,77,55,226,235
1690479,46,9,100,54,12,235
1690679,146,9,70,54,168,235
1690880,28,10,167,56,58,238
1691080,226,8,70,55,124,236
1691281,123,9,77,54,4,237
1691481,238,9,40,55,126,236
1691682,230,9,16,55,242,235
1691882,138,9,92,54,156,236
1692083,123,9,190,55,104,236
1692283,177,9,205,53,179,234
1692484,146,9,130,54,52,236
1692684,20,10,152,54,144,237
1692884,249,8,250,54,166,237
1693085,64,10,114,55,21,235
1693285,121,9,62,55,148,235
1693486,244,9,190,54,216,236
1693686,0,9,92,54,101,235
1693887,92,9,250,54,72,235
1694087,62,9,47,55,231,234
1694288,226,8,212,54,249,235
1694488,19,8,190,54,205,235
1694689,172,8,106,55,219,235
1694889,226,8,77,55,4,235
1695089,35,10,250,54,224,234
1695290,103,8,130,55,64,235
1695490,226,8,220,54,222,236
1695691,123,9,205,54,209,234
1695891,117,8,46,55,42,237
1696092,31,9,198,53,234,235
1696292,85,9,47,54,227,235
1696493,100,9,197,54,204,235
1696693,85,9,114,53,37,236
1696894,24,9,107,52,72,235
1697094,161,9,100,55,249,235
1697295,54,9,122,55,93,235
1697495,0,9,76,54,178,236
1697695,50,8,168,54,49,235
1697896,126,8,10,55,220,235
1698096,36,10,84,54,40,237
1698297,123,9,212,54,134,236
1698497,70,9,92,53,96,236
1698698,138,9,205,55,133,236
1698898,198,9,24,54,28,237
1699099,218,8,32,56,72,235
1699299,16,9,250,54,212,235
1699500,118,8,84,54,138,235
1699700,169,9,32,55,23,236
1699901,203,8,16,55,98,234
1700101,73,8,130,54,56,235
1700302,85,9,62,54,44,236
1700502,192,9,122,55,242,235
1700702,24,9,24,55,23,236
1700903,82,10,62,55,134,236
1701103,142,10,175,54,22,236
1701304,8,9,70,55,40,237
1701504,157,8,152,55,52,236
1701705,46,9,69,54,45,236
1701905,66,8,174,53,227,235
1702106,195,8,220,54,231,234
1702306,146,9,174,54,175,235
1702507,158,10,32,56,160,235
1702707,229,7,54,53,156,236
1702908,65,8,99,54,116,235
1703108,134,8,212,53,11,237
1703308,210,8,174,54,71,235
1703509,54,9,198,55,33,237
1703709,237,7,250,54,72,235
1703910,157,8,70,54,80,236
1704110,122,7,40,54,201,234
1704311,119,8,122,55,86,235
1704511,12,10,100,55,249,235
1704712,0,9,250,54,15,236
1704912,73,8,84,54,190,235
1705113,142,8,70,54,186,234
1705313,103,8,168,54,209,234
1705514,157,8,122,53,146,235
1705714,77,9,250,54,101,235
1705914,162,9,190,55,180,235
1706115,99,7,130,55,157,234
1706315,142,8,122,55,163,236
1706516,252,7,198,54,168,235
1706716,31,9,2,55,93,237
1706917,222,9,160,55,152,235
1707117,16,9,16,54,152,235
1707318,34,8,197,54,238,234
1707518,96,10,9,55,71,235
1707719,51,10,47,55,123,235
1707919,77,9,70,55,74,236
1708120,200,9,122,55,142,236
1708320,157,8,92,55,56,235
1708521,36,10,2,55,203,235
1708721,176,9,235,54,18,237
1708921,16,9,204,54,168,235
1709122,74,10,235,54,193,236
1709322,241,8,205,54,231,234
1709523,23,9,212,53,252,236
1709723,111,8,122,53,56,237
1709924,115,9,235,55,201,234
1710124,130,9,24,54,138,235
1710325,222,9,183,55,86,235
1710525,1,9,152,54,249,235
1710726,169,9,220,53,90,236
1710926,80,8,152,53,4,235
1711126,58,8,62,55,22,236
1711327,200,9,62,55,193,236
1711527,31,9,10,55,30,236
1711728,116,9,197,54,194,234
1711928,111,8,10,55,20,235
1712129,5,10,175,55,244,236
1712329,104,8,92,54,237,236
1712530,120,10,168,54,197,235
1712730,249,8,122,55,126,236
1712931,138,9,190,54,104,236
1713131,238,9,62,54,67,236
1713332,42,8,220,53,104,236
1713532,35,8,84,55,182,235
1713733,140,8,100,54,165,236
1713933,108,9,16,54,45,236
1714133,24,9,54,54,67,236
1714334,50,10,220,55,15,236
1714534,215,9,137,54,118,236
1714735,237,7,62,55,234,235
1714935,180,8,1,55,178,234
1715136,35,8,92,54,182,235
1715336,119,8,84,54,19,235
1715537,222,9,152,55,130,235
1715737,77,9,235,55,52,236
1715938,31,9,220,54,242,235
1716138,150,8,69,53,219,235
1716339,34,10,227,53,148,235
1716539,200,9,144,54,52,236
1716740,214,7,99,55,182,235
1716940,109,11,122,54,38,236
1717140,226,8,235,53,205,235
1717341,206,7,130,55,215,236
1717541,226,8,115,55,134,236
1717742,58,8,183,55,249,235
1717942,138,9,130,54,8,236
1718143,108,9,197,54,182,235
1718343,157,8,39,55,226,235
1718544,111,8,32,55,127,234
1718744,130,9,243,53,234,235
1718945,119,8,220,54,30,236
1719145,134,8,1,54,134,236
1719346,149,8,212,54,86,235
1719546,16,9,250,55,212,235
1719747,88,8,32,55,52,236
1719947,20,10,40,55,224,234
1720147,131,9,129,55,107,237
1720348,73,8,236,54,15,236
1720548,226,8,167,54,70,237
1720749,210,8,204,54,134,236
1720949,108,9,100,55,156,236
1721150,38,9,16,55,93,237
1721350,188,8,144,53,237,236
1721551,116,9,99,55,148,236
1721751,226,8,92,55,0,236
1721952,244,7,228,54,179,234
1722152,54,9,39,55,201,234
1722353,54,9,32,54,45,236
1722553,208,9,2,56,223,234
1722753,162,9,92,54,78,235
1722954,104,8,39,56,153,235
1723154,172,8,190,54,190,235
1723355,245,7,92,55,182,235
1723555,77,9,227,54,141,236
1723756,58,8,122,55,190,235
1723956,108,9,99,55,131,235
1724157,177,9,160,54,138,235
1724357,177,9,2,54,45,236
1724558,253,9,242,54,249,235
1724758,103,8,1,55,112,234
1724959,70,9,152,55,190,235
1725159,215,9,213,54,186,236
1725359,248,8,205,54,216,234
1725560,27,10,32,55,119,236
1725760,27,8,242,54,172,234
1725961,234,8,92,56,226,235
1726161,31,9,32,54,45,236
1726362,214,9,40,54,123,235
1726562,199,7,220,54,33,237
1726763,116,9,220,54,52,236
1726963,85,9,32,55,56,235
1727164,218,8,114,54,72,235
1727364,54,9,24,54,160,235
1727565,104,10,47,54,48,237
1727765,80,8,9,55,52,236
1727965,1,9,204,53,108,235
1728166,104,8,152,54,90,236
1728366,100,9,92,54,223,234
1728567,249,8,250,53,5,235
1728767,137,7,17,54,67,236
1728968,36,10,54,55,34,235
1729168,134,8,182,54,252,236
1729369,196,8,92,54,8,236
1729569,160,7,69,54,115,237
1729770,92,9,182,54,71,235
1729970,154,9,122,54,123,235
1730171,211,8,77,54,75,236
1730371,157,8,243,55,123,235
1730571,200,9,152,55,23,236
1730772,200,9,167,55,67,236
1730972,152,7,69,55,182,235
1731173,123,9,152,56,140,236
1731373,176,9,62,54,89,236
1731574,118,8,137,54,226,235
1731774,126,8,17,55,190,235
1731975,180,8,70,55,52,236
1732175,115,9,100,54,12,235
1732376,238,9,204,55,0,236
1732576,77,9,17,55,152,235
1732776,88,8,107,55,130,235
1732977,36,10,107,54,11,237
1733177,157,8,76,54,5,235
1733378,134,8,24,54,104,236
1733578,131,9,2,55,130,237
1733779,198,7,130,55,52,236
1733979,172,8,2,55,90,236
1734180,123,9,250,54,175,235
1734380,161,9,182,54,12,235
1734581,11,8,47,55,74,236
1734781,43,10,242,54,112,236
1734982,146,9,175,55,30,236
1735182,222,9,175,55,160,235
1735382,198,7,243,54,30,236
1735583,62,9,167,54,234,235
1735783,77,9,152,55,204,235
1735984,188,8,77,54,168,235
1736184,131,9,160,54,126,236
1736385,114,9,205,54,36,235
1736585,82,9,175,54,151,236
1736786,253,9,17,55,90,236
1736986,124,9,235,54,60,236
1737187,104,8,167,55,168,235
1737387,114,7,212,54,71,235
1737588,16,9,17,54,167,235
1737788,210,8,175,54,212,235
1737989,58,10,220,54,105,234
1738189,192,9,235,53,197,235
1738390,54,9,205,54,116,235
1738590,164,8,137,54,145,235
1738790,4,8,160,54,135,234
1738991,218,8,130,55,204,235
1739191,1,9,84,55,89,236
1739392,111,8,24,55,227,235
1739592,126,8,138,54,216,234
1739793,238,9,212,54,156,236
1739993,6,9,70,55,218,234
1740194,210,8,92,55,42,235
1740394,37,9,175,54,187,236
1740595,26,10,198,54,177,235
1740795,234,8,152,54,4,235
1740995,224,8,160,54,199,235
1741196,57,8,107,55,142,236
1741396,242,8,47,54,153,235
1741597,134,8,152,54,26,237
1741797,89,10,32,54,82,236
1741998,230,9,107,55,94,235
1742198,51,10,17,56,101,235
1742399,80,10,152,54,43,235
1742599,199,9,24,53,200,236
1742800,230,9,182,55,168,235
1743000,51,10,92,55,23,236
1743201,195,8,39,54,15,236
1743401,245,7,114,54,234,235
1743602,165,8,242,53,56,235
1743802,146,9,129,53,78,237
1744002,242,8,114,54,78,237
1744203,28,10,220,54,112,236
1744403,172,8,190,54,45,236
1744604,226,8,175,54,200,236
1744804,62,9,212,53,175,235
1745005,16,9,24,55,0,236
1745205,70,9,160,54,0,236
1745406,161,9,137,53,138,235
1745606,196,8,47,55,146,235
1745807,19,8,175,55,226,235
1746007,238,9,62,55,111,236
1746208,224,8,99,54,10,236
1746408,123,9,220,53,4,235
1746609,232,8,220,54,106,236
1746809,6,9,9,55,255,234
1747009,131,9,205,53,96,236
1747210,19,8,114,55,138,235
1747410,24,9,54,53,198,235
1747611,200,9,212,55,71,235
1747811,184,9,92,54,130,235
1748012,93,9,144,55,160,235
1748212,84,7,130,53,157,234
1748413,0,9,46,54,224,234
1748613,177,9,182,54,124,235
1748814,111,8,138,54,108,237
1749014,1,9,115,55,145,235
1749214,215,9,9,54,242,235
1749415,202,8,76,54,15,236
1749615,226,8,182,54,227,235
1749816,177,9,122,54,245,236
1750016,120,10,205,55,126,236
1750217,54,9,160,54,64,235
1750417,50,10,182,54,37,236
1750618,218,8,122,54,163,236
1750818,2,11,62,55,170,235
1751019,160,9,32,55,184,235
1751219,180,8,220,55,160,235
1751419,142,8,69,55,215,236
1751620,31,9,10,54,101,235
1751820,42,8,2,54,208,236
1752021,4,8,167,53,220,235
1752221,52,9,130,54,199,235
1752422,213,9,197,55,113,236
1752622,244,7,152,53,242,235
1752823,184,9,145,55,168,235
1753023,134,8,130,54,164,236
1753224,68,9,47,54,140,235
1753424,66,8,182,55,126,236
1753625,12,10,174,54,89,236
1753825,241,8,190,54,175,235
1754026,180,8,204,54,197,235
1754226,200,9,145,55,79,235
1754426,16,9,122,54,8,236
1754627,169,9,167,53,193,236
1754827,253,9,92,55,52,236
1755028,119,8,92,55,56,235
1755228,126,8,122,55,119,236
1755429,88,8,174,53,80,236
1755629,170,9,243,54,202,234
1755830,77,9,107,54,44,236
1756030,208,9,77,55,153,235
1756231,113,9,84,54,42,237
1756431,192,9,190,55,252,236
1756632,180,8,77,54,141,236
1756832,249,8,107,54,33,237
1757032,31,9,144,54,208,236
1757233,154,9,69,55,182,235
1757433,226,8,122,54,67,236
1757634,58,8,198,54,42,235
1757834,230,7,77,55,123,235
1758035,219,8,198,55,227,235
1758235,184,9,1,54,24,234
1758436,62,9,160,54,60,236
1758636,137,9,130,54,221,235
1758837,24,9,144,54,226,235
1759037,146,9,160,54,119,236
1759238,70,8,39,55,244,235
1759438,138,9,62,55,63,237
1759638,36,10,24,54,89,236
1759839,131,9,242,54,174,237
1760039,78,9,137,54,183,235
1760240,88,8,62,54,8,236
1760440,207,9,32,55,155,238
1760641,26,8,160,55,108,235
1760841,230,9,99,54,249,235
1761042,234,8,62,55,52,236
1761242,62,9,220,54,15,236
1761443,150,8,99,54,96,236
1761643,5,10,122,55,34,235
1761844,184,9,2,56,244,236
1762044,154,9,197,54,126,236
1762244,72,10,175,54,36,235
1762445,144,9,182,55,66,235
1762645,69,9,16,56,138,235
1762846,249,8,174,54,0,236
1763046,100,9,175,54,171,236
1763247,146,9,129,54,30,236
1763447,246,9,24,55,168,235
1763648,188,8,243,54,197,235
1763848,249,8,137,55,186,236
1764049,249,8,24,55,16,234
1764249,184,9,84,53,27,235
1764450,119,8,62,55,145,235
1764650,62,9,168,54,30,236
1764851,46,9,1,55,8,236
1765051,190,9,2,56,210,236
1765251,73,8,24,54,119,236
1765452,164,8,46,54,168,235
1765652,144,9,212,53,62,236
1765853,64,8,70,55,21,235
1766053,22,9,190,55,228,235
1766254,116,8,228,54,250,235
1766454,26,10,122,54,251,235
1766655,157,8,107,53,79,235
1766855,198,9,250,53,46,236
1767056,146,9,182,53,248,237
1767256,100,9,122,54,168,235
1767457,195,8,175,54,100,235
1767657,94,10,115,55,236,235
1767857,169,9,242,54,41,237
1768058,104,8,220,54,94,235
1768258,164,8,77,54,72,235
1768459,27,8,204,53,93,235
1768659,27,8,235,54,111,236
1768860,130,9,138,55,90,236
1769060,170,8,205,54,255,234
1769261,249,8,235,54,238,236
1769461,226,8,39,54,249,235
1769662,164,8,32,55,38,236
1769862,230,7,54,54,45,236
1770063,218,8,46,54,215,236
1770263,135,10,235,54,54,234
1770463,161,9,69,54,204,237
1770664,237,7,107,55,116,235
1770864,65,8,100,55,245,236
1771065,246,9,220,55,34,235
1771265,218,8,243,54,8,236
1771466,50,8,137,55,244,234
1771666,50,8,9,55,170,236
1771867,150,8,40,54,116,235
1772067,198,7,54,54,208,234
1772268,249,8,92,54,74,236
1772468,188,8,54,55,52,236
1772669,214,7,250,54,190,235
1772869,241,8,160,54,253,234
1773069,70,9,77,55,52,236
1773270,46,9,212,55,198,235
1773470,218,8,99,55,123,235
1773671,115,9,220,54,226,235
1773871,16,9,1,54,134,236
1774072,46,9,70,55,38,236
1774272,142,8,205,55,223,236
1774473,252,7,2,57,246,234
1774673,226,8,115,55,227,235
1774874,8,9,2,54,37,236
1775074,46,9,16,54,7,236
1775275,249,8,32,55,82,236
1775475,73,8,31,54,175,235
1775675,119,8,167,53,144,237
1775876,100,9,122,54,146,235
1776076,62,9,62,55,8,236
1776277,222,9,242,54,30,236
1776477,83,9,69,54,6,237
1776678,82,10,197,54,249,235
1776878,198,9,182,54,85,234
1777079,130,9,152,55,60,236
1777279,5,10,107,54,186,236
1777480,168,7,220,53,45,236
1777680,50,10,160,54,179,234
1777881,80,8,9,55,94,235
1778081,31,9,228,55,64,235
1778282,158,10,40,55,215,236
1778482,0,9,205,54,4,235
1778682,111,8,212,54,126,236
1778883,80,8,54,55,123,235
1779083,135,10,39,54,94,235
1779284,234,8,235,54,142,236
1779484,43,10,220,54,135,237
1779685,100,9,167,54,193,236
1779885,43,10,32,55,234,235
1780086,65,8,100,54,134,236
1780286,226,8,9,54,149,236
1780487,223,9,54,54,182,237
1780687,165,8,24,55,234,235
1780888,34,8,54,54,216,236
1781088,168,7,77,55,212,235
1781289,198,7,32,54,104,236
1781489,207,9,168,54,113,234
1781690,245,9,145,56,249,235
1781890,169,9,92,54,216,234
1782090,31,9,182,55,116,235
1782291,51,10,16,54,101,235
1782491,149,8,10,55,245,236
1782692,215,9,235,54,101,235
1782892,68,9,168,56,228,235
1783093,162,9,227,52,23,236
1783293,77,9,250,53,215,236
1783494,119,8,69,53,175,235
1783694,157,8,190,53,4,235
1783895,154,9,175,54,44,236
1784095,103,8,220,54,11,237
1784296,134,8,54,55,168,235
1784496,47,9,243,53,234,235
1784697,126,8,114,55,18,237
1784897,123,9,54,54,134,236
1785097,131,9,62,54,56,237
1785298,138,9,205,54,145,235
1785498,28,10,190,54,71,235
1785699,28,10,54,55,156,236
1785899,66,10,107,55,141,236
1786100,218,8,122,53,126,236
1786300,77,9,32,54,0,236
1786501,51,10,198,54,82,236
1786701,4,8,107,54,12,235
1786902,238,9,204,53,82,236
1787102,154,9,175,55,175,235
1787303,76,9,250,54,214,235
1787503,216,8,228,54,155,235
1787704,188,8,175,53,137,237
1787904,87,10,54,54,140,235
1788105,42,8,69,53,227,235
1788305,77,9,250,53,126,236
1788505,176,9,174,54,76,234
1788706,59,10,10,55,157,234
1788906,8,9,242,54,145,235
1789107,222,9,236,54,0,236
1789307,163,8,138,55,114,236
1789508,192,9,47,54,194,234
1789708,164,10,152,55,124,237
1789909,193,8,175,53,121,236
1790109,200,9,190,54,246,234
1790310,130,9,167,53,104,236
1790510,77,9,32,55,123,235
1790711,103,8,47,54,212,235
1790911,172,8,212,54,123,235
1791111,43,10,24,55,52,236
1791312,232,8,122,54,217,236
1791512,90,9,213,55,91,236
1791713,157,8,152,54,4,237
1791913,128,7,197,54,196,234
1792114,3,10,92,54,229,235
1792314,226,8,54,54,230,236
1792515,234,8,2,56,47,236
1792715,100,9,114,54,182,235
1792916,177,9,24,55,175,235
1793116,78,8,1,54,46,236
1793317,214,7,236,54,11,237
1793517,240,10,70,55,221,235
1793718,196,8,122,54,37,236
1793918,154,9,137,54,60,236
1794118,52,9,85,54,95,235
1794319,45,9,250,54,69,236
1794519,71,8,130,56,169,235
1794720,213,9,16,55,40,236
1794920,255,8,138,56,254,236
1795121,80,8,197,54,234,235
1795321,209,8,167,54,132,235
1795522,33,10,182,53,132,235
1795722,117,8,24,54,128,236
1795923,88,8,160,54,208,236
1796123,32,9,160,53,204,235
1796324,201,8,9,54,51,235
1796524,252,7,77,54,255,237
1796724,121,9,145,54,121,236
1796925,37,9,198,54,121,236
1797125,102,8,10,56,132,235
1797326,140,8,212,53,5,237
1797526,52,9,198,53,62,236
1797727,77,9,205,55,216,234
1797927,218,8,242,54,252,236
1798128,135,7,197,53,39,236
1798328,136,9,152,54,24,236
1798529,29,9,70,54,184,235
1798729,163,8,205,54,80,237
1798930,144,7,227,54,214,235
1799130,50,10,235,55,238,234
1799331,0,9,122,55,45,236
1799531,244,9,2,56,248,234
1799731,24,9,54,56,170,236
1799932,101,8,40,55,32,236
1800132,154,9,235,54,156,236
1800333,80,8,39,55,23,236
1800533,123,9,54,55,48,237
1800734,59,7,144,55,106,236
1800934,245,9,24,55,204,235
1801135,94,8,137,53,25,236
1801335,216,8,9,55,32,236
1801536,83,9,160,54,62,236
1801736,10,8,182,54,154,235
1801937,132,8,47,56,84,236
1802137,37,9,69,55,70,234
1802338,37,9,205,54,132,237
1802538,236,9,107,55,240,234
1802739,104,8,175,54,108,235
1802939,106,9,92,56,195,236
1803139,210,8,92,54,205,235
1803340,44,9,84,55,84,236
1803540,189,7,145,55,222,235
1803741,115,9,24,55,97,236
1803941,228,9,84,54,84,236
1804142,117,8,197,54,73,235
1804342,144,9,152,54,118,235
1804543,226,8,174,54,71,235
1804743,156,10,197,53,206,235
1804944,194,8,212,54,32,236
1805144,232,8,32,55,72,237
1805345,90,7,70,54,58,235
1805545,144,9,175,56,188,234
1805746,186,8,220,54,255,234
1805946,174,9,160,54,143,236
1806146,121,9,227,54,136,236
1806347,101,8,220,54,130,234
1806547,30,9,205,54,66,235
1806748,232,8,24,55,158,236
1806948,194,8,152,54,91,236
1807149,172,8,9,56,49,235
1807349,144,9,9,54,50,237
1807550,132,8,84,54,51,235
1807750,193,8,250,54,181,234
1807951,40,8,250,54,69,236
1808151,83,9,122,54,154,235
1808352,14,9,115,54,94,237
1808552,81,10,69,55,142,236
1808753,46,9,16,54,55,237
1808953,77,9,190,53,123,235
1809154,155,8,62,55,184,235
1809354,247,8,100,55,195,236
1809554,172,8,77,55,204,235
1809755,122,9,40,56,192,235
1809955,68,9,62,54,206,235
1810156,240,8,92,54,195,236
1810356,42,10,62,54,199,235
1810557,251,9,228,53,233,234
1810757,150,7,175,54,124,235
1810958,152,9,9,54,228,235
1811158,66,8,174,54,145,235
1811359,128,10,137,53,216,236
1811559,26,10,130,54,202,236
1811760,216,8,107,55,177,235
1811960,55,8,190,54,91,236
1812161,24,9,17,56,142,236
1812361,216,8,160,54,135,236
1812562,136,9,137,53,6,237
1812762,25,8,243,55,17,236
1812962,6,9,39,55,170,235
1813163,14,9,2,56,51,235
1813363,247,8,100,55,98,236
1813564,249,8,114,56,94,235
1813764,247,8,190,56,206,237
1813965,209,8,190,54,140,235
1814165,32,8,107,54,125,235
1814366,254,8,24,56,199,235
1814566,90,9,114,54,54,236
1814767,175,9,220,54,118,235
1814967,60,9,2,55,2,236
1815168,52,9,235,53,68,236
1815368,82,10,77,55,26,235
1815568,167,9,250,54,236,235
1815769,48,8,137,54,155,235
1815969,136,9,24,55,42,237
1816170,144,9,235,53,106,236
1816370,236,9,137,55,206,235
1816571,182,9,145,54,213,237
1816771,215,9,242,54,141,236
1816972,37,9,220,55,174,234
1817172,241,8,54,54,187,234
1817373,199,7,16,54,252,236
1817573,6,9,152,54,73,235
1817774,63,8,144,57,124,237
1817974,138,9,190,54,37,236
1818175,192,9,220,54,157,234
1818375,190,9,175,55,92,234
1818576,182,9,175,53,76,236
1818776,124,8,182,54,147,235
1818976,10,10,92,55,17,236
1819177,14,9,198,55,98,236
1819377,121,9,212,55,72,237
1819578,167,9,16,55,66,235
1819778,201,8,84,55,77,234
1819979,34,10,16,54,236,235
1820179,29,9,2,56,210,234
1820380,178,8,32,55,25,236
1820580,18,10,234,53,172,236
1820781,102,10,9,54,199,235
1820981,232,8,32,55,170,233
1821182,34,10,100,55,21,235
1821382,76,9,92,55,42,237
1821582,216,8,144,54,83,236
1821783,247,8,122,54,17,236
1821983,220,7,167,53,169,235
1822184,106,9,167,54,228,235
1822384,22,9,84,54,50,237
1822585,80,8,235,54,67,236
1822785,170,8,160,55,246,236
1822986,6,9,54,55,106,236
1823186,90,9,130,55,210,236
1823387,186,8,84,55,13,237
1823587,37,9,220,55,244,235
1823788,44,9,182,54,254,236
1823988,83,9,137,54,58,235
1824189,232,8,167,54,247,236
1824389,72,10,242,54,199,235
1824590,152,9,54,55,144,234
1824790,71,8,9,56,80,237
1824990,40,8,198,55,239,236
1825191,68,11,17,55,6,235
1825391,98,9,197,54,54,236
1825592,122,9,220,54,121,236
1825792,178,8,160,54,125,235
1825993,175,9,24,54,146,237
1826193,34,10,62,55,240,234
1826394,55,8,198,53,222,235
1826594,136,9,228,54,216,236
1826795,213,9,250,54,21,235
1826995,75,9,92,55,91,236
1827196,205,9,107,56,66,235
1827396,20,10,242,55,238,236
1827596,17,8,114,55,2,236
1827797,144,7,145,54,59,236
1827997,14,9,54,55,232,236
1828198,254,8,24,56,43,235
1828398,152,9,24,54,114,236
1828599,194,8,107,55,2,236
1828799,251,9,46,54,172,236
1829000,22,9,168,54,35,237
1829200,64,10,182,54,50,237
1829401,182,9,2,56,84,236
1829601,37,9,40,55,124,237
1829802,48,8,168,54,91,236
1830002,30,9,220,54,76,236
1830203,160,9,16,55,44,235
1830403,32,8,227,53,69,236
1830603,6,9,236,55,177,235
1830804,117,8,54,54,150,236
1831004,178,8,9,56,194,236
1831205,49,10,137,55,109,237
1831405,167,9,100,56,251,235
1831606,72,10,1,54,202,236
1831806,209,8,114,54,128,236
1832007,182,9,167,55,54,236
1832207,174,7,190,53,21,235
1832408,208,8,54,54,148,235
1832608,201,8,242,53,184,235
1832809,178,8,100,55,92,236
1833009,22,9,84,54,221,235
1833210,106,9,235,55,54,236
1833410,18,10,152,54,39,236
1833610,26,10,205,54,236,235
1833811,26,10,62,54,13,237
1834011,244,9,69,55,189,234
1834212,87,10,130,54,28,237
1834412,86,8,2,56,246,236
1834613,208,8,99,56,88,235
1834813,201,8,190,53,51,235
1835014,90,9,160,54,118,235
1835214,147,8,130,56,202,236
1835415,94,8,220,54,54,236
1835615,170,8,32,55,236,235
1835816,236,9,168,55,87,237
1836016,60,9,47,55,54,236
1836217,121,9,152,54,51,235
1836417,235,7,84,55,98,236
1836618,174,9,46,55,92,236
1836818,162,8,17,55,250,235
1837018,140,8,39,55,40,236
1837219,94,8,152,55,120,236
1837419,152,9,62,54,221,235
1837620,247,8,205,54,239,236
1837820,190,9,92,56,21,235
1838021,154,8,190,55,54,236
1838221,98,9,122,53,105,238
1838422,209,8,32,54,251,235
1838622,98,9,62,54,21,235
1838823,106,9,84,54,44,235
1839023,68,9,130,55,80,237
1839224,64,10,137,54,69,236
1839424,255,8,62,54,202,236
1839624,204,7,182,54,92,236
1839825,192,9,84,55,0,236
1840025,186,8,62,55,24,236
1840226,114,9,24,56,173,236
1840426,252,9,62,54,73,235
1840627,102,8,70,55,148,235
1840827,40,8,190,54,84,236
1841028,182,7,9,53,92,234
1841228,220,9,198,54,84,236
1841429,216,8,198,54,244,235
1841629,208,8,198,53,224,236
1841830,102,8,122,55,66,235
1842030,158,7,160,54,180,236
1842231,170,8,198,55,155,235
1842431,113,9,114,54,251,235
1842632,166,7,129,55,25,236
1842832,204,7,175,54,236,235
1843032,216,8,84,55,88,235
1843233,37,9,204,55,128,236
1843433,147,8,122,55,95,235
1843634,240,8,62,55,54,236
1843834,144,9,250,53,240,236
1844035,209,8,122,54,150,236
1844235,213,9,62,54,6,235
1844436,220,9,54,54,87,237
1844636,96,8,152,55,182,235
1844837,2,8,99,55,240,234
1845037,44,9,190,55,236,235
1845238,3,10,243,54,158,236
1845438,106,9,250,54,236,235
1845638,182,9,190,54,25,236
1845839,155,8,39,55,98,236
1846039,236,9,205,54,54,236
1846240,224,8,144,55,162,235
1846440,63,8,174,54,98,236
1846641,205,9,47,55,200,235
1846841,30,9,167,55,140,235
1847042,159,9,160,54,170,235
1847242,60,9,242,54,42,237
1847443,129,9,235,55,184,235
1847643,29,9,182,53,14,235
1847844,163,8,198,53,40,236
1848044,167,9,24,55,192,235
1848245,41,8,9,55,161,237
1848445,68,9,250,54,202,236
1848645,71,8,40,54,62,236
1848846,52,9,100,54,40,234
1849046,30,9,122,54,202,236
1849247,101,8,54,55,199,235
1849447,75,9,55,55,218,235
1849648,206,9,54,54,102,237
1849848,79,8,235,53,14,235
1850049,190,9,175,56,14,235
1850249,72,10,115,55,225,234
1850450,160,9,204,53,180,236
1850650,33,10,54,55,132,235
1850851,56,8,205,55,204,236
1851051,68,9,100,54,180,236
1851251,4,10,100,54,236,235
1851452,178,8,76,54,43,235
1851652,160,9,175,54,150,236
1851853,63,8,197,54,65,235
1852053,56,8,9,54,61,236
1852254,132,8,122,54,66,235
1852454,56,8,115,55,21,235
1852655,72,10,16,54,42,237
1852855,228,9,190,55,218,234
1853056,198,9,32,55,114,236
1853256,121,9,138,54,170,235
1853457,224,8,54,54,246,236
1853657,201,8,236,54,209,236
1853857,163,8,107,54,177,235
1854058,26,10,9,54,92,236
1854258,201,8,77,55,132,235
1854459,90,9,235,54,232,236
1854659,216,8,100,54,206,235
1854860,121,9,24,53,236,235
1855060,183,9,77,55,244,235
1855261,201,8,174,53,87,237
1855461,144,9,205,54,6,235
1855662,77,9,130,54,101,235
1855862,3,10,62,54,194,236
1856063,166,7,174,55,62,236
1856263,190,9,114,54,162,235
1856464,182,9,137,54,35,237
1856664,129,9,182,54,251,235
1856864,194,8,85,54,120,236
1857065,83,9,242,53,240,236
1857265,56,8,115,55,222,235
1857466,44,9,9,54,69,236
1857666,147,8,54,56,91,236
1857867,26,10,145,55,236,235
1858067,204,7,2,55,2,236
1858268,114,9,16,55,221,235
1858468,44,9,77,55,244,235
1858669,44,9,92,54,251,235
1858869,250,7,77,55,91,236
1859070,239,8,9,54,248,234
1859270,17,8,130,54,184,235
1859471,247,8,212,54,70,234
1859671,186,8,182,55,21,235
1859872,102,10,32,55,61,236
1860072,6,9,228,54,194,236
1860272,14,9,107,55,225,234
1860473,3,10,152,54,102,235
1860673,90,9,122,54,14,235
1860874,152,9,242,54,210,234
1861074,178,8,17,54,218,234
1861275,122,9,76,55,24,236
1861475,83,9,152,53,202,236
1861676,83,9,84,55,76,236
1861876,90,9,114,55,106,236
1862077,201,8,130,54,73,235
1862277,242,7,220,53,99,236
1862478,41,10,92,53,250,235
1862678,37,9,100,54,240,234
1862878,87,10,100,55,150,236
1863079,98,9,250,53,184,235
1863279,52,9,167,53,211,236
1863480,22,9,175,54,128,236
1863680,68,9,212,54,229,235
1863881,186,8,39,55,40,236
1864081,7,11,32,55,248,234
1864282,64,8,24,55,140,235
1864482,41,10,2,55,221,235
1864683,41,10,190,54,206,235
1864883,122,9,54,55,198,237
1865084,167,9,167,55,147,235
1865284,150,7,69,54,98,236
1865485,30,9,212,55,99,236
1865685,98,9,175,54,2,236
1865885,148,10,212,54,214,235
1866086,209,8,114,57,136,236
1866286,129,9,168,54,47,236
1866487,116,8,84,54,162,235
1866687,125,8,24,54,166,236
1866888,140,8,122,54,154,235
1867088,52,9,228,55,60,235
1867289,255,8,122,55,54,236
1867489,170,8,107,55,88,235
1867690,147,8,220,54,2,236
1867890,198,9,242,54,106,236
1868091,247,8,220,54,91,236
1868291,216,8,205,54,10,236
1868491,10,8,235,55,54,236
1868692,170,8,160,55,47,236
1868892,22,9,168,54,106,236
1869093,240,8,235,53,43,235
1869293,98,9,144,54,244,235
1869494,182,9,2,55,69,236
1869694,167,9,212,54,195,236
1869895,101,8,190,55,98,236
1870095,246,8,69,54,224,236
1870296,21,9,17,54,210,236
1870496,170,8,122,54,143,236
1870697,58,7,130,55,159,234
1870897,2,8,227,53,20,237
1871098,34,10,114,54,92,234
1871298,175,9,250,55,180,236
1871498,64,10,160,54,136,236
1871699,201,8,235,54,91,236
1871899,118,10,228,55,91,236
1872100,2,8,168,55,181,234
1872300,224,8,175,55,154,237
1872501,102,8,32,55,44,235
1872701,94,8,190,54,50,237
1872902,76,9,212,55,222,235
1873102,178,8,122,55,170,235
1873303,68,9,92,55,236,235
1873503,144,7,54,54,162,235
1873704,14,9,77,55,158,236
1873904,60,9,62,55,255,234
1874105,10,10,62,54,140,235
1874305,103,10,205,55,110,235
1874505,106,9,32,55,255,234
1874706,159,9,92,55,239,236
1874906,250,7,175,54,214,235
1875107,156,10,190,53,69,236
1875307,82,9,130,53,128,236
1875508,136,9,17,55,221,235
1875708,140,10,85,54,130,234
1875909,116,8,84,53,102,235
1876109,240,10,160,55,225,236
1876310,160,9,54,55,204,234
1876510,167,9,62,55,187,236
1876711,2,8,54,54,80,237
1876911,198,9,242,54,110,235
1877112,90,9,92,55,110,235
1877312,44,9,152,52,100,234
1877512,68,9,2,55,103,235
1877713,171,8,47,54,162,235
1877913,178,8,190,54,110,235
1878114,168,9,204,53,187,236
1878314,132,8,70,55,98,236
1878515,208,8,32,55,76,236
1878715,106,9,250,54,128,236
1878916,94,8,198,54,244,235
1879116,170,8,212,55,158,236
1879317,98,9,2,55,13,237
1879517,152,9,62,55,158,236
1879718,140,8,122,54,158,234
1879918,22,9,107,55,155,235
1880118,152,9,24,55,166,234
1880319,75,9,220,53,84,236
1880519,228,7,24,54,98,236
1880720,52,9,137,54,152,234
1880920,29,9,9,55,96,235
1881121,86,8,77,54,54,236
1881321,2,8,9,55,177,235
1881522,216,8,242,53,32,236
1881722,53,9,17,54,192,235
1881923,198,9,145,55,236,235
1882123,201,8,122,54,250,235
1882324,132,8,152,54,122,234
1882524,247,8,190,54,180,236
1882725,247,8,84,54,106,236
1882925,6,9,62,55,62,236
1883126,172,10,24,54,192,235
1883326,178,8,2,55,13,237
1883526,148,8,130,54,118,235
1883727,209,8,152,55,54,236
1883927,56,8,220,53,6,237
1884128,186,8,205,55,102,235
1884328,60,9,9,54,10,236
1884529,6,9,190,54,250,235
1884729,205,9,250,54,102,235
1884930,6,9,1,55,106,236
1885130,71,8,152,55,68,236
1885331,60,9,198,55,162,235
1885531,39,9,220,54,178,236
1885732,64,10,138,55,228,235
1885932,160,9,198,53,184,235
1886133,247,8,84,55,155,235
1886333,83,9,160,54,118,235
1886533,186,8,9,54,118,235
1886734,60,9,100,55,69,236
1886934,129,9,182,55,228,235
1887135,76,9,84,55,54,236
1887335,22,9,77,53,143,236
1887536,6,9,138,54,50,237
1887736,29,9,175,55,110,235
1887937,206,9,99,53,187,236
1888137,21,9,47,54,172,236
1888338,17,8,137,54,91,236
1888538,40,8,107,55,102,235
1888739,216,8,190,54,165,236
1888939,206,9,235,53,70,234
1889140,2,8,114,53,136,236
1889340,228,9,107,54,26,236
1889541,175,9,9,55,199,235
1889741,170,8,144,54,36,235
1889942,160,9,137,54,222,235
1890142,152,9,24,55,95,235
1890342,242,7,16,55,103,235
1890543,98,9,205,54,195,236
1890743,224,8,137,54,180,236
1890944,208,8,62,53,221,235
1891144,106,9,100,55,88,235
1891345,148,8,212,54,84,236
1891545,17,8,77,55,206,235
1891746,198,9,2,55,174,236
1891946,224,8,92,54,18,236
1892147,60,9,46,54,17,236
1892347,178,8,9,55,17,236
1892548,209,8,76,55,107,234
1892748,17,8,145,54,169,235
1892949,236,9,9,55,176,235
1893149,247,8,84,55,114,236
1893349,71,8,190,54,202,236
1893550,240,8,175,53,192,235
1893750,178,8,55,55,188,236
1893951,14,9,54,54,196,234
1894151,34,10,62,55,76,236
1894352,60,9,114,54,230,235
1894552,67,9,107,55,112,235
1894753,44,9,205,55,125,235
1894953,175,9,46,55,10,236
1895154,198,9,54,55,21,237
1895354,124,8,228,54,241,236
1895555,78,8,69,56,17,236
1895755,78,8,69,55,8,235
1895955,204,7,167,55,150,236
1896156,255,8,220,53,121,236
1896356,30,9,84,55,121,236
1896557,255,8,152,53,91,236
1896757,25,8,16,55,214,235
1896958,33,8,130,54,132,235
1897158,209,8,62,54,128,236
1897359,140,8,242,54,121,236
1897559,109,8,2,54,92,236
1897760,160,9,212,55,21,235
1897960,98,9,122,55,66,235
1898161,252,9,152,54,76,236
1898361,121,9,108,55,180,236
1898561,113,9,130,55,28,235
1898762,121,9,168,55,32,236
1898962,82,9,16,54,80,235
1899163,220,9,243,55,180,236
1899363,72,10,227,54,95,235
1899564,190,9,167,53,206,235
1899764,182,9,92,55,206,235
1899965,79,8,99,53,147,235
1900165,98,9,160,56,150,236
1900366,144,9,70,54,136,236
1900566,37,9,46,55,125,235
1900767,140,8,220,54,143,236
1900967,37,9,190,53,116,237
1901168,186,8,100,56,236,235
1901368,6,9,122,54,195,236
1901568,208,8,61,54,240,234
1901769,155,8,212,54,116,237
1901969,244,9,54,56,39,236
1902170,102,10,175,54,164,235
1902370,194,10,152,54,167,236
1902571,14,9,242,54,243,235
1902771,121,9,205,54,206,237
1902972,52,9,62,54,244,235
1903172,82,9,2,55,210,236
1903373,232,8,129,55,128,236
1903573,193,8,212,54,136,236
1903774,44,9,212,53,88,235
1903974,224,8,220,53,150,236
1904175,229,9,107,55,206,235
1904375,239,8,167,54,99,236
1904576,49,10,220,55,76,236
1904776,140,8,114,53,152,236
1904976,76,9,138,54,229,235
1905177,90,9,175,55,117,235
1905377,209,8,137,54,79,234
1905578,48,8,69,55,106,236
1905778,64,10,2,55,188,236
1905979,36,9,152,54,2,236
1906179,208,8,250,54,166,234
1906380,144,9,62,56,10,236
1906580,159,9,145,56,17,236
1906781,86,8,235,53,184,235
1906981,212,7,235,54,160,236
1907182,63,8,69,54,223,235
1907382,137,9,212,54,118,235
1907582,147,8,130,53,248,234
1907783,167,9,250,54,132,235
1907983,121,9,114,54,51,235
1908184,216,8,10,54,106,236
1908384,152,9,122,54,127,235
1908585,44,9,160,56,7,237
1908785,221,9,62,55,175,234
1908986,208,8,40,54,158,236
1909186,164,10,47,53,45,235
1909387,41,10,114,55,236,235
1909587,48,8,62,54,140,235
1909788,198,9,69,55,95,235
1909988,18,8,175,54,202,236
1910189,28,7,24,55,224,236
1910389,67,9,54,55,172,236
1910590,68,9,212,54,235,237
1910790,186,8,2,55,228,235
1910990,240,8,152,55,62,236
1911191,86,8,100,55,40,236
1911391,186,8,228,54,13,237
1911592,60,9,160,54,188,236
1911792,171,10,9,54,133,235
1911993,40,8,212,55,9,236
1912193,25,8,145,54,96,235
1912394,232,8,84,55,247,236
1912594,155,8,242,54,10,236
1912795,126,10,84,54,253,235
1912995,182,9,236,55,16,235
1913196,136,9,77,55,112,237
1913396,198,9,77,55,169,235
1913597,10,8,182,54,185,237
1913797,182,9,100,56,192,235
1913997,243,9,114,54,95,235
1914198,220,9,160,55,98,236
1914398,190,9,190,54,162,235
1914599,14,9,9,54,96,237
1914799,206,9,54,55,193,233
1915000,3,10,10,56,106,236
1915200,17,8,175,54,246,236
1915401,14,9,107,54,113,236
1915601,160,9,175,55,58,235
1915802,25,8,54,55,84,236
1916002,139,8,70,54,184,235
1916203,121,9,92,55,179,235
1916403,71,8,190,54,248,234
1916604,144,9,205,54,192,235
1916804,202,10,144,55,244,235
1917005,132,8,1,54,199,235
1917205,228,7,92,54,151,234
1917406,114,9,24,54,126,235
1917606,147,8,250,54,181,234
1917806,109,8,160,54,134,235
1918007,45,9,114,54,128,236
1918207,71,8,228,53,116,236
1918408,236,9,137,54,24,236
1918608,193,8,212,54,68,235
1918809,208,8,32,55,236,235
1919009,194,8,17,54,199,235
1919210,178,8,137,55,115,236
1919410,156,8,107,55,98,236
1919611,162,8,24,54,130,236
1919811,152,9,9,54,221,235
1920012,71,8,212,54,77,236
1920212,78,8,62,54,86,236
1920413,155,8,32,55,17,236
1920613,136,9,250,54,221,235
1920814,6,9,122,55,214,235
1921014,218,10,205,55,199,235
1921215,155,8,145,54,91,236
1921415,190,9,227,55,27,236
1921615,72,10,69,56,192,235
1921816,18,10,175,54,121,236
1922016,148,8,47,54,135,236
1922217,220,9,175,55,190,236
1922417,170,8,167,54,224,236
1922618,3,10,228,54,63,236
1922818,75,9,92,54,9,236
1923019,129,9,16,56,162,235
1923219,194,8,212,54,23,235
1923420,122,9,47,56,157,235
1923620,106,9,17,55,81,235
1923821,129,9,220,55,251,235
1924021,155,8,92,54,80,235
1924222,182,9,100,55,194,235
1924422,224,8,69,55,221,235
1924622,244,9,212,54,43,237
1924823,48,8,220,54,250,237
1925023,129,9,243,54,243,235
1925224,198,9,144,54,85,234
1925424,155,8,54,54,24,236
1925625,110,8,17,55,12,236
1925825,182,9,107,56,128,236
1926026,208,8,212,54,128,236
1926226,163,8,24,55,229,235
1926427,64,8,205,54,189,236
1926627,37,9,205,54,233,234
1926828,3,10,10,56,117,235
1927028,174,7,32,54,98,236
1927229,170,8,197,55,42,236
1927429,216,8,167,55,166,236
1927630,30,9,160,54,32,236
1927830,86,8,99,55,116,237
1928030,194,8,242,54,25,236
1928231,170,8,137,54,108,236
1928431,121,9,32,56,22,235
1928632,114,9,137,54,234,236
1928832,178,8,250,54,2,236
1929033,98,9,100,56,17,236
1929233,167,9,168,55,131,237
1929434,238,6,197,52,101,236
1929634,232,8,130,55,242,237
1929835,68,9,250,54,69,236
1930035,52,9,47,56,29,235
1930236,94,8,198,54,70,236
1930436,155,8,77,54,188,236
1930636,88,10,220,54,84,236
1930837,101,8,92,55,248,234
1931037,205,7,1,54,10,236
1931238,80,10,168,54,140,235
1931438,156,8,242,54,223,235
1931639,41,10,212,54,225,236
1931839,167,9,76,55,178,235
1932040,129,9,197,53,34,236
1932240,60,9,69,54,178,237
1932441,178,8,69,55,11,236
1932641,86,8,175,54,199,235
1932842,72,10,250,54,176,235
1933042,45,9,76,55,199,235
1933243,34,10,205,55,35,237
1933443,132,8,62,54,127,235
1933643,209,8,16,55,180,236
1933844,22,9,24,56,80,235
1934044,148,8,168,54,208,235
1934245,167,9,205,55,246,235
1934445,221,9,69,53,53,235
1934646,244,9,220,54,103,235
1934846,52,9,47,54,140,235
1935047,148,10,145,56,30,237
1935247,124,8,197,54,10,236
1935448,140,8,168,55,90,235
1935648,2,8,54,55,120,236
1935848,175,9,130,54,37,237
1936049,22,9,2,56,233,234
1936249,83,9,250,54,54,236
1936450,76,9,129,54,240,234
1936650,101,8,107,55,128,236
1936851,250,7,145,55,106,236
1937051,144,9,175,55,76,236
1937252,236,9,175,54,140,235
1937452,129,9,152,54,110,235
1937653,201,8,242,55,180,236
1937853,144,9,54,55,192,235
1938054,239,8,92,53,228,235
1938254,148,8,205,55,9,236
1938455,14,9,242,54,24,236
1938655,106,9,107,55,162,235
1938855,44,9,137,55,24,236
1939056,190,9,46,55,236,235
1939256,236,9,92,54,136,236
1939457,22,9,77,54,73,235
1939657,98,9,76,55,70,236
1939858,11,10,32,55,198,234
1940058,148,8,39,54,172,235
1940259,102,8,205,54,13,237
1940459,26,8,242,54,168,234
1940660,144,9,145,55,125,235
1940860,212,7,160,54,18,234
1941061,194,8,78,55,195,236
1941261,14,9,190,53,2,236
1941461,239,8,212,54,242,236
1941662,10,8,62,55,114,236
1941862,10,10,40,55,152,236
1942063,60,9,242,55,214,235
1942263,182,9,182,54,228,234
1942464,224,8,32,55,54,236
1942664,236,9,107,55,7,237
1942865,64,10,130,55,242,234
1943065,136,9,77,54,16,235
1943266,129,9,175,54,255,234
1943466,126,10,32,56,152,236
1943667,82,9,40,55,184,235
1943867,160,9,62,55,199,235
1944067,252,9,84,55,213,236
1944268,76,9,138,54,178,235
1944468,94,8,32,55,242,234
1944669,167,9,2,54,119,235
1944869,98,9,84,55,179,235
1945070,40,8,54,55,106,236
1945270,144,9,197,53,130,236
1945471,32,8,54,54,145,236
1945671,106,9,122,55,182,236
1945872,94,8,16,54,86,236
1946072,44,9,160,55,61,236
1946273,232,8,182,54,88,235
1946473,216,8,250,54,97,235
1946673,83,9,145,55,238,235
1946874,83,9,152,53,188,236
1947074,178,8,167,53,6,235
1947275,148,8,122,56,132,235
1947475,75,9,100,55,12,237
1947676,52,9,175,55,136,236
1947876,76,9,92,54,118,235
1948077,240,8,168,55,171,235
1948277,178,8,242,54,248,236
1948478,216,8,114,55,212,236
1948678,171,10,2,54,97,235
1948879,244,9,212,55,14,235
1949079,232,8,144,54,24,236
1949279,132,8,213,54,232,236
1949480,209,8,54,54,245,237
1949680,178,8,24,55,114,234
1949881,3,10,205,55,149,235
1950081,182,7,137,54,155,235
1950282,254,8,190,54,239,236
1950482,224,8,130,54,5,237
1950683,109,8,122,55,42,236
1950883,72,10,107,54,154,235
1951084,209,8,70,54,4,236
1951284,67,9,212,53,202,236
1951485,29,9,205,54,148,235
1951685,18,8,129,52,2,236
1951886,136,9,47,53,91,236
1952086,26,10,62,54,59,237
1952286,37,9,227,54,92,235
1952487,205,9,152,55,176,235
1952687,98,9,47,54,151,234
1952888,98,9,122,54,26,236
1953088,228,9,137,53,178,237
1953289,224,8,138,55,143,236
1953489,216,8,175,55,71,236
1953690,78,8,47,55,178,235
1953890,178,8,129,54,8,235
1954091,216,8,122,54,244,235
1954291,109,8,17,55,66,235
1954492,122,9,250,54,120,235
1954692,238,6,204,54,50,236
1954893,236,9,24,54,15,237
1955093,231,8,2,56,192,235
1955293,76,9,40,55,245,235
1955494,98,9,54,56,229,235
1955694,247,8,69,53,89,237
1955895,252,9,47,55,136,236
1956095,175,9,9,55,229,235
1956296,34,10,24,55,250,235
1956496,14,9,242,54,82,235
1956697,33,8,213,53,134,235
1956897,90,9,32,55,70,236
1957098,56,10,40,55,78,236
1957298,52,9,122,55,216,235
1957499,48,8,182,55,206,235
1957699,186,8,69,55,12,236
1957899,210,10,160,54,80,237
1958100,242,7,31,54,184,235
1958300,202,8,190,54,150,236
1958501,68,9,69,55,171,235
1958701,44,9,167,54,253,235
1958902,129,9,137,54,141,235
1959102,220,9,100,55,29,235
1959303,102,8,54,55,188,235
1959503,205,9,197,54,32,236
1959704,22,9,250,53,90,235
1959904,232,8,32,56,86,236
1960105,147,8,32,54,188,234
1960305,44,9,182,54,242,236
1960506,216,8,32,54,134,235
1960706,36,9,250,54,152,236
1960906,98,9,39,54,125,235
1961107,216,8,182,54,97,235
1961307,94,8,16,54,34,236
1961508,201,8,175,55,216,235
1961708,121,9,183,54,76,236
1961909,247,8,32,55,68,235
1962109,122,9,107,53,247,236
1962310,228,9,205,53,6,235
1962510,86,8,47,55,62,236
1962711,155,8,152,55,95,235
1962911,244,9,100,55,34,236
1963112,194,8,85,55,150,236
1963312,110,8,144,54,190,236
1963512,52,9,115,55,158,236
1963713,228,7,220,54,152,236
1963913,144,9,228,54,59,237
1964114,14,9,198,54,82,237
1964314,136,9,114,55,112,235
1964515,52,9,197,54,113,236
1964715,182,9,152,54,16,237
1964916,239,8,137,54,128,236
1965116,155,8,24,56,114,234
1965317,106,9,47,56,92,234
1965517,6,9,62,55,212,236
1965718,198,9,235,53,158,236
1965918,124,8,114,54,208,237
1966119,60,9,130,54,130,236
1966319,95,10,243,54,97,235
1966519,17,8,175,55,224,236
1966720,220,7,99,54,173,235
1966920,205,9,235,53,199,235
1967121,29,9,220,54,131,234
1967321,212,7,77,53,44,237
1967522,235,7,107,53,68,235
1967722,236,9,228,55,231,235
1967923,18,10,198,54,253,235
1968123,217,8,84,54,142,235
1968324,75,9,77,55,197,236
1968524,232,8,32,55,2,238
1968725,182,7,152,54,192,235
1968925,193,8,54,55,97,235
1969125,41,10,174,54,130,236
1969326,224,8,152,55,32,237
1969526,98,9,174,54,84,237
1969727,30,9,204,53,47,235
1969927,104,7,227,53,195,235
1970128,178,8,62,54,0,234
1970328,182,9,205,54,2,237
1970529,82,9,40,55,49,236
1970729,255,8,2,55,37,237
1970930,190,9,99,53,166,235
1971130,3,10,212,52,214,236
1971331,224,8,235,54,251,236
1971531,11,10,152,54,63,236
1971731,45,9,175,54,169,235
1971932,64,10,69,54,102,236
1972132,186,8,137,54,88,235
1972333,204,7,9,56,151,235
1972533,90,9,228,54,136,236
1972734,60,9,24,54,242,234
1972934,240,8,39,55,180,235
1973135,90,9,228,52,164,235
1973335,201,8,152,55,232,235
1973536,160,9,114,55,176,236
1973736,210,10,84,54,4,236
1973937,2,8,9,55,167,236
1974137,37,9,122,55,42,236
1974337,52,9,84,54,196,235
1974538,175,9,235,53,165,236
1974738,75,9,32,56,230,235
1974939,214,9,129,54,131,234
1975139,117,8,100,55,90,235
1975340,14,9,84,55,186,235
1975540,197,7,213,54,133,237
1975741,175,9,168,55,238,235
1975941,90,9,54,55,209,233
1976142,37,9,2,56,88,235
1976342,75,9,152,55,186,235
1976543,190,9,183,56,92,236
1976743,90,9,152,53,58,236
1976943,29,9,152,53,28,237
1977144,18,10,250,55,198,234
1977344,213,9,174,55,20,237
1977545,152,9,190,55,37,237
1977745,144,9,160,54,74,235
1977946,175,9,99,55,120,235
1978146,221,9,152,55,170,237
1978347,94,8,250,54,136,236
1978547,75,9,16,54,106,236
1978748,182,9,54,54,49,236
1978948,144,9,198,54,218,235
1979149,202,8,190,55,1,235
1979349,95,10,62,56,229,235
1979550,26,8,92,54,214,235
1979750,232,8,92,54,148,235
1979950,155,8,205,53,45,235
1980151,159,9,168,55,176,234
1980351,224,8,205,54,219,236
1980552,167,9,9,55,128,235
1980752,44,9,122,54,206,235
1980953,190,9,17,54,70,235
1981153,86,8,39,55,110,235
1981354,239,8,138,55,224,236
1981554,240,8,84,53,121,236
1981755,40,8,235,54,244,234
1981955,87,10,9,55,184,235
1982156,30,9,152,54,165,236
1982356,82,9,220,54,0,237
1982556,3,10,114,55,30,235
1982757,251,9,16,55,39,236
1982957,83,9,160,53,24,236
1983158,224,8,2,55,220,234
1983358,140,10,2,55,89,237
1983559,216,8,16,55,208,235
1983759,30,9,242,54,255,234
1983960,45,9,62,54,189,236
1984160,6,9,129,55,192,235
1984361,244,9,77,55,125,235
1984561,247,8,235,54,201,235
1984762,216,8,92,55,70,236
1984962,163,8,167,55,210,235
1985163,114,9,1,55,12,236
1985363,242,7,168,54,215,235
1985563,220,9,174,55,17,236
1985764,117,8,250,54,245,235
1985964,140,8,227,54,192,237
1986165,152,9,100,55,59,237
1986365,198,9,17,55,244,234
1986566,182,7,160,55,226,236
1986766,109,8,167,54,190,234
1986967,29,9,32,56,71,236
1987167,29,9,100,55,66,235
1987368,144,9,122,53,138,236
1987568,128,9,228,53,123,236
1987769,232,8,243,53,192,235
1987969,52,9,40,54,224,235
1988170,216,8,175,53,86,236
1988370,155,8,100,55,83,235
1988570,129,9,175,55,234,236
1988771,201,8,198,54,4,236
1988971,178,8,84,54,230,235
1989172,155,8,160,55,68,235
1989372,18,10,220,54,208,235
1989573,97,7,228,54,125,235
1989773,228,9,205,54,137,236
1989974,201,8,160,54,195,236
1990174,247,8,32,55,23,235
1990375,109,8,114,55,104,235
1990575,91,9,122,55,32,235
1990776,86,8,205,54,197,236
1990976,156,8,92,55,142,235
1991176,22,9,84,54,140,237
1991377,247,8,39,55,131,234
1991577,152,9,220,54,180,235
1991778,250,7,32,55,129,235
1991978,178,8,92,54,206,236
1992179,220,7,198,54,161,236
1992379,129,9,167,53,54,235
1992580,231,8,205,55,19,236
1992780,144,9,144,55,150,237
1992981,186,8,190,53,200,235
1993181,60,9,190,54,45,235
1993382,29,9,69,55,170,237
1993582,56,8,122,55,250,234
1993782,132,8,174,54,219,236
1993983,124,8,32,54,38,235
1994183,126,10,108,56,144,235
1994384,18,10,145,55,245,235
1994584,98,9,84,54,120,237
1994785,250,7,168,54,210,237
1994985,240,8,182,54,160,236
1995186,152,9,17,56,91,235
1995386,64,10,10,55,13,236
1995587,247,8,175,54,191,236
1995787,136,9,145,54,177,234
1995988,9,8,182,55,26,236
1996188,175,9,235,54,109,236
1996388,247,8,84,54,46,235
1996589,117,8,107,53,66,237
1996789,204,7,212,54,245,235
1996990,156,10,32,55,167,236
1997190,182,9,92,55,90,235
1997391,174,7,190,55,234,236
1997591,239,8,122,55,48,236
1997792,26,10,242,55,219,236
1997992,232,8,145,54,229,234
1998193,236,9,62,55,11,236
1998393,44,9,182,54,211,236
1998594,40,8,77,54,174,236
1998794,56,10,175,54,22,237
1998994,155,8,242,54,82,235
1999195,86,8,235,54,23,235
1999395,6,9,235,54,64,236
1999596,144,9,182,55,142,235
1999796,102,8,190,54,10,236
1999997,94,8,220,53,186,235
2000197,244,9,47,54,86,236
2000398,129,9,84,55,156,235
2000598,156,10,182,54,12,236
2000799,29,9,46,54,88,235
2000999,36,9,182,54,149,235
2001200,242,7,107,55,130,236
2001400,33,10,62,56,38,235
2001600,152,9,62,54,233,236
2001801,94,8,160,54,90,235
2002001,45,9,235,54,95,236
2002202,168,9,144,55,94,237
2002402,3,10,228,53,206,235
2002603,214,9,69,55,34,236
2002803,201,8,182,55,110,235
2003004,232,8,62,54,193,235
2003204,160,11,160,54,252,235
2003405,22,9,122,55,194,235
2003605,14,9,152,54,82,235
2003806,152,9,32,55,203,235
2004006,87,10,9,54,182,236
2004207,118,10,47,56,132,236
2004407,113,9,242,54,198,234
2004607,186,8,54,54,84,235
2004808,91,9,168,54,26,236
2005008,238,6,182,54,240,235
2005209,183,9,10,54,127,235
2005409,236,9,9,54,101,236
2005610,52,9,84,55,51,235
2005810,216,8,114,55,218,235
2006011,232,8,198,55,136,235
2006211,136,9,54,54,12,236
2006412,198,9,69,55,23,235
2006612,175,9,70,54,56,236
2006813,83,9,182,54,216,237
2007013,232,8,242,54,97,235
2007213,113,9,144,53,93,236
2007414,70,8,122,54,186,237
2007614,160,9,242,53,46,237
2007815,175,9,47,53,80,236
2008015,40,8,250,53,154,235
2008216,163,8,92,54,132,235
2008416,186,8,54,56,206,235
2008617,159,9,242,53,194,235
2008817,132,8,175,53,165,236
2009018,158,7,54,56,127,235
2009218,148,8,227,52,23,235
2009419,198,9,69,53,24,236
2009619,197,9,175,54,204,236
2009820,129,9,197,54,206,235
2010020,186,8,198,54,35,237
2010220,164,10,16,55,254,233
2010421,26,10,167,55,133,235
2010621,80,10,62,55,204,234
2010822,159,9,24,54,51,235
2011022,216,8,77,55,64,237
2011223,148,8,197,53,83,236
2011423,25,8,152,55,97,235
2011624,201,8,39,54,44,235
2011824,156,10,9,55,125,235
2012025,42,10,235,54,41,236
2012225,76,9,130,55,232,236
2012426,206,9,220,54,173,236
2012626,167,9,24,54,162,235
2012826,255,8,84,54,118,237
2013027,206,9,130,55,149,235
2013227,56,8,69,54,1,235
2013428,170,8,47,55,78,236
2013628,14,9,2,55,2,236
2013829,114,9,84,54,156,235
2014029,106,9,137,54,70,236
2014230,83,9,250,55,19,236
2014430,175,9,152,54,93,236
2014631,110,10,54,54,39,236
2014831,116,8,152,55,29,235
2015032,22,9,160,54,2,236
2015232,155,8,205,54,164,235
2015432,56,10,152,56,187,233
2015633,34,10,92,55,104,237
2015833,152,9,76,54,231,235
2016034,172,10,84,54,106,236
2016234,208,8,92,54,19,236
2016435,163,8,213,54,14,237
2016635,56,8,182,54,106,234
2016836,56,8,152,54,108,236
2017036,63,8,228,54,44,235
2017237,194,8,212,54,140,234
2017437,30,9,250,53,122,236
2017638,251,9,62,55,138,234
2017838,75,9,76,54,73,235
2018039,205,9,205,54,236,235
2018239,48,8,84,54,88,235
2018439,40,8,69,54,168,237
2018640,48,8,62,55,73,235
2018840,190,9,39,55,94,237
2019041,29,9,77,55,140,235
2019241,167,9,190,55,125,235
2019442,156,8,235,54,90,235
2019642,178,8,114,54,162,235
2019843,114,9,197,54,47,236
2020043,212,7,9,54,54,236
2020244,171,8,70,54,88,235
2020444,128,9,77,54,0,237
2020645,155,8,62,54,19,236
2020845,45,9,175,54,112,235
2021045,162,8,235,54,187,236
2021246,178,8,69,55,189,236
2021446,227,7,212,54,19,236
2021647,52,9,24,54,188,234
2021847,206,9,24,55,24,236
2022048,60,9,145,54,56,236
2022248,254,8,168,55,221,235
2022449,14,9,85,54,24,236
2022649,75,9,137,54,128,236
2022850,224,8,92,54,24,236
2023050,148,10,24,55,58,237
2023251,206,9,17,54,222,235
2023451,186,8,54,55,86,236
2023652,252,9,228,54,110,235
2023852,239,8,137,54,205,234
2024052,94,8,107,54,186,235
2024253,155,8,182,55,67,235
2024453,117,8,167,54,30,235
2024654,190,9,167,55,132,235
2024854,67,9,76,54,162,235
2025055,163,8,32,54,72,237
2025255,170,8,32,54,6,235
2025456,44,9,234,53,136,236
2025656,11,10,204,53,217,236
2025857,7,9,107,54,143,236
2026057,126,10,235,54,128,236
2026258,74,7,220,54,176,235
2026458,86,8,107,55,121,236
2026659,140,10,152,54,132,235
2026859,124,8,175,54,41,236
2027059,60,9,16,55,106,236
2027260,41,10,220,54,177,235
2027460,243,7,32,54,185,235
2027661,63,8,190,55,132,235
2027861,83,9,32,55,160,234
2028062,110,8,190,54,179,235
2028262,56,10,235,54,24,236
2028463,22,9,8,55,64,237
2028663,255,8,32,54,17,236
2028864,144,9,250,54,210,236
2029064,75,9,17,55,16,235
2029265,82,9,206,55,49,236
2029465,144,9,54,54,243,235
2029666,209,8,77,55,32,236
2029866,22,9,24,55,10,236
2030066,163,8,16,55,113,236
2030267,156,8,144,54,54,236
2030467,160,9,182,56,86,236
2030668,209,8,77,54,92,236
2030868,22,9,62,55,62,236
2031069,18,10,235,54,66,235
2031269,71,8,92,54,150,236
2031470,22,9,47,54,253,235
2031670,201,8,92,54,106,236
2031871,190,9,137,54,25,236
2032071,41,10,220,54,169,235
2032272,220,9,69,53,91,236
2032472,193,8,62,55,149,235
2032673,232,8,32,56,154,235
2032873,216,8,92,54,204,236
2033074,201,8,9,55,225,236
2033274,22,9,16,55,62,236
2033474,144,9,235,54,100,236
2033675,106,9,242,53,251,235
2033875,109,8,160,55,110,237
2034076,106,9,168,54,218,234
2034276,6,9,9,55,32,236
2034477,25,8,40,54,143,236
2034677,247,8,242,53,132,235
2034878,232,8,168,55,206,235
2035078,44,9,160,54,121,236
2035279,37,9,152,56,54,236
2035479,250,7,228,54,106,236
2035680,206,9,40,54,28,237
2035880,122,9,130,55,51,235
2036081,132,8,228,54,209,236
2036281,18,10,167,54,24,236
2036481,217,8,24,55,250,235
2036682,216,8,227,54,98,236
2036882,232,8,182,53,221,235
2037083,29,9,160,54,91,236
2037283,198,9,175,54,224,236
2037484,224,8,250,54,44,235
2037684,3,10,24,55,43,235
2037885,224,8,62,54,20,237
2038085,110,10,32,55,164,235
2038286,114,9,54,55,217,236
2038486,212,7,175,54,60,235
2038687,182,9,77,55,184,235
2038887,79,8,130,54,47,236
2039088,84,9,9,55,32,236
2039288,18,8,175,55,244,235
2039489,118,10,243,54,98,236
2039689,144,9,227,53,73,235
2039889,49,10,160,54,217,236
2040090,136,9,9,55,17,236
2040290,84,9,47,54,62,236
2040491,228,9,130,55,196,234
2040691,6,9,137,55,24,236
2040892,252,9,100,54,20,237
2041092,186,8,144,54,51,235
2041293,71,8,9,54,244,235
2041493,232,8,40,56,199,235
2041694,95,10,190,55,247,236
2041894,10,10,76,55,54,236
2042095,60,9,77,55,98,236
2042295,72,10,39,54,143,236
2042496,190,9,9,55,159,234
2042696,37,9,152,55,184,235
2042896,106,9,167,55,244,235
2043097,167,9,130,54,154,237
2043297,247,8,114,54,165,236
2043498,224,8,122,54,244,235
2043698,133,10,24,56,158,236
2043899,29,9,62,56,12,236
2044099,14,9,2,55,2,236
2044300,64,10,167,54,196,234
2044500,45,9,70,54,106,236
2044701,197,7,9,54,29,235
2044901,247,8,190,56,158,236
2045102,90,9,198,54,2,236
2045302,167,9,24,56,114,236
2045503,167,9,220,55,140,235
2045703,220,9,77,55,217,236
2045904,86,8,107,54,21,235
2046104,129,9,24,56,76,236
2046304,30,9,32,56,246,235
2046505,14,9,167,55,94,237
2046705,167,9,137,55,54,236
2046906,172,10,122,56,94,237
2047106,18,10,84,55,251,235
2047307,250,7,114,55,25,236
2047507,155,8,92,54,251,235
2047708,213,9,84,56,101,236
2047908,136,9,24,56,76,236
2048109,167,9,115,55,232,236
2048309,143,7,198,54,99,236
2048510,236,9,54,54,230,235
2048710,75,9,77,55,170,235
2048911,164,10,205,54,117,235
2049111,175,9,152,54,158,234
2049312,109,8,144,54,84,236
2049512,121,9,250,53,108,237
2049712,227,7,235,54,69,236
2049913,113,9,137,55,239,236
2050113,178,8,130,54,240,234
2050314,18,10,174,54,66,235
2050514,235,7,138,54,156,237
2050715,206,9,62,55,197,236
2050915,152,9,84,54,99,236
2051116,160,9,130,54,120,235
2051316,129,9,2,54,232,236
2051517,64,10,62,55,165,236
2051717,18,10,70,55,136,236
2051918,114,9,250,53,36,235
2052118,136,9,212,54,118,235
2052319,37,9,24,53,251,235
2052519,98,9,137,53,40,236
2052720,205,9,228,55,125,235
2052920,232,8,99,55,17,236
2053120,198,9,9,55,165,236
2053321,114,9,24,54,188,236
2053521,155,8,228,54,202,236
2053722,136,9,242,54,46,236
2053922,148,8,144,53,59,237
2054123,198,9,250,55,88,235
2054323,80,10,130,55,172,236
2054524,118,10,197,54,122,234
2054724,94,8,76,55,128,236
2054925,17,8,16,54,20,237
2055125,70,8,235,54,121,236
2055326,159,9,69,53,120,235
2055526,44,9,70,55,44,235
2055727,30,9,39,55,180,236
2055927,102,8,130,55,172,236
2056127,22,9,190,55,25,236
2056328,240,8,54,55,166,236
2056528,98,9,39,54,88,235
2056729,148,8,198,55,165,236
2056929,37,9,242,53,154,237
2057130,2,8,54,55,18,234
2057330,49,10,205,51,35,237
2057531,147,8,17,54,2,236
2057731,144,9,190,54,14,235
2057932,68,9,69,55,154,235
2058132,40,8,92,54,114,234
2058333,102,8,190,54,188,234
2058533,79,8,107,55,143,236
2058733,102,8,84,56,211,234
2058934,49,10,62,55,95,235
2059134,148,8,243,55,110,235
2059335,90,9,197,54,96,235
2059535,224,8,228,53,132,235
2059736,224,8,198,55,206,235
2059936,140,10,182,54,17,236
2060137,68,9,250,53,224,236
2060337,224,8,243,54,51,235
2060538,136,9,168,54,120,235
2060738,198,9,145,55,103,235
2060939,170,8,152,54,192,235
2061139,63,8,182,53,199,235
2061340,190,9,212,53,166,234
2061540,224,8,9,55,158,236
2061740,44,9,145,54,21,235
2061941,206,9,183,54,244,235
2062141,22,11,107,54,72,237
2062342,190,9,84,55,195,236
2062542,137,9,197,53,103,235
2062743,45,9,160,55,24,236
2062943,101,8,77,55,158,236
2063144,232,8,190,55,10,236
2063344,220,9,92,54,243,235
2063545,140,8,54,56,40,236
2063745,117,8,100,54,6,235
2063946,37,9,137,54,248,234
2064146,22,9,182,54,62,236
2064347,247,8,250,54,233,234
2064547,90,9,235,53,76,236
2064748,30,9,242,53,232,236
2064948,204,7,84,56,25,236
2065148,152,9,205,54,118,235
2065349,41,8,168,55,46,236
2065549,30,9,190,53,236,235
2065750,91,9,138,54,128,236
2065950,147,8,122,54,161,237
2066151,144,9,212,54,216,235
2066351,136,9,54,54,128,236
2066552,22,9,144,54,236,235
2066752,102,8,228,54,32,236
2066953,17,8,243,53,135,236
2067153,213,9,32,55,95,235
2067354,3,10,250,54,244,235
2067554,182,9,2,55,195,236
2067755,160,9,198,54,88,235
2067955,190,9,212,55,172,235
2068155,94,8,198,53,184,235
2068356,155,8,9,54,21,235
2068556,30,9,250,53,77,236
2068757,182,9,160,56,98,236
2068957,78,8,182,54,58,235
2069158,148,8,152,54,110,235
2069358,82,9,212,54,38,235
2069559,170,8,167,54,244,235
2069759,163,8,220,53,87,237
2069960,232,8,168,54,251,235
2070160,75,9,152,54,48,236
2070361,206,9,137,54,69,236
2070561,251,9,174,55,61,236
2070762,198,9,197,54,210,236
2070962,52,9,70,54,236,235
2071162,67,9,69,55,247,236
2071363,224,8,24,54,228,235
2071563,11,10,107,55,254,236
2071764,232,8,9,54,120,236
2071964,128,9,32,54,30,235
2072165,94,8,130,54,109,237
2072365,2,10,92,54,240,236
2072566,94,8,84,55,100,234
2072766,124,8,100,55,191,237
2072967,68,9,39,55,73,235
2073167,44,9,250,54,250,235
2073368,152,9,227,55,150,236
2073568,224,8,70,54,188,236
2073769,174,9,122,54,17,236
2073969,44,9,70,55,58,237
2074170,148,8,175,54,207,235
2074370,60,9,212,54,168,237
2074570,106,9,205,54,91,236
2074771,255,8,84,54,88,235
2074971,95,10,100,55,95,235
2075172,201,8,107,54,147,235
2075372,106,9,17,55,84,236
2075573,63,8,242,54,240,234
2075773,209,8,235,53,165,236
2075974,254,8,84,54,16,235
2076174,140,8,62,54,36,235
2076375,60,9,70,55,132,235
2076575,91,9,198,53,72,237
2076776,3,10,242,54,60,238
2076976,6,9,92,55,128,236
2077177,60,9,100,55,62,236
2077377,101,8,212,55,134,235
2077577,167,9,242,53,184,235
2077778,255,8,38,54,69,236
2077978,216,8,92,53,24,236
2078179,232,8,85,55,211,234
2078379,106,9,39,55,199,235
2078580,147,8,2,55,172,236
2078780,113,9,84,55,32,236
2078981,255,8,24,54,140,235
2079181,91,9,212,54,183,237
2079382,37,9,84,54,119,235
2079582,110,8,137,54,50,237
2079783,204,7,137,54,232,236
2079983,109,8,212,53,10,236
2080184,129,9,16,54,243,235
2080384,255,8,190,55,140,235
2080585,124,8,220,54,14,235
2080785,190,9,100,54,150,236
2080985,167,9,168,55,88,235
2081186,136,9,84,54,76,236
2081386,124,8,198,55,55,234
2081587,213,9,243,54,180,236
2081787,121,9,198,55,13,237
2081988,70,8,122,54,76,236
2082188,49,10,32,55,250,235
2082389,109,8,175,54,202,236
2082589,141,10,2,54,243,235
2082790,198,9,122,54,205,237
2082990,240,8,190,55,184,235
2083191,122,9,122,55,47,236
2083391,205,9,228,54,151,234
2083592,37,9,107,55,4,236
2083792,224,8,220,55,210,236
2083992,90,9,69,55,20,237
2084193,240,8,122,55,46,236
2084393,167,9,152,54,24,236
2084594,86,8,212,54,172,236
2084794,159,9,92,55,192,235
2084995,114,9,122,54,24,236
2085195,162,8,167,54,136,236
2085396,56,8,122,56,199,235
2085596,86,8,54,55,14,235
2085797,22,9,17,55,32,236
2085997,3,10,32,54,128,236
2086198,224,8,40,54,77,234
2086398,124,8,92,54,143,236
2086599,254,8,174,54,100,234
2086799,198,9,107,54,206,235
2086999,254,8,84,54,150,236
2087200,167,9,107,55,192,235
2087400,48,8,144,55,170,235
2087601,6,9,114,55,184,235
2087801,37,9,70,54,91,236
2088002,198,9,198,54,10,236
2088202,155,8,137,55,180,236
2088403,124,8,242,53,20,237
2088603,26,10,69,55,245,235
2088804,204,7,212,54,228,235
2089004,236,9,130,54,5,237
2089205,77,9,39,54,226,235
2089405,94,8,160,55,165,236
2089606,178,8,16,54,200,237
2089806,56,10,152,54,228,235
2090006,106,9,152,55,32,236
2090207,197,7,175,53,254,236
2090407,86,8,212,53,6,237
2090608,14,9,122,55,132,237
2090808,251,9,84,54,206,235
2091009,60,9,190,54,210,236
2091209,6,9,69,56,42,237
2091410,6,9,100,54,6,235
2091610,254,8,160,54,170,235
2091811,114,9,92,55,199,235
2092011,228,7,84,54,7,235
2092212,14,9,24,55,42,237
2092412,34,10,69,54,247,236
2092612,134,10,107,56,221,235
2092813,52,9,250,54,169,235
2093013,232,8,137,55,162,235
2093214,160,9,47,55,177,235
2093414,68,9,130,54,158,236
2093615,6,9,212,54,240,234
2093815,224,8,92,54,250,237
2094016,110,10,9,55,214,235
2094216,144,9,175,54,118,235
2094417,224,8,220,54,62,236
2094617,243,9,62,55,255,234
2094818,117,8,182,54,176,235
2095018,18,8,160,54,176,235
2095219,216,8,107,54,2,236
2095419,106,9,152,55,58,235
2095619,82,7,46,54,229,235
2095820,90,9,92,54,70,234
2096020,216,8,242,53,100,234
2096221,3,10,32,55,154,235
2096421,90,9,114,54,52,235
2096622,221,9,122,55,66,235
2096822,83,9,92,54,214,235
2097023,117,8,160,54,12,236
2097223,56,10,84,54,70,234
2097424,121,9,115,55,69,236
2097624,57,10,70,55,108,236
2097825,228,7,54,55,125,235
2098025,193,8,99,54,51,235
2098226,201,8,182,55,8,235
2098426,163,8,167,54,112,235
2098626,106,9,70,55,162,235
2098827,140,8,54,55,236,235
2099027,76,9,175,54,113,236
2099228,178,8,228,55,128,236
2099428,250,7,220,54,174,234
2099629,243,7,2,54,39,236
2099829,144,9,182,54,136,236
2100030,71,8,144,54,210,236
2100230,80,10,204,54,177,235
2100431,114,9,77,54,46,236
2100631,129,9,167,55,7,237
2100832,98,9,144,54,233,234
2101032,247,8,236,54,245,235
2101233,49,10,190,55,158,236
2101433,186,8,32,54,66,236
2101633,213,9,242,54,166,236
2101834,37,9,47,55,138,236
2102034,118,10,190,54,66,235
2102235,175,9,174,54,102,237
2102435,124,8,122,54,76,236
2102636,221,9,145,54,197,234
2102836,243,7,213,54,51,235
2103037,91,9,182,54,62,236
2103237,37,9,47,54,244,235
2103438,114,9,220,56,199,235
2103638,216,8,62,55,114,234
2103839,83,9,212,54,99,236
2104039,98,9,32,55,28,237
2104240,83,9,160,53,99,236
2104440,68,9,114,55,207,235
2104640,236,9,137,55,34,236
2104841,209,8,114,54,159,234
2105041,34,10,205,54,125,235
2105242,3,10,197,54,248,234
2105442,67,9,242,54,66,235
2105643,152,9,100,55,118,235
2105843,82,9,212,54,194,235
2106044,148,8,69,55,192,235
2106244,109,8,9,55,172,236
2106445,175,9,190,54,39,236
2106645,190,9,190,54,87,237
2106846,212,7,24,55,240,236
2107046,22,9,130,55,180,236
2107246,86,8,99,55,240,236
2107447,216,8,2,55,73,235
2107647,109,8,9,55,10,236
2107848,186,8,16,55,64,236
2108048,239,8,175,55,102,235
2108249,182,9,77,54,99,236
2108449,167,9,130,56,26,234
2108650,98,9,145,54,236,235
2108850,86,8,2,55,110,235
2109051,98,9,77,54,58,235
2109251,90,9,122,54,192,235
2109452,75,9,182,54,210,236
2109652,52,9,212,55,178,235
2109852,56,8,227,54,9,236
2110053,144,9,205,54,192,235
2110253,239,8,243,54,132,235
2110454,140,8,137,54,98,236
2110654,155,8,69,55,136,236
2110855,136,9,235,55,132,235
2111055,170,8,220,53,220,237
2111256,228,9,137,54,150,236
2111456,194,8,24,56,124,235
2111657,182,9,84,56,114,234
2111857,14,9,220,55,214,235
2112058,29,9,152,53,206,235
2112258,30,9,46,55,42,237
2112459,117,8,250,54,236,235
2112659,163,8,235,54,57,237
2112859,18,10,228,53,36,235
2113060,102,8,130,54,251,235
2113260,79,10,205,55,244,235
2113461,129,9,212,53,173,236
2113661,152,9,250,55,221,235
2113862,216,8,2,55,221,235
2114062,11,10,2,55,58,235
2114263,186,8,32,55,5,237
2114463,186,8,122,54,28,237
2114664,40,8,62,55,62,236
2114864,23,11,243,54,61,236
2115065,37,9,228,54,144,236
2115265,186,8,77,54,72,237
2115466,14,9,99,54,244,235
2115666,114,9,160,53,226,236
2115866,34,10,62,56,206,235
2116067,114,9,145,55,14,235
2116267,17,8,175,54,55,234
2116468,10,10,160,55,54,236
2116668,144,9,16,54,147,235
2116869,86,8,17,54,98,236
2117069,224,8,92,55,53,235
2117270,255,8,77,54,207,235
2117470,18,10,197,54,106,236
2117671,10,10,129,54,12,237
2117871,98,9,107,55,8,235
2118072,71,8,167,54,250,237
2118272,178,8,32,55,69,236
2118472,194,8,92,55,221,235
2118673,204,7,190,55,62,236
2118873,201,8,16,55,53,235
2119074,6,9,160,54,51,235
2119274,63,8,32,54,166,236
2119475,87,10,85,56,240,234
2119675,80,10,160,54,66,235
2119876,220,7,32,54,146,237
2120076,129,9,32,55,24,237
2120277,152,9,69,55,77,235
2120477,34,10,84,55,132,235
2120678,251,9,145,55,54,236
2120878,198,9,47,55,155,235
2121079,44,9,167,54,149,235
2121279,198,9,99,55,113,236
2121480,113,9,9,55,57,237
2121680,167,9,115,54,110,235
2121881,224,8,9,55,54,236
2122081,90,9,137,54,240,234
2122281,186,8,92,54,177,235
2122482,67,9,213,54,99,236
2122682,86,8,212,53,248,236
2122883,56,8,144,54,106,236
2123083,114,9,69,54,177,235
2123284,252,9,54,55,58,235
2123484,121,9,138,55,110,235
2123685,198,9,212,53,212,236
2123885,40,8,242,54,91,236
2124086,186,8,190,54,95,235
2124286,170,8,137,54,169,235
2124487,156,8,160,53,255,234
2124687,25,8,24,54,98,236
2124888,117,8,114,54,58,235
2125088,6,9,137,54,188,234
2125288,239,8,122,54,172,236
2125489,255,8,168,53,54,236
2125689,102,10,10,55,184,235
2125890,244,9,39,55,98,236
2126090,41,10,204,54,106,236
2126291,91,9,168,54,255,234
2126491,166,7,182,55,150,236
2126692,216,8,213,54,180,236
2126892,170,8,32,55,240,236
2127093,163,8,17,54,28,235
2127293,102,8,2,55,114,236
2127494,136,9,100,56,106,236
2127694,178,8,144,54,98,236
2127895,137,9,62,55,155,235
2128095,178,8,24,55,14,235
2128296,232,8,77,55,116,236
2128496,155,8,122,54,178,235
2128696,213,9,9,55,69,236
2128897,120,7,220,54,134,235
2129097,34,10,62,55,21,235
2129298,175,9,16,56,22,237
2129498,255,8,69,54,197,236
2129699,201,8,137,55,176,235
2129899,133,10,16,55,51,236
2130100,121,9,130,54,179,235
2130300,250,7,242,55,226,236
2130501,83,9,16,55,45,235
2130701,68,9,107,54,115,236
2130902,124,8,84,54,238,235
2131102,155,8,234,54,0,237
2131303,201,8,228,54,110,235
2131503,224,8,220,53,251,235
2131704,148,8,99,54,42,236
2131904,250,7,235,55,12,236
2132104,144,9,212,54,186,235
2132305,37,9,2,55,90,238
2132505,224,8,92,55,145,236
2132706,190,9,24,56,121,236
2132906,52,9,152,54,93,236
2133107,228,9,220,54,138,236
2133307,181,7,137,54,72,237
2133508,113,9,160,54,254,236
2133708,137,9,24,56,136,234
2133909,121,9,212,54,12,237
2134109,6,9,32,55,149,235
2134310,30,9,9,54,173,236
2134510,228,9,24,55,242,236
2134711,91,9,32,54,26,236
2134911,129,9,77,55,78,236
2135111,216,8,182,54,200,235
2135312,4,10,205,54,124,236
2135512,173,7,115,54,232,235
2135713,144,9,107,55,78,236
2135913,45,9,235,53,126,237
2136114,109,8,107,55,121,235
2136314,202,8,152,55,25,235
2136515,64,8,92,55,136,235
2136715,29,9,197,54,104,235
2136916,71,8,114,54,181,235
2137116,251,9,137,54,158,235
2137317,194,8,32,55,106,235
2137517,181,7,54,55,66,236
2137718,209,8,242,54,122,236
2137918,216,8,190,54,59,237
2138119,6,9,8,53,212,236
2138319,121,9,212,54,185,237
2138519,216,8,92,55,130,236
2138720,33,10,242,55,0,237
2138920,198,9,9,55,177,236
2139121,170,8,77,55,46,237
2139321,255,8,190,55,29,237
2139522,195,10,85,55,24,236
2139722,240,8,152,55,42,237
2139923,162,8,24,55,235,234
2140123,82,9,205,53,138,236
2140324,6,9,17,55,194,235
2140524,182,9,100,55,202,236
2140725,121,9,160,54,149,235
2140925,14,9,2,54,232,235
2141126,48,8,167,54,152,236
2141326,22,9,160,53,56,236
2141526,189,7,152,54,136,235
2141727,14,9,39,54,25,235
2141927,98,9,107,54,123,236
2142128,136,9,32,54,181,235
2142328,29,9,250,54,54,237
2142529,159,7,32,55,142,235
2142729,68,9,100,55,40,235
2142930,137,9,54,55,182,236
2143130,121,9,160,55,65,236
2143331,209,8,227,54,157,235
2143531,122,9,130,55,170,234
2143732,148,8,54,55,242,234
2143932,49,10,129,54,140,235
2144133,194,8,62,55,23,235
2144333,220,7,77,54,169,236
2144534,106,9,2,55,104,237
2144734,255,8,122,54,243,236
2144934,124,8,47,55,12,236
2145135,186,8,32,55,244,235
2145335,80,10,39,55,106,236
2145536,148,8,130,56,49,236
2145736,37,9,62,54,136,236
2145937,78,8,198,53,19,236
2146137,95,10,205,55,82,237
2146338,67,9,39,55,219,236
2146538,193,8,62,54,140,236
2146739,140,8,137,54,34,236
2146939,194,8,54,55,84,237
2147140,83,9,32,54,121,235
2147340,18,8,122,54,246,235
2147540,178,8,9,56,92,236
2147741,216,8,92,54,3,235
2147941,232,8,152,55,78,236
2148142,22,9,32,55,162,235
2148342,98,9,114,55,171,235
2148543,6,9,9,54,154,236
2148743,125,8,160,55,78,236
2148944,114,9,152,54,206,236
2149144,224,8,145,55,162,236
2149345,137,9,152,54,162,236
2149545,22,9,212,54,222,234
2149745,0,11,220,54,61,237
2149946,109,8,9,55,182,236
2150146,14,9,70,55,6,236
2150347,155,8,54,54,202,235
2150547,163,8,205,54,77,235
2150748,162,8,84,54,154,236
2150948,251,9,205,55,238,235
2151149,174,9,17,54,138,234
2151349,254,8,39,56,82,235
2151550,175,9,122,55,186,235
2151750,98,9,62,55,99,235
2151951,71,8,204,53,168,234
2152151,14,9,24,54,164,235
2152352,224,8,174,53,110,234
2152552,11,10,107,54,102,236
2152753,114,9,32,55,23,235
2152953,148,8,46,55,225,235
2153153,220,7,2,55,17,236
2153354,209,8,167,54,253,235
2153554,2,8,62,55,26,236
2153755,167,9,234,54,115,236
2153955,95,10,160,55,92,235
2154156,128,7,190,54,161,234
2154356,129,9,227,55,43,236
2154557,148,8,107,54,36,236
2154757,156,10,227,54,151,235
2154958,52,9,54,54,232,235
2155158,60,9,92,55,124,236
2155359,60,9,137,54,169,236
2155559,214,9,129,54,178,235
2155760,78,8,92,55,102,236
2155960,60,9,2,54,130,236
2156161,170,8,130,55,40,235
2156361,228,9,70,54,148,235
2156562,166,7,212,54,23,235
2156762,148,8,114,53,12,236
2156962,91,9,228,54,64,236
2157163,6,9,54,55,46,235
2157363,26,8,152,55,38,235
2157564,14,9,114,54,147,235
2157764,224,8,220,54,67,235
2157965,216,8,9,55,201,235
2158165,83,9,69,54,119,235
2158366,56,10,220,54,19,236
2158566,205,9,39,55,84,235
2158767,217,8,47,55,35,236
2158967,201,8,250,53,16,237
2159168,232,8,24,54,9,237
2159368,190,9,9,54,6,236
2159569,178,8,227,56,40,235
2159769,163,8,54,54,110,236
2159970,94,8,228,54,10,235
2160170,247,8,198,55,17,235
2160371,132,8,54,54,47,235
2160571,205,9,122,55,90,237
2160771,190,9,24,55,44,235
2160972,14,9,235,55,226,236
2161172,109,8,198,54,34,236
2161373,221,9,220,54,124,234
2161573,60,9,46,55,41,236
2161774,25,8,9,54,55,235
2161974,236,9,130,55,210,235
2162175,60,9,160,53,58,236
2162375,240,8,47,56,22,237
2162576,251,9,212,55,56,236
2162776,75,9,77,53,110,236
2162977,247,8,2,55,173,235
2163177,29,9,152,55,255,235
2163378,6,9,190,54,75,235
2163578,26,10,167,54,142,235
2163779,2,8,40,56,42,236
2163979,201,8,212,55,124,236
2164179,136,9,212,54,200,234
2164380,86,8,84,54,252,234
2164580,114,9,76,55,176,236
2164781,14,9,250,54,252,235
2164981,56,10,220,53,210,235
2165182,152,9,220,55,2,235
2165382,34,10,54,55,99,235
2165583,114,9,107,55,243,236
2165783,182,9,198,54,170,237
2165984,220,9,220,54,114,235
2166184,171,8,84,54,167,236
2166385,242,7,70,55,72,236
2166585,22,9,227,53,188,235
2166786,250,7,122,55,88,236
2166986,45,9,167,54,46,237
2167187,30,9,220,53,154,236
2167387,56,8,122,54,176,236
2167588,221,9,100,54,201,235
2167788,252,9,220,53,43,236
2167988,56,8,220,54,86,236
2168189,63,8,167,54,164,235
2168389,152,9,160,55,204,236
2168590,102,8,92,54,107,235
2168790,155,8,24,53,173,235
2168991,45,9,39,54,62,235
2169191,228,9,198,55,75,235
2169392,94,8,198,55,188,235
2169592,182,9,144,54,219,236
2169793,228,7,16,54,254,235
2169993,190,9,70,55,95,236
2170194,22,9,69,55,9,237
2170394,148,8,16,56,219,236
2170595,136,9,212,55,136,235
2170795,147,8,167,56,43,236
2170996,37,9,212,54,17,235
2171196,22,9,70,55,200,237
2171396,232,8,250,55,24,235
2171597,134,10,24,54,42,234
2171797,22,9,16,54,43,236
2171998,95,10,197,54,54,235
2172198,158,7,212,54,146,236
2172399,7,9,250,53,232,235
2172599,144,9,9,57,9,237
2172800,144,9,84,55,151,235
2173000,136,9,250,54,62,235
2173201,129,9,212,54,151,235
2173401,209,8,250,53,109,236
2173602,170,8,160,54,96,234
2173802,178,8,213,54,103,234
2174003,243,7,205,53,134,235
2174203,255,8,24,55,36,236
2174404,144,9,175,55,51,236
2174604,60,9,137,55,28,236
2174805,44,9,62,54,62,235
2175005,26,10,92,55,166,235
2175205,232,8,190,54,132,236
2175406,224,8,152,54,98,237
2175606,126,10,212,54,111,237
2175807,121,9,197,54,48,235
2176007,232,8,250,54,225,235
2176208,94,8,24,55,248,235
2176408,148,8,235,53,180,235
2176609,182,9,84,55,7,237
2176809,90,9,84,54,3,235
2177010,224,8,144,54,55,235
2177210,235,7,122,55,204,236
2177411,228,7,212,54,128,237
2177611,42,10,69,54,251,234
2177812,98,9,47,55,142,235
2178012,121,9,47,56,172,235
2178213,152,9,32,55,108,236
2178413,32,8,84,54,122,235
2178613,70,8,92,55,123,238
2178814,4,10,167,54,66,236
2179014,240,8,144,55,152,236
2179215,124,8,197,54,80,236
2179415,114,9,24,55,236,236
2179616,122,9,24,54,196,235
2179816,37,9,205,54,236,236
2180017,167,9,54,55,20,236
2180217,125,8,212,54,146,236
2180418,64,8,32,55,255,235
2180618,3,10,62,55,72,236
2180819,94,8,174,53,40,235
2181019,198,9,182,55,17,237
2181220,83,9,84,54,76,237
2181420,252,9,175,53,240,235
2181621,152,9,24,54,47,235
2181821,228,9,144,54,158,235
2182021,7,9,39,55,181,235
2182222,6,9,92,54,114,235
2182422,235,7,46,54,198,236
2182623,18,8,235,54,36,236
2182823,95,10,145,54,139,236
2183024,82,9,220,55,150,237
2183224,240,10,24,56,92,235
2183425,82,9,152,55,55,235
2183625,6,9,137,55,28,236
2183826,212,7,250,54,140,236
2184026,98,9,69,55,58,236
2184227,48,8,69,54,246,235
2184427,182,9,17,55,99,235
2184628,83,9,100,54,181,235
2184828,106,9,197,53,147,236
2185029,231,8,160,54,209,237
2185229,228,9,152,55,240,235
2185430,124,8,10,55,185,234
2185630,98,9,129,54,66,236
2185830,132,8,16,55,181,235
2186031,83,9,130,55,199,236
2186231,182,9,145,55,51,236
2186432,14,9,160,53,106,237
2186632,30,9,250,54,96,234
2186833,2,10,212,53,18,235
2187033,44,9,242,54,143,237
2187234,14,9,167,54,184,236
2187434,155,8,250,53,213,236
2187635,113,9,84,54,166,235
2187835,106,9,129,55,110,236
2188036,148,8,220,53,80,236
2188236,206,9,227,53,117,236
2188437,106,9,92,54,203,235
2188637,49,10,62,55,232,235
2188838,152,9,242,53,110,236
2189038,82,9,77,55,10,235
2189238,106,9,137,54,254,235
2189439,209,8,220,56,151,235
2189639,125,10,16,55,178,234
2189840,75,9,54,55,222,234
2190040,68,9,242,54,14,236
2190241,240,8,1,55,62,235
2190441,137,9,32,55,210,235
2190642,98,9,137,54,88,236
2190842,11,10,62,55,43,236
2191043,22,9,32,54,31,237
2191243,26,10,24,55,21,236
2191444,33,10,220,54,172,237
2191644,86,8,130,56,13,236
2191845,78,8,77,54,124,236
2192045,204,9,144,54,45,236
2192245,66,7,122,56,236,234
2192446,32,8,77,54,218,235
2192646,114,9,220,53,6,236
2192847,90,9,167,53,136,235
2193047,98,9,167,55,178,234
2193248,29,9,78,54,174,235
2193448,17,8,107,55,240,235
2193649,42,10,228,55,240,235
2193849,250,7,24,54,102,236
2194050,186,8,122,56,88,234
2194250,148,8,54,54,146,236
2194451,90,9,204,54,210,235
2194651,178,8,114,54,21,236
2194852,32,8,152,54,114,235
2195052,56,10,228,54,214,234
2195252,34,10,250,53,172,237
2195453,60,9,62,55,188,235
2195653,6,9,136,54,106,237
2195854,0,11,9,55,250,236
2196054,140,8,47,55,77,235
2196255,147,8,145,55,176,238
2196455,232,8,107,55,90,237
2196656,237,8,107,54,146,235
2196856,25,8,250,54,158,235
2197057,201,8,77,54,173,235
2197257,117,8,39,54,144,235
2197458,187,10,84,54,32,235
2197658,56,8,32,54,248,235
2197859,67,9,2,56,196,235
2198059,228,9,227,54,254,237
2198260,242,7,122,54,222,234
2198460,185,8,40,55,103,236
2198660,33,8,220,54,166,235
2198861,236,9,182,55,36,236
2199061,209,8,182,53,70,235
2199262,155,8,175,54,146,236
2199462,152,9,168,54,158,235
2199663,155,8,235,54,32,235
2199863,90,9,99,55,14,236
2200064,213,9,9,55,169,236
2200264,254,8,32,55,68,237
2200465,83,9,212,54,117,236
2200665,48,8,100,54,72,236
2200866,224,8,122,54,178,234
2201066,247,8,168,53,252,234
2201267,29,9,182,54,144,235
2201467,164,10,10,55,88,236
2201667,60,9,114,55,243,236
2201868,21,9,235,53,158,235
2202068,114,9,39,54,210,235
2202269,90,9,212,55,206,236
2202469,36,9,235,53,72,236
2202670,197,9,250,53,248,235
2202870,106,9,220,55,225,235
2203071,10,10,220,54,54,235
2203271,37,9,198,55,147,236
2203472,45,9,70,55,104,234
2203672,144,9,242,54,169,236
2203873,136,7,242,54,158,235
2204073,82,9,2,55,128,235
2204274,72,10,54,56,195,235
2204474,48,8,198,54,117,236
2204675,159,9,24,55,6,236
2204875,30,9,24,55,173,235
2205075,240,8,152,54,117,236
2205276,124,8,39,55,80,236
2205476,75,9,62,55,191,236
2205677,152,9,228,54,32,235
2205877,52,9,190,54,70,235
2206078,60,9,220,54,173,235
2206278,18,10,182,54,228,236
2206479,56,10,16,54,21,236
2206679,6,9,32,55,226,235
2206880,67,9,114,55,170,234
2207080,10,8,242,54,77,235
2207281,189,7,39,54,2,237
2207481,83,9,220,53,66,236
2207682,29,9,54,54,181,235
2207882,106,9,2,54,203,235
2208083,68,9,70,55,144,235
2208283,250,7,234,53,103,234
2208483,14,9,115,54,162,236
2208684,34,10,197,54,172,237
2208884,213,9,62,54,218,235
2209085,114,9,190,54,251,234
2209285,98,9,198,53,92,235
2209486,178,8,10,55,80,236
2209686,129,9,137,54,46,237
2209887,48,8,114,53,148,234
2210087,40,8,130,54,106,235
2210288,178,8,168,54,166,235
2210488,151,7,114,55,244,234
2210689,49,10,47,55,70,235
2210889,201,8,182,54,240,235
2211090,164,10,32,56,159,233
2211290,136,9,144,53,218,235
2211491,213,9,2,55,178,234
2211691,250,7,114,54,195,235
2211892,148,10,137,55,69,235
2212092,254,8,47,55,180,235
2212292,220,9,190,55,24,237
2212493,71,8,54,54,126,234
2212693,205,7,189,51,87,236
2212894,247,8,62,56,213,236
2213094,236,6,114,54,190,235
2213295,233,10,39,55,168,236
2213495,194,8,9,55,163,234
2213696,144,9,182,54,103,234
2213896,201,8,167,54,232,235
2214097,247,8,24,56,232,235
2214297,217,8,227,53,243,236
2214498,247,8,69,55,69,235
2214698,34,10,107,54,192,236
2214899,201,8,160,54,47,235
2215099,110,8,84,55,102,236
2215300,6,9,145,53,136,235
2215500,232,10,16,54,162,236
2215700,175,9,17,54,21,236
2215901,75,9,212,54,10,237
2216101,91,9,168,54,118,234
2216302,155,8,235,54,50,236
2216502,140,8,235,53,162,236
2216703,22,9,198,54,43,236
2216903,216,8,9,54,252,234
2217104,213,9,1,55,99,235
2217304,92,8,250,53,30,236
2217505,144,9,70,54,177,234
2217705,152,9,212,53,218,235
2217906,137,9,130,57,102,236
2218106,213,9,114,54,73,236
2218307,171,8,205,54,85,235
2218507,170,8,17,56,169,236
2218708,239,8,100,55,252,234
2218908,14,9,24,54,13,236
2219109,232,8,114,55,213,236
2219309,29,9,39,54,58,236
2219509,105,7,39,53,46,237
2219710,13,7,32,55,92,235
2219910,117,8,182,55,99,235
2220111,67,9,242,54,226,233
2220311,56,10,122,55,95,236
2220512,41,10,250,54,55,235
2220712,125,10,84,54,80,236
2220913,124,8,40,55,198,236
2221113,190,9,9,55,50,236
2221314,64,8,54,54,32,235
2221514,240,8,39,56,95,236
2221715,44,9,212,54,98,237
2221915,244,9,242,53,199,236
2222116,175,9,138,54,218,235
2222316,178,8,9,55,14,236
2222516,190,9,144,54,148,234
2222717,132,8,145,54,20,236
2222917,11,10,24,55,102,236
2223118,3,10,62,54,124,236
2223318,30,9,100,55,203,235
2223519,236,9,1,55,126,234
2223719,10,8,54,55,24,237
2223920,40,8,175,54,173,235
2224120,239,8,129,55,32,237
2224321,68,9,243,54,117,236
2224521,152,9,9,54,232,235
2224722,190,9,190,55,250,236
2224922,160,9,77,55,2,235
2225122,80,10,39,54,121,235
2225323,163,8,54,55,69,235
2225523,72,10,182,54,35,236
2225724,92,11,92,56,46,237
2225924,69,11,122,55,232,235
2226125,78,8,213,54,58,236
2226325,182,9,84,54,84,235
2226526,178,8,9,53,77,235
2226726,52,9,122,54,147,236
2226927,198,9,92,55,46,237
2227127,247,8,137,55,17,237
2227328,159,9,46,54,154,236
2227528,216,8,190,54,100,235
2227729,178,8,152,55,166,235
2227929,198,9,190,54,144,235
2228130,82,9,100,54,88,236
2228330,83,9,70,56,143,235
2228530,83,9,130,54,106,235
2228731,80,10,167,54,21,236
2228931,56,8,62,54,9,237
2229132,197,7,24,55,10,235
2229332,63,8,190,55,136,235
2229533,64,10,182,54,159,235
2229733,83,9,220,54,40,235
2229934,114,9,92,54,162,236
2230134,10,10,228,54,128,235
2230335,206,9,235,54,46,237
2230535,155,8,24,55,250,236
2230736,228,9,145,54,132,236
2230936,255,8,84,55,232,235
2231136,29,9,235,54,214,234
2231337,239,8,107,56,151,235
2231537,186,8,250,53,146,236
2231738,122,9,205,54,110,236
2231938,144,9,85,55,50,236
2232139,236,9,205,54,9,237
2232339,2,8,144,55,140,234
2232540,167,9,69,55,14,236
2232740,110,8,62,55,232,235
2232941,29,9,175,54,43,236
2233141,194,8,62,56,236,236
2233342,71,8,212,54,62,235
2233542,220,9,235,54,221,236
2233742,46,10,130,55,134,236
2233943,122,9,242,55,198,236
2234143,254,8,122,54,154,236
2234344,90,9,107,55,143,235
2234544,91,9,182,54,61,237
2234745,247,8,54,55,120,237
2234945,182,9,24,53,72,236
2235146,140,10,16,55,65,236
2235346,52,9,130,54,252,234
2235547,214,9,115,56,84,235
2235747,10,10,242,54,107,235
2235948,205,9,70,55,196,235
2236148,232,8,77,55,54,235
2236348,109,8,16,54,58,236
2236549,26,10,182,54,207,234
2236749,213,9,114,54,92,235
2236950,132,8,77,55,43,236
2237150,213,9,205,54,120,237
2237351,48,8,8,55,143,235
2237551,121,9,69,55,166,235
2237752,168,8,107,55,12,235
2237952,182,9,130,54,144,235
2238153,90,9,92,54,198,236
2238353,144,9,175,54,95,236
2238554,124,8,160,55,218,235
2238754,232,8,137,54,184,236
2238955,251,7,234,53,147,236
2239155,91,9,220,55,66,236
2239355,193,8,137,54,232,235
2239556,2,8,32,55,151,235
2239756,121,9,250,55,203,235
2239957,143,7,17,55,198,236
2240157,247,8,122,54,207,234
2240358,232,8,160,54,132,236
2240558,227,7,242,53,255,235
2240759,170,8,46,54,144,235
2240959,198,9,227,54,54,235
2241160,66,9,62,54,212,235
2241360,36,9,243,54,203,235
2241561,160,9,17,56,62,235
2241761,116,8,175,55,144,235
2241962,186,8,2,55,114,235
2242162,186,8,160,54,54,237
2242362,167,9,130,54,192,236
2242563,242,7,228,54,173,235
2242763,227,7,70,56,73,236
2242964,248,10,144,55,218,235
2243164,125,10,122,54,162,236
2243365,254,8,175,55,173,235
2243565,213,9,228,55,228,236
2243766,198,9,137,54,70,235
2243966,156,10,250,54,154,236
2244167,114,9,62,55,95,236
2244367,244,9,137,55,188,235
2244568,125,8,160,54,203,235
2244768,83,9,100,54,225,235
2244968,170,8,122,54,36,236
2245169,63,8,228,53,65,236
2245369,14,9,69,55,162,236
2245570,221,9,174,54,236,236
2245770,125,8,212,54,121,235
2245971,205,9,198,54,43,236
2246171,224,8,197,55,173,235
2246372,64,10,242,54,106,235
2246572,44,9,175,54,233,235
2246773,236,9,16,55,132,236
2246973,122,9,100,54,51,236
2247174,86,8,190,54,36,236
2247374,216,8,167,54,110,236
2247574,47,10,205,53,235,233
2247775,78,8,9,55,218,235
2247975,221,9,152,54,99,235
2248176,114,9,205,55,158,237
2248376,228,9,220,54,198,236
2248577,198,9,92,55,248,235
2248777,48,8,212,53,221,236
2248978,240,8,47,55,213,236
2249178,6,9,16,54,62,235
2249379,201,8,227,53,77,235
2249579,45,9,122,54,229,234
2249780,33,10,32,53,154,236
2249980,56,10,160,53,218,235
2250180,154,8,144,54,97,236
2250381,102,8,160,54,184,234
2250581,40,8,182,54,117,236
2250782,190,9,182,54,121,235
2250982,152,9,242,54,124,236
2251183,71,8,242,54,77,235
2251383,117,8,190,53,55,235
2251584,68,9,235,54,21,236
2251784,106,9,114,54,73,236
2251985,44,9,212,54,220,236
2252185,198,9,174,53,243,236
2252386,227,7,69,54,107,235
2252586,90,9,175,55,150,235
2252786,22,9,84,53,84,235
2252987,144,9,100,54,240,235
2253187,136,7,107,56,210,235
2253388,228,9,107,54,54,237
2253588,63,8,70,54,25,235
2253789,163,8,62,54,73,236
2253989,160,8,77,54,15,236
2254190,175,9,69,55,195,235
2254390,216,8,2,54,210,235
2254591,110,8,85,55,176,236
2254791,14,9,160,56,25,235
2254992,244,9,122,55,90,237
2255192,102,8,40,55,207,234
2255393,80,10,24,55,247,235
2255593,216,8,16,54,247,235
2255793,21,9,32,55,54,237
2255994,29,9,220,53,191,236
2256194,29,9,114,55,146,236
2256395,170,8,114,54,203,235
2256595,41,10,77,54,173,235
2256796,96,9,190,54,74,236
2256996,255,8,62,55,206,236
2257197,178,8,32,55,162,236
2257397,137,9,40,55,247,235
2257598,160,9,152,55,128,237
2257798,102,10,250,54,184,236
2257999,60,9,2,55,236,234
2258199,194,8,235,56,88,236
2258400,101,8,122,53,80,236
2258600,249,9,242,54,27,235
2258800,60,9,70,54,21,236
2259001,253,8,145,54,45,236
2259201,216,8,84,54,46,237
2259402,56,8,99,54,240,235
2259602,71,8,190,53,166,235
2259803,240,8,235,54,169,236
2260003,132,8,32,54,240,235
2260204,155,8,130,55,132,236
2260404,22,9,39,54,66,234
2260605,106,9,160,55,247,235
2260805,188,9,234,54,116,235
2261006,68,9,235,53,243,236
2261206,194,8,2,55,51,236
2261407,98,9,76,54,199,236
2261607,90,9,2,55,72,236
2261808,193,8,190,54,46,237
2262008,175,9,190,55,40,235
2262209,247,8,175,54,154,236
2262409,94,8,190,54,58,236
2262609,121,9,243,54,33,235
2262810,6,9,130,55,110,236
2263010,251,9,168,55,88,236
2263211,208,8,32,55,47,235
2263411,182,9,243,54,114,235
2263612,148,8,212,52,58,236
2263812,152,9,130,55,95,236
2264013,12,9,92,54,153,235
2264213,83,9,152,55,121,235
2264414,37,9,190,55,110,234
2264614,52,9,62,55,247,235
2264815,10,8,145,55,69,235
2265015,186,8,198,54,198,236
2265215,37,9,250,54,209,237
2265416,128,7,175,54,99,235
2265616,67,9,160,55,133,234
2265817,194,10,32,54,252,234
2266017,60,9,160,54,84,235
2266218,126,10,160,54,187,237
2266418,202,8,54,56,16,237
2266619,41,10,137,55,143,235
2266819,221,9,130,54,40,235
2267020,163,8,62,55,106,235
2267220,22,9,16,54,202,235
2267421,128,9,2,54,232,235
2267621,129,9,204,54,210,235
2267822,155,8,69,54,125,236
2268022,14,9,183,55,213,236
2268222,217,8,92,56,202,237
2268423,228,9,32,54,225,235
2268623,33,8,107,54,250,236
2268824,90,9,197,53,250,236
2269024,121,9,107,55,192,236
2269225,221,9,235,53,222,234
2269425,82,9,174,54,14,236
2269626,109,8,197,53,172,237
2269826,83,9,160,55,73,236
2270027,106,9,204,54,31,237
2270227,114,9,69,54,87,236
2270428,114,9,182,54,240,235
2270628,167,9,160,54,121,235
2270829,22,9,39,54,73,236
2271029,221,9,107,55,151,235
2271230,114,9,62,56,218,235
2271430,155,8,160,54,121,235
2271631,254,8,145,53,110,236
2271831,170,8,160,54,248,235
2272031,125,8,168,54,139,236
2272232,12,9,92,54,198,235
2272432,144,9,182,54,158,235
2272633,56,10,17,55,184,236
2272833,201,8,77,54,240,235
2273034,126,10,2,55,176,236
2273234,75,9,122,55,151,235
2273435,205,9,47,54,136,235
2273635,106,9,167,54,144,235
2273836,178,8,77,55,255,235
2274036,170,8,182,54,114,235
2274237,221,9,235,53,42,236
2274437,162,8,47,54,54,237
2274638,35,9,197,54,83,234
2274838,67,7,24,54,99,235
2275039,208,8,77,55,20,236
2275239,48,8,32,54,6,236
2275439,6,9,235,54,136,235
2275640,78,8,190,53,35,236
2275840,140,8,130,55,106,235
2276041,144,9,190,54,184,236
2276241,163,8,197,54,243,236
2276442,37,9,236,55,99,235
2276642,83,9,137,54,21,236
2276843,57,10,212,53,87,236
2277043,220,7,242,53,191,236
2277244,194,8,182,53,252,234
2277444,193,8,100,54,169,236
2277645,252,8,190,54,226,237
2277845,2,8,92,53,208,234
2278046,208,8,24,55,70,237
2278246,102,10,69,55,247,235
2278446,122,9,9,56,84,235
2278647,52,9,32,55,36,236
2278847,56,10,220,54,24,237
2279048,30,9,243,54,133,234
2279248,167,9,182,55,25,235
2279449,188,9,62,55,141,236
2279649,109,8,227,54,151,235
2279850,144,9,242,54,147,236
2280050,208,8,190,54,210,235
2280251,180,9,182,54,96,236
2280451,3,10,190,54,62,235
2280652,129,9,84,55,248,235
2280852,207,8,174,53,42,235
2281053,213,9,55,55,210,235
2281253,102,10,250,54,13,236
2281453,250,7,85,56,129,235
2281654,98,9,198,53,129,235
2281854,70,8,77,55,66,236
2282055,6,9,212,54,55,235
2282255,60,9,107,54,146,236
2282456,232,8,205,54,92,235
2282656,170,8,144,54,36,236
2282857,41,10,107,55,166,235
2283057,232,8,227,53,232,235
2283258,56,8,130,53,28,236
2283458,78,8,145,54,110,236
2283659,198,9,92,54,232,235
2283859,178,8,122,54,146,236
2284060,198,9,100,54,109,236
2284260,201,8,175,54,184,236
2284461,250,7,168,55,244,234
2284661,182,7,69,55,32,237
2284861,78,8,122,55,151,235
2285062,209,8,40,54,62,235
2285262,206,8,190,54,49,235
2285463,253,8,212,54,8,236
2285663,219,9,220,54,38,236
2285864,132,8,137,54,240,235
2286064,240,8,16,55,114,235
2286265,141,7,24,55,222,236
2286465,96,9,212,53,12,235
2286666,132,8,137,55,62,235
2286866,124,8,175,55,162,236
2287067,6,9,16,54,191,236
2287267,224,8,92,55,20,236
2287468,0,8,100,54,193,236
2287668,232,8,130,55,255,235
2287869,45,9,84,55,236,234
2288069,136,9,84,55,229,234
2288269,6,9,145,54,255,235
2288470,236,9,70,54,110,234
2288670,167,9,9,55,106,235
2288871,214,8,167,54,194,234
2289071,44,9,39,54,40,235
2289272,216,8,182,54,184,234
2289472,132,8,32,56,199,236
2289673,220,9,92,55,100,235
2289873,140,8,16,55,3,235
2290074,194,10,70,54,77,235
2290274,75,9,137,54,200,234
2290475,6,9,54,54,202,235
2290675,124,8,2,55,173,235
2290876,121,9,2,56,58,236
2291076,11,10,190,53,158,235
2291276,152,9,62,55,68,237
2291477,230,8,100,55,15,236
2291677,121,9,130,54,136,235
2291878,136,9,39,55,39,237
2292078,175,9,107,54,28,236
2292279,213,9,250,53,24,237
2292479,184,8,228,55,119,236
2292680,109,8,167,55,180,235
2292880,152,9,182,56,50,236
2293081,212,9,62,55,193,236
2293281,88,9,182,54,123,235
2293482,124,8,212,54,80,236
2293682,1,10,250,54,235,235
2293883,24,10,40,54,34,235
2294083,214,8,2,55,200,236
2294284,248,7,174,54,56,237
2294484,37,9,220,53,121,235
2294684,136,9,130,55,240,235
2294885,247,8,160,53,69,237
2295085,186,8,198,54,66,236
2295286,18,10,228,53,124,236
2295486,45,9,204,54,247,235
2295687,41,10,114,55,214,234
2295887,90,9,115,55,65,236
2296088,156,10,39,54,148,234
2296288,141,10,242,53,84,235
2296489,232,8,39,54,102,236
2296689,178,8,130,54,16,237
2296890,18,8,212,54,210,235
2297090,80,10,47,54,180,235
2297290,121,9,25,55,110,236
2297491,175,9,114,54,195,235
2297691,52,9,100,56,54,235
2297892,6,9,182,55,103,234
2298092,244,9,235,54,254,235
2298293,37,9,40,55,248,235
2298493,60,9,130,54,62,235
2298694,228,9,100,55,6,236
2298894,175,9,167,54,47,235
2299095,251,9,32,56,132,236
2299295,75,9,167,54,114,235
2299496,121,9,160,54,132,236
2299696,162,8,152,54,124,236
2299896,235,7,182,53,98,237
2300097,255,8,2,55,236,236
2300297,83,9,228,53,132,236
2300498,60,9,198,55,154,236
2300698,10,8,144,54,62,235
2300899,152,9,198,54,206,236
2301099,118,10,242,54,36,236
2301300,161,8,159,54,82,236
2301500,34,10,182,54,55,235
2301701,199,8,107,55,16,236
2301901,247,8,69,54,147,236
2302102,2,10,107,54,173,235
2302302,239,8,70,55,6,236
2302503,52,9,9,55,218,235
2302703,191,8,235,55,30,236
2302904,142,9,145,55,230,236
2303104,203,9,122,55,186,234
2303304,126,10,205,55,202,235
2303505,45,9,24,55,24,237
2303705,54,8,16,55,175,235
2303906,201,8,84,54,47,235
2304106,167,9,92,54,198,236
2304307,28,9,2,56,51,236
2304507,60,9,243,55,132,236
2304708,150,9,9,53,156,236
2304908,241,10,144,54,88,236
2305109,190,9,228,52,110,236
2305309,75,9,235,55,236,234
2305510,44,9,32,54,72,236
2305710,171,10,250,54,65,236
2305911,212,9,145,54,206,236
2306111,37,9,1,55,2,237
2306312,194,8,227,53,218,235
2306512,144,9,24,56,21,236
2306712,252,9,24,55,13,236
2306913,35,9,197,54,197,235
2307113,221,9,107,55,184,234
2307314,178,8,62,55,173,235
2307514,3,10,2,55,98,237
2307715,60,9,24,54,221,236
2307915,236,9,47,54,225,235
2308116,124,8,99,55,162,236
2308316,52,9,220,55,255,235
2308517,110,8,137,54,240,235
2308717,68,9,24,54,186,237
2308918,178,8,250,54,180,235
2309118,170,8,250,54,203,235
2309319,75,9,9,54,68,237
2309519,144,9,54,53,202,235
2309719,118,10,250,55,102,236
2309920,233,7,129,55,8,236
2310120,76,8,84,54,0,236
2310321,170,8,175,54,22,234
2310521,113,9,54,54,192,234
2310722,212,9,32,55,241,233
2310922,130,8,130,54,182,235
2311123,242,7,228,54,169,236
2311323,18,10,122,54,218,235
2311524,138,8,167,54,97,236
2311724,247,8,160,54,2,235
2311925,59,11,24,54,168,235
2312125,144,9,228,54,2,237
2312326,132,8,32,55,3,235
2312526,60,9,62,56,200,234
2312726,252,8,212,54,52,236
2312927,36,9,250,53,162,234
2313127,14,9,39,55,3,235
2313328,192,8,100,54,27,235
2313528,104,9,84,54,204,235
2313729,239,8,54,54,162,236
2313929,6,9,77,54,54,235
2314130,220,9,70,55,121,235
2314330,144,9,70,55,176,236
2314531,3,10,40,55,36,236
2314731,112,9,197,54,205,235
2314932,66,9,107,53,212,235
2315132,126,9,152,54,156,236
2315333,157,9,122,54,245,236
2315533,224,8,190,55,28,236
2315734,153,8,197,54,189,237
2315934,52,9,206,55,106,237
2316134,137,9,62,55,217,235
2316335,226,9,99,53,130,235
2316535,10,8,107,54,252,234
2316736,98,9,84,56,92,235
2316936,190,9,250,55,140,236
2317137,188,9,129,55,156,236
2317337,164,7,77,54,200,236
2317538,106,9,92,54,254,235
2317738,91,9,130,54,154,236
2317939,190,9,235,53,221,236
2318139,4,9,39,55,205,235
2318340,92,8,114,55,101,235
2318540,155,8,99,54,43,236
2318741,22,9,9,55,6,236
2318941,152,9,137,55,110,236
2319141,184,8,234,53,79,235
2319342,14,9,242,54,61,237
2319542,153,8,220,54,97,236
2319743,204,7,9,54,65,236
2319943,255,8,62,55,80,236
2320144,14,9,76,55,140,234
2320344,140,8,212,54,54,235
2320545,188,9,9,55,237,236
2320745,90,9,32,55,225,235
2320946,86,8,54,55,18,235
2321146,193,8,62,55,173,235
2321347,19,9,84,55,190,235
2321547,180,7,9,55,116,235
2321748,21,7,242,54,243,236
2321948,98,9,2,55,206,236
2322149,226,9,182,53,94,235
2322349,66,9,182,54,168,235
2322549,178,8,122,54,181,235
2322750,153,8,205,53,220,235
2322950,94,8,152,54,169,236
2323151,126,9,77,55,0,236
2323351,239,8,182,54,50,236
2323552,130,8,220,55,171,236
2323752,159,9,107,54,24,237
2323953,8,10,235,53,134,236
2324153,60,9,100,55,144,235
2324354,220,9,137,55,199,236
2324554,14,9,24,55,244,234
2324755,130,8,84,55,52,236
2324955,247,8,235,54,218,235
2325156,230,8,228,54,163,236
2325356,198,9,160,55,247,235
2325556,160,9,77,54,240,235
2325757,232,8,190,55,72,236
2325957,237,8,77,54,52,236
2326158,170,8,227,55,42,238
2326358,47,10,130,55,112,236
2326559,252,9,84,54,232,235
2326759,67,9,100,54,240,235
2326960,232,8,175,54,21,236
2327160,109,8,160,54,114,235
2327361,239,8,182,53,54,237
2327561,147,8,16,54,58,236
2327762,6,9,54,54,106,237
2327962,25,8,228,54,184,234
2328163,144,9,167,55,191,236
2328363,216,8,100,55,14,236
2328563,123,8,17,55,167,235
2328764,152,9,24,55,2,235
2328964,219,7,92,54,92,235
2329165,25,8,212,53,58,236
2329365,117,8,107,54,20,236
2329566,66,9,228,54,182,235
2329766,213,9,212,54,111,234
2329967,250,7,228,53,110,236
2330167,14,9,2,54,218,235
2330368,212,9,212,55,3,237
2330568,58,9,220,55,40,237
2330769,35,9,2,54,171,236
2330969,176,8,114,53,116,235
2331169,220,7,32,56,228,236
2331370,254,8,235,54,221,236
2331570,21,9,62,55,236,234
2331771,199,8,54,53,204,235
2331971,24,10,182,55,38,236
2332172,73,9,122,53,56,235
2332372,199,8,235,54,252,236
2332573,117,8,100,55,54,235
2332773,249,9,242,54,208,236
2332974,206,9,92,55,158,235
2333174,164,7,136,54,4,237
2333375,188,7,2,54,49,235
2333575,66,9,167,55,16,236
2333775,192,10,47,54,52,236
2333976,26,10,62,55,73,236
2334176,12,9,115,54,178,236
2334377,209,8,152,54,207,234
2334577,164,7,130,55,64,235
2334778,178,8,242,55,199,236
2334978,50,7,137,54,86,235
2335179,186,8,122,54,199,236
2335379,247,8,122,55,158,235
2335580,37,9,198,54,76,237
2335780,130,8,122,55,164,234
2335981,186,8,84,54,162,236
2336181,170,8,31,55,21,236
2336381,204,9,122,55,138,235
2336582,100,8,130,54,175,235
2336782,239,8,92,55,13,236
2336983,94,8,130,54,184,236
2337183,35,9,160,55,252,236
2337384,247,8,8,55,28,236
2337584,115,8,39,55,237,236
2337785,5,9,24,55,11,237
2337985,178,8,182,54,173,235
2338186,76,9,69,54,47,235
2338386,82,9,54,54,44,236
2338587,247,8,24,54,250,236
2338787,190,9,130,55,225,235
2338988,176,8,190,54,102,235
2339188,237,8,242,54,205,235
2339388,180,9,62,55,38,236
2339589,198,9,62,54,203,235
2339789,81,9,227,53,153,235
2339990,186,10,40,55,146,236
2340190,129,9,144,54,156,234
2340391,107,8,160,54,116,235
2340591,4,9,144,54,22,236
2340792,77,10,40,55,22,236
2340992,106,9,175,55,162,234
2341193,253,8,167,54,68,236
2341393,203,9,70,55,168,235
2341594,165,9,250,54,168,235
2341794,23,8,145,54,112,234
2341995,207,8,190,54,212,235
2342195,243,7,212,53,232,235
2342396,46,8,62,55,15,236
2342596,194,8,92,54,114,235
2342797,6,9,212,54,144,235
2342997,96,9,144,55,145,235
2343197,184,8,160,54,8,236
2343398,43,9,175,54,90,236
2343598,144,9,2,55,136,235
2343799,166,9,235,54,16,236
2343999,62,10,198,54,37,236
2344200,60,9,152,53,214,236
2344400,140,8,152,54,173,235
2344601,76,8,198,54,234,235
2344801,22,9,92,55,195,235
2345002,166,7,107,53,228,236
2345202,57,10,228,54,9,237
2345403,70,10,137,54,249,235
2345603,140,8,130,54,128,235
2345804,64,10,69,55,136,237
2346004,109,8,16,54,229,234
2346205,129,9,24,55,13,236
2346405,18,10,243,54,80,236
2346605,147,8,137,54,110,236
2346806,236,9,107,55,144,235
2347006,239,8,174,54,61,237
2347207,30,9,77,56,28,236
2347407,54,10,54,55,212,235
2347608,176,8,250,55,197,235
2347808,127,9,250,53,194,234
2348009,203,9,24,54,202,234
2348209,122,8,99,53,74,236
2348410,73,9,54,55,141,236
2348610,85,10,152,55,242,235
2348811,168,8,212,55,16,236
2349011,15,8,24,55,85,237
2349212,142,9,24,54,219,235
2349412,222,8,54,54,86,235
2349612,160,8,213,54,114,237
2349813,150,9,190,54,152,235
2350013,20,9,242,55,141,236
2350214,226,7,70,55,182,235
2350414,172,9,115,54,86,235
2350615,52,9,77,55,200,234
2350815,146,8,106,55,104,236
2351016,29,9,84,55,162,236
2351216,12,9,137,54,238,236
2351417,176,8,220,54,130,235
2351617,167,9,46,55,218,235
2351818,129,9,182,54,50,236
2352018,14,9,190,54,133,234
2352218,245,8,9,55,22,236
2352419,16,8,62,54,201,234
2352619,192,8,235,54,101,235
2352820,173,9,175,53,234,235
2353020,130,8,54,54,156,236
2353221,184,8,9,55,38,236
2353421,99,8,137,54,67,236
2353622,196,7,47,54,76,235
2353822,164,7,182,54,42,235
2354023,159,9,100,55,228,236
2354223,86,8,144,54,225,235
2354424,16,10,205,54,82,234
2354624,207,8,100,55,94,235
2354825,28,9,77,54,242,235
2355025,245,8,137,56,146,235
2355226,35,9,250,54,142,234
2355426,106,9,236,54,92,235
2355626,127,9,92,54,20,235
2355827,24,10,167,55,156,236
2356027,182,9,99,54,94,236
2356228,210,7,24,54,178,236
2356428,212,7,62,54,121,235
2356629,117,8,167,54,46,237
2356829,152,9,9,55,102,236
2357030,163,8,137,55,90,237
2357230,222,8,47,55,250,233
2357431,219,9,100,55,175,235
2357631,244,9,175,54,233,235
2357832,222,8,144,54,216,234
2358032,46,8,9,55,89,236
2358233,192,8,62,54,212,235
2358433,199,8,174,54,74,236
2358634,170,10,24,55,72,235
2358834,107,8,24,55,220,235
2359034,192,8,54,55,22,236
2359235,169,8,32,54,38,236
2359435,98,9,197,55,218,235
2359636,100,10,205,55,200,236
2359836,134,9,84,55,160,235
2360037,199,8,152,54,64,235
2360237,95,10,47,55,92,235
2360438,167,9,160,54,177,234
2360638,69,8,2,54,82,236
2360839,77,8,92,56,249,235
2361039,58,9,17,55,18,237
2361240,160,9,69,54,2,237
2361440,93,10,47,54,138,235
2361640,158,9,100,55,126,236
2361841,20,9,227,54,115,237
2362041,100,8,84,54,138,235
2362242,123,8,160,54,8,236
2362442,130,8,122,55,131,235
2362643,94,8,138,54,166,235
2362843,183,8,242,54,38,236
2363044,245,8,152,54,231,234
2363244,196,9,54,55,30,236
2363445,226,9,9,54,156,236
2363645,114,9,54,55,233,235
2363846,140,8,84,55,58,236
2364046,54,8,220,55,249,235
2364247,68,8,190,54,12,235
2364447,180,9,100,54,249,235
2364648,234,9,10,56,94,235
2364848,180,9,130,54,2,236
2365048,109,8,32,55,143,235
2365249,53,11,137,54,70,235
2365449,20,9,9,54,222,236
2365650,44,7,122,54,88,236
2365850,169,8,46,55,164,236
2366051,236,7,32,55,248,235
2366251,196,9,106,54,96,236
2366452,142,9,250,54,130,235
2366652,0,10,84,53,156,236
2366853,46,8,228,54,82,236
2367053,72,10,54,55,88,236
2367254,20,9,137,55,45,236
2367454,66,9,39,56,201,234
2367655,248,7,32,54,22,236
2367855,112,9,235,53,131,235
2368055,150,9,31,54,97,236
2368256,200,8,92,54,90,236
2368456,130,8,235,54,45,236
2368657,35,9,99,54,101,235
2368857,176,8,212,52,175,235
2369058,142,9,47,56,112,236
2369258,66,9,122,54,45,236
2369459,62,10,9,55,226,235
2369659,104,9,24,54,182,235
2369860,47,10,167,54,168,235
2370060,3,10,250,54,173,235
2370261,104,9,204,54,246,234
2370461,198,9,160,54,110,236
2370662,32,10,212,53,179,234
2370862,153,8,144,55,190,235
2371062,234,9,99,55,186,236
2371263,214,8,227,53,52,236
2371463,176,8,107,55,216,234
2371664,245,8,205,54,119,236
2371864,245,8,62,54,182,235
2372065,244,8,107,55,186,236
2372265,126,7,198,54,246,234
2372466,58,9,182,53,108,235
2372666,74,9,32,54,234,235
2372867,4,9,24,55,26,235
2373067,234,9,84,55,56,235
2373268,81,9,130,55,89,236
2373468,168,8,197,54,170,236
2373668,116,10,62,54,252,236
2373869,96,9,182,54,42,235
2374069,184,8,242,54,22,236
2374270,154,8,182,55,205,235
2374470,134,9,220,55,103,235
2374671,1,10,160,54,230,236
2374871,4,9,2,55,90,234
2375072,66,9,32,55,186,236
2375272,73,9,115,54,253,234
2375473,238,8,220,54,190,235
2375673,93,10,32,54,108,235
2375874,69,8,114,54,212,235
2376074,4,9,220,54,219,235
2376275,84,8,9,56,52,236
2376475,162,10,228,55,234,235
2376676,135,9,145,54,128,236
2376876,130,8,84,53,60,236
2377076,8,10,250,54,12,235
2377277,253,8,70,53,216,234
2377477,180,9,137,55,242,235
2377678,176,8,9,55,64,235
2377878,203,9,100,54,78,235
2378079,188,9,62,55,60,236
2378279,184,8,250,53,193,236
2378480,66,9,242,53,94,235
2378680,8,8,17,54,52,236
2378881,4,9,17,56,172,234
2379081,42,9,9,56,227,235
2379282,253,8,250,54,52,236
2379482,230,8,40,55,67,236
2379683,233,7,77,55,178,236
2379883,13,11,137,55,148,236
2380083,136,9,182,54,228,236
2380284,224,8,62,55,203,235
2380484,20,9,100,54,30,236
2380685,28,9,54,55,249,235
2380885,248,7,250,55,145,235
2381086,162,8,220,54,32,235
2381286,158,9,70,55,90,236
2381487,196,9,85,56,160,235
2381687,180,9,39,54,8,236
2381888,173,9,137,55,150,234
2382088,166,9,243,54,156,234
2382289,47,10,84,54,216,236
2382489,176,8,159,53,134,236
2382690,4,9,130,54,146,235
2382890,73,9,92,53,241,235
2383090,211,9,175,54,201,234
2383291,8,10,16,55,153,235
2383491,107,8,24,54,145,235
2383692,76,8,152,53,130,237
2383892,150,9,54,55,15,236
2384093,46,10,138,54,112,236
2384293,81,9,1,54,250,235
2384494,153,8,197,54,201,236
2384694,115,8,17,55,204,235
2384895,199,8,62,55,116,235
2385095,159,9,9,54,16,237
2385296,30,9,114,53,198,236
2385496,168,8,47,54,197,235
2385697,122,8,70,54,171,236
2385897,127,9,152,55,227,235
2386098,2,8,107,54,254,235
2386298,50,9,174,54,101,235
2386498,81,9,69,55,134,236
2386699,155,8,54,56,120,237
2386899,234,9,62,55,97,236
2387100,196,9,228,53,164,236
2387300,108,8,84,55,57,235
2387501,50,9,227,54,49,235
2387701,199,8,205,53,220,235
2387902,50,9,190,54,40,237
2388102,204,9,40,55,60,236
2388303,77,8,182,54,212,235
2388503,43,9,122,54,152,237
2388704,131,10,212,53,108,235
2388904,100,10,168,55,79,235
2389105,138,8,242,53,168,235
2389305,222,8,138,55,178,236
2389506,12,9,198,53,224,234
2389706,23,8,152,55,62,236
2389906,78,10,77,55,52,236
2390107,35,9,152,53,8,236
2390307,22,8,107,55,37,236
2390508,46,8,17,55,119,236
2390708,253,8,243,54,175,235
2390909,165,9,24,54,186,236
2391109,252,6,32,55,16,234
2391310,222,8,228,54,116,235
2391510,134,9,84,55,186,236
2391711,172,9,175,55,234,235
2391911,92,8,54,54,175,235
2392112,146,10,228,54,86,235
2392312,158,9,220,54,26,237
2392513,81,9,9,55,164,236
2392713,248,7,242,54,52,236
2392913,134,9,167,54,60,236
2393114,88,9,243,54,111,236
2393314,100,8,24,55,100,237
2393515,108,8,54,54,197,235
2393715,55,10,205,54,97,236
2393916,218,9,46,55,141,236
2394116,81,9,54,55,134,236
2394317,120,9,175,54,67,236
2394517,214,8,182,54,234,235
2394718,242,9,55,55,38,236
2394918,199,8,16,54,240,236
2395119,122,8,100,55,37,236
2395319,191,8,160,54,175,235
2395520,74,9,61,54,52,236
2395720,89,9,182,55,238,236
2395921,32,10,54,54,71,235
2396121,223,10,190,55,146,235
2396321,176,8,107,54,163,236
2396522,150,9,84,54,200,236
2396722,8,8,235,54,123,235
2396923,69,8,160,54,145,235
2397123,73,9,122,54,208,236
2397324,211,9,39,55,149,236
2397524,130,8,160,53,93,235
2397725,12,9,122,54,250,235
2397925,202,7,144,54,126,236
2398126,15,8,243,53,227,235
2398326,225,7,32,55,252,236
2398527,20,9,250,54,153,235
2398727,1,10,144,54,89,236
2398928,69,8,77,56,134,236
2399128,138,8,32,54,179,234
2399329,34,9,228,54,37,236
2399529,24,10,39,55,19,237
2399729,237,8,242,54,227,235
2399930,138,8,190,53,22,236
2400130,134,9,17,56,141,236
2400331,112,9,243,54,220,235
2400531,1,10,39,54,200,236
2400732,138,8,220,54,205,235
2400932,78,10,39,54,193,236
2401133,157,9,122,55,108,235
2401333,58,9,137,53,119,236
2401534,199,8,92,55,89,236
2401734,200,10,32,54,0,236
2401935,115,8,250,53,130,237
2402135,8,10,190,55,119,236
2402336,115,8,167,53,30,236
2402536,168,8,39,55,226,235
2402737,130,8,114,55,242,235
2402937,250,9,47,55,45,236
2403137,226,7,9,54,101,235
2403338,58,9,235,53,175,235
2403538,219,9,175,55,82,236
2403739,237,8,205,54,5,235
2403939,165,9,2,55,126,236
2404140,202,7,137,54,108,235
2404340,130,8,182,55,234,235
2404541,203,9,250,54,34,235
2404741,172,9,145,54,197,235
2404942,24,10,40,55,96,235
2405142,96,9,92,54,60,236
2405343,138,8,220,54,204,235
2405543,199,8,40,56,60,236
2405743,28,9,16,55,241,235
2405944,188,9,182,54,64,235
2406144,176,8,235,54,8,236
2406345,100,8,167,55,94,235
2406545,58,9,39,54,179,234
2406746,80,7,212,54,226,235
2406946,188,9,175,55,12,235
2407147,43,9,213,54,101,235
2407347,204,9,205,55,227,235
2407548,230,8,160,54,212,235
2407748,199,8,152,55,238,234
2407949,73,9,152,54,231,234
2408149,180,9,190,55,45,236
2408350,252,9,24,55,188,235
2408550,112,9,39,56,15,236
2408750,12,9,212,54,104,236
2408951,73,9,46,55,171,236
2409151,158,9,2,54,67,236
2409352,32,10,62,55,148,236
2409552,92,8,144,54,220,235
2409753,123,10,9,56,123,235
2409953,234,9,84,54,27,235
2410154,130,8,54,54,15,236
2410354,165,9,227,54,223,236
2410555,142,9,220,54,112,236
2410755,248,7,85,54,224,234
2410956,35,9,46,54,67,236
2411156,74,9,115,54,124,235
2411357,168,8,62,55,230,236
2411557,138,8,39,54,230,236
2411758,46,8,213,54,246,236
2411958,245,8,220,52,49,235
2412158,232,8,16,55,176,236
2412359,127,9,62,55,124,235
2412559,4,9,70,56,218,236
2412760,249,9,77,55,109,235
2412960,199,8,10,54,227,235
2413161,196,9,16,54,249,235
2413361,73,9,76,54,215,236
2413562,50,9,69,55,82,236
2413762,170,10,24,55,74,236
2413963,168,8,122,53,134,236
2414163,228,9,77,54,206,234
2414364,153,8,84,54,230,236
2414564,242,9,228,55,205,235
2414765,188,9,114,56,74,236
2414965,115,8,114,54,49,235
2415165,195,7,16,55,45,236
2415366,12,9,77,55,76,234
2415566,58,9,175,55,22,236
2415767,46,8,122,55,134,234
2415967,252,9,242,55,210,235
2416168,146,10,47,54,216,234
2416368,96,9,77,55,60,236
2416569,75,9,212,55,251,234
2416769,24,10,2,55,179,234
2416970,152,9,250,54,32,237
2417170,173,9,137,54,112,236
2417371,48,8,250,54,166,235
2417571,130,8,2,55,67,236
2417771,1,10,47,55,230,236
2417972,37,9,54,55,155,234
2418172,10,10,46,56,240,235
2418373,38,8,122,54,67,236
2418573,66,9,9,54,89,236
2418774,222,8,235,53,193,236
2418974,88,9,46,55,190,235
2419175,165,9,9,55,130,235
2419375,107,8,137,54,119,236
2419576,241,7,137,55,56,235
2419776,218,9,69,56,200,236
2419977,161,8,70,55,1,236
2420177,245,8,160,55,204,235
2420378,234,9,70,55,182,235
2420578,50,9,144,55,38,236
2420778,246,6,69,53,65,236
2420979,8,8,168,54,152,235
2421179,158,9,9,55,64,235
2421380,54,8,182,53,52,236
2421580,46,8,114,54,235,233
2421781,208,8,16,53,50,236
2421981,127,9,77,54,152,237
2422182,24,10,84,55,190,235
2422382,47,10,198,55,5,235
2422583,74,9,62,54,126,236
2422783,32,10,175,54,108,235
2422984,27,9,228,54,38,236
2423184,89,9,205,54,29,238
2423385,160,8,220,55,52,236
2423585,58,9,47,55,172,234
2423785,150,9,198,54,142,234
2423986,98,9,9,54,147,236
2424186,208,10,174,54,71,235
2424387,84,8,31,55,163,236
2424587,144,9,145,54,155,234
2424788,146,8,204,53,104,236
2424988,54,8,9,55,8,236
2425189,65,9,70,54,163,236
2425389,81,9,122,55,67,236
2425590,237,8,160,54,101,235
2425790,85,10,84,55,122,237
2425991,81,9,198,53,171,236
2426191,27,9,137,54,171,236
2426392,104,7,250,54,30,236
2426592,250,9,107,55,90,236
2426793,215,10,114,55,138,235
2426993,46,8,47,55,250,235
2427193,224,8,168,53,196,235
2427394,36,9,47,55,136,235
2427594,142,9,212,54,209,234
2427795,16,10,205,55,215,236
2427995,23,8,198,55,94,235
2428196,184,8,114,55,89,236
2428396,146,8,122,54,153,235
2428597,154,8,228,55,108,237
2428797,222,8,32,54,33,237
2428998,9,10,182,53,15,236
2429198,92,8,130,55,145,235
2429399,78,10,92,54,101,235
2429599,206,8,62,56,52,236
2429799,58,9,152,55,23,236
2430000,245,8,85,54,57,235
2430200,50,9,17,55,156,236
2430401,152,9,167,54,240,235
2430601,114,8,85,54,64,235
2430802,150,9,2,54,186,236
2431002,58,9,62,55,64,235
2431203,142,9,9,55,72,235
2431403,160,9,220,54,110,236
2431604,23,8,242,53,23,236
2431804,50,9,16,54,160,235
2432005,67,9,84,55,133,234
2432205,150,9,160,54,179,234
2432406,176,8,130,54,109,235
2432606,237,8,9,54,56,235
2432807,176,8,62,55,182,235
2433007,61,8,190,54,108,235
2433207,252,8,183,54,164,236
2433408,196,9,167,55,126,236
2433608,1,10,54,55,234,235
2433809,92,10,152,54,101,235
2434009,165,9,84,55,175,235
2434210,116,10,182,53,34,237
2434410,126,7,175,54,160,235
2434611,192,8,212,54,249,235
2434811,210,7,46,54,186,236
2435012,24,10,130,55,8,236
2435212,122,8,62,54,23,236
2435413,195,9,24,55,55,237
2435613,46,8,250,54,83,234
2435813,55,8,62,56,159,235
2436014,81,9,32,56,194,234
2436214,96,9,228,54,8,236
2436415,62,10,204,54,181,237
2436615,14,9,76,55,13,236
2436816,40,10,24,56,157,234
2437016,190,9,114,54,24,237
2437217,122,8,167,54,67,236
2437417,16,8,197,54,131,235
2437618,184,8,197,55,145,235
2437818,62,10,144,53,175,235
2438019,192,8,77,54,82,236
2438219,230,8,17,55,218,236
2438420,168,8,84,54,115,237
2438620,184,8,24,54,93,237
2438820,158,9,167,53,70,237
2439021,58,9,76,55,123,235
2439221,165,9,84,55,60,236
2439422,85,10,205,54,115,237
2439622,127,9,92,55,250,235
2439823,92,10,114,54,64,235
2440023,111,9,9,55,68,236
2440224,95,10,212,55,98,237
2440424,150,9,137,55,78,237
2440625,138,8,114,54,190,235
2440825,100,8,228,55,96,236
2441026,246,8,220,55,190,235
2441226,77,10,212,54,204,235
2441427,122,8,24,53,38,236
2441627,84,8,54,55,104,236
2441828,74,9,77,55,122,237
2442028,17,10,77,54,104,236
2442228,73,9,77,54,186,236
2442429,47,10,182,54,4,237
2442629,84,8,160,54,19,235
2442830,130,8,92,54,116,235
2443030,208,8,160,55,94,236
2443231,245,8,47,54,38,236
2443431,188,9,190,54,197,235
2443632,210,7,168,54,108,235
2443832,73,9,47,54,216,234
2444033,45,9,54,56,173,235
2444233,169,10,46,55,108,235
2444434,112,9,69,55,212,235
2444634,4,9,100,55,119,236
2444834,99,8,145,55,175,235
2445035,32,10,2,55,64,235
2445235,80,7,130,53,89,236
2445436,104,9,92,55,170,236
2445636,214,8,24,54,145,235
2445837,127,9,54,55,190,235
2446037,14,9,114,54,136,235
2446238,239,8,9,55,94,236
2446438,11,10,2,55,100,235
2446639,193,8,114,56,247,235
2446839,66,9,220,54,204,235
2447040,93,10,16,54,168,235
2447240,88,9,77,54,38,236
2447441,210,7,152,55,238,236
2447641,4,9,190,54,163,236
2447842,204,9,243,53,220,235
2448042,35,9,92,53,0,236
2448242,96,9,62,56,108,235
2448443,5,9,84,55,179,234
2448643,206,8,160,54,175,235
2448844,253,8,122,54,72,235
2449044,142,9,24,54,208,236
2449245,93,10,24,55,86,235
2449445,214,8,220,54,224,234
2449646,214,8,198,55,164,236
2449846,47,10,242,54,95,235
2450047,203,9,17,55,86,235
2450247,207,8,145,55,94,235
2450448,50,9,114,55,179,234
2450648,253,8,92,54,246,234
2450849,192,8,122,55,149,236
2451049,158,9,204,54,86,235
2451249,104,9,107,56,124,235
2451450,122,8,16,55,86,235
2451650,4,9,235,54,22,236
2451851,242,9,106,53,227,235
2452051,69,8,9,54,160,235
2452252,68,9,250,54,155,234
2452452,107,8,175,55,26,237
2452653,122,8,212,55,126,236
2452853,129,9,130,54,43,236
2453054,24,10,182,53,138,235
2453254,214,8,130,54,145,235
2453455,38,8,62,55,123,235
2453655,38,8,32,55,48,237
2453855,74,9,242,53,212,235
2454056,253,8,76,55,119,236
2454256,43,9,250,54,1,236
2454457,196,9,100,55,168,235
2454657,122,8,100,53,108,235
2454858,35,9,212,53,242,235
2455058,148,7,46,55,79,235
2455259,46,8,10,56,212,235
2455459,157,9,197,55,94,235
2455660,88,9,137,53,213,233
2455860,50,9,62,55,182,235
2456061,104,9,130,54,179,234
2456261,4,9,40,55,8,236
2456462,54,10,228,54,126,236
2456662,70,10,32,55,194,234
2456862,46,10,212,55,202,234
2457063,66,9,122,55,205,235
2457263,31,8,138,55,176,235
2457464,211,9,122,55,82,236
2457664,16,10,84,56,116,235
2457865,38,8,70,54,198,235
2458065,23,8,137,55,190,235
2458266,54,8,70,55,60,236
2458466,112,9,227,54,200,236
2458667,14,9,2,55,252,234
2458867,142,9,228,55,168,235
2459068,4,9,122,54,74,236
2459268,178,8,100,55,188,235
2459469,55,10,77,55,234,235
2459669,86,10,1,55,145,235
2459870,1,10,168,55,63,237
2460070,207,8,32,55,190,235
2460270,28,9,99,55,242,235
2460471,4,9,62,56,238,234
2460671,66,9,212,53,252,236
2460872,150,9,62,55,187,234
2461072,241,7,220,54,8,236
2461273,119,9,115,55,38,236
2461473,134,9,122,55,93,235
2461674,244,8,100,55,23,236
2461874,128,7,106,54,43,236
2462075,145,8,242,54,197,235
2462275,142,9,190,53,190,235
2462476,135,9,84,55,38,236
2462676,96,9,77,54,224,234
2462876,226,9,182,54,164,236
2463077,20,9,84,55,19,235
2463277,42,9,235,55,141,236
2463478,54,8,100,54,22,236
2463678,108,10,242,55,168,235
2463879,165,9,182,54,90,236
2464079,11,10,2,55,155,234
2464280,6,9,197,54,92,235
2464480,192,8,198,54,12,237
2464681,247,8,250,53,207,234
2464881,146,8,228,53,60,236
2465082,112,9,1,55,79,235
2465282,252,8,32,54,201,234
2465483,104,9,76,55,96,236
2465683,58,9,212,54,52,236
2465883,218,7,212,54,123,235
2466084,199,8,243,54,130,235
2466284,54,10,100,55,234,235
2466485,196,9,250,56,193,236
2466685,84,8,47,55,164,236
2466886,126,9,122,55,112,236
2467086,24,10,160,54,186,236
2467287,142,9,17,55,43,233
2467487,58,9,54,55,145,235
2467688,8,10,137,55,160,235
2467888,244,8,54,56,137,237
2468089,16,10,175,54,197,235
2468289,144,9,54,55,58,236
2468489,130,8,54,54,45,236
2468690,135,9,160,55,19,235
2468890,129,9,100,54,244,234
2469091,68,9,122,55,169,236
2469291,161,8,190,53,90,236
2469492,188,9,54,54,208,236
2469692,253,8,17,55,234,235
2469893,194,7,24,54,141,236
2470093,39,10,32,56,68,234
2470294,74,9,137,53,52,236
2470494,176,8,99,55,27,235
2470695,89,7,2,54,180,235
2470895,1,10,130,54,212,235
2471096,12,9,250,55,152,235
2471296,187,7,137,55,102,233
2471496,46,8,16,56,15,236
2471697,8,8,130,55,226,237
2471897,202,7,235,54,162,235
2472098,43,9,2,55,2,236
2472298,234,9,62,55,142,236
2472499,177,10,100,54,149,236
2472699,32,10,10,54,209,234
2472900,43,9,54,55,23,236
2473100,130,8,250,54,226,235
2473301,62,10,115,55,18,237
2473501,178,8,205,55,142,237
2473702,50,9,167,55,197,235
2473902,192,10,197,54,197,235
2474103,161,8,242,54,146,235
2474303,226,9,62,55,82,236
2474503,173,9,70,55,163,236
2474704,74,9,47,55,5,235
2474904,78,10,197,54,101,235
2475105,115,8,77,54,180,236
2475305,58,9,9,54,97,236
2475506,246,8,190,53,186,234
2475706,66,9,243,54,158,236
2475907,230,8,92,54,34,235
2476107,192,8,198,54,79,235
2476308,19,7,220,54,89,236
2476508,184,8,205,54,227,235
2476709,76,8,32,56,193,236
2476909,188,9,62,55,20,235
2477110,138,8,190,54,42,235
2477310,8,10,167,54,167,237
2477510,43,9,2,55,108,235
2477711,50,9,227,55,71,235
2477911,77,8,145,55,44,236
2478112,35,9,107,54,249,235
2478312,238,8,205,55,55,237
2478513,134,9,62,53,48,237
2478713,1,10,77,54,196,237
2478914,70,10,130,53,93,235
2479114,252,8,24,54,125,235
2479315,73,9,54,55,57,235
2479515,176,8,54,55,38,236
2479716,69,8,198,54,79,235
2479916,58,9,47,55,249,235
2480116,157,9,234,54,153,235
2480317,207,8,182,54,227,235
2480517,20,9,228,54,146,235
2480718,1,10,114,53,241,235
2480918,233,7,17,55,142,234
2481119,199,8,84,55,134,236
2481319,161,8,137,53,64,235
2481520,96,9,182,54,0,236
2481720,47,10,16,55,104,236
2481921,47,10,144,55,238,236
2482121,61,8,190,54,198,235
2482322,188,9,107,54,194,234
2482522,95,7,84,55,37,236
2482723,206,8,99,54,18,237
2482923,130,8,242,54,64,235
2483123,152,8,160,55,142,236
2483324,232,8,235,53,191,236
2483524,77,10,220,54,198,235
2483725,42,9,70,55,190,235
2483925,69,8,70,54,52,236
2484126,222,8,122,54,12,235
2484326,211,9,70,55,153,235
2484527,165,9,99,54,198,235
2484727,176,8,17,55,20,235
2484928,66,9,54,54,16,236
2485128,214,8,228,53,57,235
2485329,119,9,17,55,170,236
2485529,252,8,107,55,163,236
2485730,240,7,115,55,90,236
2485930,134,9,145,53,238,236
2486131,248,7,70,55,249,235
2486331,218,7,212,54,182,235
2486531,104,9,107,54,160,235
2486732,199,8,137,54,220,235
2486932,245,8,228,54,57,235
2487133,252,8,92,54,230,236
2487333,47,10,250,54,180,234
2487534,237,8,16,54,167,235
2487734,92,8,205,54,37,236
2487935,138,8,235,54,197,235
2488135,211,9,107,55,205,235
2488336,198,9,54,54,65,236
2488536,239,8,205,54,247,235
2488737,83,9,250,54,14,236
2488937,218,9,190,55,68,234
2489138,23,8,32,54,41,237
2489338,69,8,47,54,101,235
2489539,23,8,197,54,63,237
2489739,81,9,46,54,237,236
2489939,234,9,32,55,205,235
2490140,61,8,77,55,168,235
2490340,35,9,77,53,242,235
2490541,66,9,32,55,201,236
2490741,112,9,235,55,230,236
2490942,15,8,77,54,234,235
2491142,161,8,160,55,30,236
2491343,237,8,16,54,57,237
2491543,20,9,182,54,227,235
2491744,154,8,243,53,8,236
2491944,138,8,107,54,220,235
2492145,66,9,159,55,34,237
2492345,61,8,92,54,116,235
2492546,168,8,77,55,56,235
2492746,96,9,168,53,64,235
2492946,138,8,168,54,19,237
2493147,103,7,235,54,194,234
2493347,115,8,47,55,126,236
2493548,142,9,167,53,64,235
2493748,253,8,84,55,67,236
2493949,158,9,84,56,70,237
2494149,35,9,84,54,78,237
2494350,160,8,107,54,160,237
2494550,96,9,174,54,119,236
2494751,188,9,39,55,52,236
2494951,96,9,242,54,215,236
2495152,158,9,54,55,112,236
2495352,66,9,242,54,48,237
2495553,138,8,160,55,227,235
2495753,145,8,198,54,209,234
2495953,66,9,77,55,145,235
2496154,12,9,250,54,224,234
2496354,75,9,205,54,21,236
2496555,8,10,2,56,234,235
2496755,237,8,17,55,244,235
2496956,164,7,160,55,126,236
2497156,62,10,115,55,104,236
2497357,58,9,70,55,94,235
2497557,80,10,190,54,117,236
2497758,88,9,107,54,45,236
2497958,70,10,24,55,38,236
2498159,218,9,16,55,208,236
2498359,219,9,250,54,57,235
2498560,138,8,115,55,216,234
2498760,119,9,114,54,216,234
2498961,135,9,250,54,40,237
2499161,88,9,144,55,130,235
2499361,1,10,190,55,197,235
2499562,244,9,107,55,203,235
2499762,40,10,24,55,182,235
2499963,114,9,2,55,20,236
2500163,232,8,145,54,159,235
2500364,62,8,62,54,175,235
2500564,191,8,1,54,219,235
2500765,150,9,152,53,219,235
2500965,65,9,62,55,234,235
2501166,126,9,145,55,119,236
2501366,179,7,62,55,97,236
2501567,54,8,69,55,74,236
2501767,152,9,114,54,142,236
2501968,184,8,32,54,108,235
2502168,92,8,9,54,60,236
2502369,222,8,242,53,94,235
2502569,30,8,8,54,127,236
2502769,35,9,46,54,23,236
2502970,182,7,47,54,184,236
2503170,89,9,77,56,231,234
2503371,66,9,152,53,238,236
2503571,253,8,175,54,190,235
2503772,192,8,92,55,209,234
2503972,115,8,160,56,157,234
2504173,4,9,167,54,27,235
2504373,166,9,167,54,238,236
2504574,180,9,84,54,127,234
2504774,134,7,242,54,146,235
2504974,1,10,190,54,197,235
2505175,165,9,190,55,49,235
2505375,9,10,212,53,82,236
2505576,130,8,144,55,8,236
2505776,158,9,227,54,135,234
2505977,47,10,47,55,227,235
2506177,12,9,84,55,152,235
2506378,211,9,24,55,66,235
2506578,188,9,160,54,89,236
2506779,137,9,24,56,173,235
2506979,96,9,205,54,245,236
2507180,189,7,220,54,24,237
2507380,206,8,107,54,168,235
2507581,207,8,92,55,0,236
2507781,84,8,198,54,209,234
2507982,20,9,144,54,234,235
2508182,43,9,24,55,52,236
2508382,27,9,205,55,185,236
2508583,68,8,175,54,168,235
2508783,127,9,107,55,160,235
2508984,12,9,122,54,68,236
2509184,193,8,100,54,36,236
2509385,27,9,62,55,245,236
2509585,169,10,9,55,108,237
2509786,234,9,228,54,234,235
2509986,29,9,24,55,158,235
2510187,42,9,9,55,119,236
2510387,253,8,92,55,230,236
2510588,186,8,114,54,28,236
2510788,88,9,114,55,72,235
2510989,214,8,69,54,186,236
2511189,214,8,137,55,249,235
2511390,47,10,40,55,30,236
2511590,176,8,46,55,74,236
2511790,50,9,47,54,1,236
2511991,180,9,54,54,52,236
2512191,9,10,212,53,231,234
2512392,211,9,144,54,4,237
2512592,41,10,190,54,99,235
2512793,112,9,92,54,209,234
2512993,46,8,167,56,175,235
2513194,180,9,235,54,49,235
2513394,230,8,175,55,126,236
2513595,230,8,16,54,23,236
2513795,89,9,250,54,250,235
2513996,222,8,55,54,146,235
2514196,66,9,145,54,216,234
2514397,186,8,144,56,244,234
2514597,88,9,70,54,249,235
2514797,122,8,137,54,78,235
2514998,18,8,46,55,169,236
2515198,196,9,250,55,16,236
2515399,214,8,107,54,8,236
2515599,6,9,47,55,17,235
2515800,50,9,212,54,246,234
2516000,40,10,122,56,9,234
2516201,200,10,137,54,220,235
2516401,176,8,242,54,4,235
2516602,206,8,24,54,112,236
2516802,92,8,17,54,38,236
2517003,158,9,198,55,23,236
2517203,138,10,137,55,48,237
2517404,130,8,152,55,1,236
2517604,66,9,250,53,164,236
2517804,112,9,235,54,45,236
2518005,12,9,174,54,160,235
2518205,194,7,9,55,8,236
2518406,74,9,130,54,216,236
2518606,169,8,107,55,138,235
2518807,31,10,205,55,94,235
2519007,27,9,114,55,213,237
2519208,248,7,84,55,30,236
2519408,188,9,220,55,160,235
2519609,73,9,54,54,116,235
2519809,112,9,152,54,137,237
2520010,130,8,220,54,11,237
2520210,1,10,115,55,108,237
2520410,47,10,138,56,78,235
2520611,100,8,39,55,50,235
2520811,66,9,39,55,31,234
2521012,39,10,137,55,64,235
2521212,186,8,137,54,144,235
2521413,142,9,212,54,230,236
2521613,114,8,24,54,19,237
2521814,253,8,130,55,68,234
2522014,15,8,220,54,68,236
2522215,253,8,160,54,74,236
2522415,118,7,24,55,249,235
2522616,96,9,70,55,122,237
2522816,98,9,16,55,70,235
2523016,111,9,137,55,254,234
2523217,216,10,250,55,164,236
2523417,27,9,174,54,205,235
2523618,146,8,205,54,208,236
2523818,168,8,39,55,170,236
2524019,176,8,175,55,227,235
2524219,165,9,137,54,201,234
2524420,8,8,122,54,74,236
2524620,12,9,167,54,94,235
2524821,100,10,198,54,224,234
2525021,176,8,122,54,141,236
2525222,35,9,175,55,18,237
2525422,242,9,114,55,75,236
2525623,108,8,213,54,112,236
2525823,150,9,130,54,30,236
2526023,50,9,137,54,168,235
2526224,116,10,234,54,238,234
2526424,176,8,182,54,234,235
2526625,226,9,9,55,94,235
2526825,0,8,32,55,175,235
2527026,214,8,250,54,74,236
2527226,126,9,182,54,0,236
2527427,130,8,130,55,186,236
2527627,108,10,190,55,112,236
2527828,69,8,122,53,170,236
2528028,4,9,39,55,141,236
2528229,111,9,47,55,42,235
2528429,222,8,62,55,242,235
2528629,241,7,228,53,63,237
2528830,12,9,9,55,78,235
2529030,175,9,9,56,136,235
2529231,57,10,84,54,191,236
2529431,230,6,250,54,234,233
2529632,23,8,92,55,38,236
2529832,75,9,114,53,110,234
2530033,88,9,205,53,45,236
2530233,94,8,190,53,140,236
2530434,202,7,175,54,252,236
2530634,248,7,122,53,160,235
2530835,178,10,137,54,56,235
2531035,214,8,54,55,249,235
2531235,250,9,168,54,156,236
2531436,70,8,167,55,80,236
2531636,115,8,130,53,212,235
2531837,20,9,137,55,112,236
2532037,222,8,9,55,224,234
2532238,149,10,190,55,247,235
2532438,214,8,235,55,208,236
2532639,250,9,137,54,178,236
2532839,68,8,77,54,30,236
2533040,190,9,152,55,20,236
2533240,213,9,182,54,72,236
2533441,4,9,69,55,160,235
2533641,193,8,227,54,129,235
2533841,79,8,70,54,114,235
2534042,12,9,46,54,234,235
2534242,32,10,115,54,70,237
2534443,226,7,152,55,30,236
2534643,165,9,70,54,208,236
2534844,60,9,17,55,136,235
2535044,234,9,190,54,12,235
2535245,245,8,212,53,108,235
2535445,254,8,77,54,248,235
2535646,130,8,54,54,104,236
2535846,222,8,130,54,175,235
2536047,34,10,54,54,188,235
2536247,252,8,115,54,230,236
2536447,98,9,137,53,232,235
2536648,190,9,9,55,168,236
2536848,161,8,122,55,74,236
2537049,203,9,69,55,238,236
2537249,247,8,54,55,210,235
2537450,165,9,122,54,116,235
2537650,240,8,40,56,144,235
2537851,142,9,130,55,215,236
2538051,199,8,9,55,171,236
2538252,80,10,130,54,32,235
2538452,253,8,17,55,234,235
2538653,192,8,228,54,19,237
2538853,150,9,160,53,97,236
2539053,20,9,69,54,215,236
2539254,76,8,137,53,52,236
2539454,107,8,152,55,20,235
2539655,68,9,54,54,236,236
2539855,62,10,99,54,52,236
2540056,83,9,220,53,32,235
2540256,37,9,39,56,243,236
2540457,52,9,46,55,40,235
2540657,148,8,152,54,74,234
2540858,161,8,62,56,60,236
2541058,156,10,54,55,18,235
2541259,4,9,182,54,122,237
2541459,158,9,100,55,30,236
2541660,76,9,9,55,135,237
2541860,10,8,198,54,51,236
2542060,186,8,1,54,83,237
2542261,130,8,92,54,67,236
2542461,84,8,84,55,186,234
2542662,190,9,77,54,80,236
2542862,188,9,130,54,134,236
2543063,11,10,122,55,46,237
2543263,148,8,77,54,210,235
2543464,226,7,174,55,202,234
2543664,95,10,77,55,107,235
2543865,126,10,114,54,163,234
2544065,254,8,107,54,32,237
2544266,156,8,100,56,102,236
2544466,96,9,32,54,242,235
2544666,58,9,138,54,45,236
2544867,66,9,47,55,11,237
2545067,75,9,205,54,69,235
2545268,205,9,114,54,147,236
2545468,101,8,243,54,110,236
2545669,52,9,228,54,169,236
2545869,161,8,235,53,90,236
2546070,50,9,227,54,141,236
2546270,12,9,92,55,60,236
2546471,20,9,2,55,59,236
2546671,84,8,130,55,219,235
2546872,35,9,9,54,145,235
2547072,138,8,40,55,226,235
2547272,35,9,70,54,152,235
2547473,227,7,10,55,166,235
2547673,250,7,138,55,54,235
2547874,99,8,167,54,38,236
2548074,117,8,250,55,36,236
2548275,160,9,228,54,10,235
2548475,160,9,220,54,221,236
2548676,9,8,17,55,188,235
2548876,240,8,190,54,151,235
2549077,140,8,190,54,224,235
2549277,166,9,32,55,48,237
2549478,34,10,92,55,96,236
2549678,45,9,235,53,140,234
2549878,86,10,212,56,190,235
2550079,233,7,32,54,160,235
2550279,142,9,92,54,182,235
2550480,205,9,84,54,84,235
2550680,10,8,107,55,185,234
2550881,236,9,130,54,14,236
2551081,68,9,24,54,68,237
2551282,2,8,9,55,27,238
2551482,63,8,107,54,99,235
2551683,182,9,54,54,62,235
2551883,145,8,250,54,153,235
2552084,129,9,220,55,176,236
2552284,46,10,144,55,182,235
2552484,96,9,62,55,138,235
2552685,124,10,24,55,22,236
2552885,21,9,250,54,191,236
2553086,137,9,92,54,122,235
2553286,14,9,84,55,162,236
2553487,246,8,242,53,119,236
2553687,14,9,220,53,136,235
2553888,106,9,130,54,58,236
2554088,206,8,167,55,200,236
2554289,73,9,160,53,41,237
2554489,152,9,182,54,173,235
2554690,182,9,198,55,128,235
2554890,42,10,40,55,12,238
2555090,98,9,243,56,58,236
2555291,2,8,70,55,9,237
2555491,201,8,190,55,99,235
2555692,22,9,130,55,184,236
2555892,153,8,70,54,182,237
2556093,127,9,130,54,142,234
2556293,75,9,152,54,144,235
2556494,113,9,2,56,43,236
2556694,109,8,46,55,254,235
2556895,219,9,122,54,145,235
2557095,132,8,17,55,122,235
2557296,114,9,122,54,247,235
2557496,166,7,198,54,6,236
2557696,148,8,69,56,13,236
2557897,193,8,235,54,118,234
2558097,54,8,250,54,34,237
2558298,190,9,130,54,146,236
2558498,160,9,152,55,196,235
2558699,2,10,54,55,172,234
2558899,160,9,46,54,240,235
2559100,218,9,2,54,197,235
2559300,142,9,129,54,160,235
2559501,159,9,32,55,191,236
2559701,71,8,212,53,54,237
2559902,156,8,40,55,54,235
2560102,22,9,99,53,243,236
2560303,40,8,115,55,10,235
2560503,66,9,236,53,22,236
2560703,160,9,46,54,158,235
2560904,213,9,62,55,121,235
2561104,79,8,17,55,14,236
2561305,102,8,174,55,151,235
2561505,64,10,250,53,158,235
2561706,228,9,16,55,206,236
2561906,255,8,250,54,154,236
2562107,14,9,62,54,120,237
2562307,148,8,137,54,14,236
2562508,82,7,190,53,65,236
2562708,247,8,205,53,202,235
2562909,160,9,190,54,112,237
2563109,101,8,77,55,218,235
2563310,81,9,16,55,222,236
2563510,111,9,47,54,104,236
2563710,44,9,24,55,73,236
2563911,232,8,130,54,59,234
2564111,83,9,77,55,232,235
2564312,136,9,2,55,32,235
2564512,232,8,197,55,98,237
2564713,101,10,205,54,227,235
2564913,86,8,122,54,243,236
2565114,175,9,69,54,125,236
2565314,101,8,205,54,196,235
2565515,140,8,144,53,24,237
2565715,78,8,2,55,114,235
2565916,152,9,130,54,58,236
2566116,25,8,198,54,252,234
2566316,234,9,84,56,108,235
2566517,45,9,62,55,166,235
2566717,106,9,160,55,154,236
2566918,68,9,235,53,118,236
2567118,124,8,1,56,221,236
2567319,14,9,114,55,180,235
2567519,113,9,160,55,70,235
2567720,45,9,190,53,14,236
2567920,106,9,107,55,13,236
2568121,76,9,24,55,250,236
2568321,152,9,2,55,28,236
2568522,136,9,122,53,124,236
2568722,37,9,175,55,80,236
2568923,248,10,32,55,174,235
2569123,98,9,84,54,166,235
2569323,224,8,167,55,146,236
2569524,178,8,69,54,188,235
2569724,56,8,39,54,55,235
2569925,129,9,160,54,58,236
2570125,213,9,152,54,21,236
2570326,244,9,122,54,109,236
2570526,25,8,212,54,206,236
2570727,178,8,235,53,50,236
2570927,90,9,137,55,169,236
2571128,52,9,32,55,47,235
2571328,87,10,182,54,140,236
2571529,251,9,2,55,16,237
2571729,37,9,122,54,61,237
2571930,14,9,107,55,3,235
2572130,228,9,107,54,184,236
2572331,239,8,160,55,162,236
2572531,126,9,92,54,190,235
2572731,22,9,24,55,46,237
2572932,52,9,197,54,84,235
2573132,94,8,62,55,77,235
2573333,186,7,47,55,18,237
2573533,213,9,84,54,62,235
2573734,171,8,137,54,218,235
2573934,18,10,220,54,120,237
2574135,193,8,160,54,36,236
2574335,37,9,84,55,72,236
2574536,43,9,205,53,171,236
2574736,136,9,152,54,225,235
2574937,94,8,115,54,225,235
2575137,30,9,204,54,69,235
2575338,186,8,2,54,147,236
2575538,155,8,242,53,6,236
2575738,189,7,182,54,166,235
2575939,41,10,77,56,43,236
2576139,208,8,198,55,254,235
2576340,186,8,160,54,214,236
2576540,140,8,76,54,121,235
2576741,110,10,92,55,9,237
2576941,178,8,205,54,50,236
2577142,142,9,130,55,78,237
2577342,222,8,77,54,67,236
2577543,146,8,114,55,96,236
2577743,205,9,84,54,99,235
2577944,86,8,227,53,90,237
2578144,144,9,220,53,46,237
2578344,38,8,17,55,119,236
2578545,45,9,144,56,28,236
2578745,114,8,70,55,242,235
2578946,6,9,32,54,196,235
2579146,122,8,24,54,168,235
2579347,245,8,197,54,238,236
2579547,163,8,54,54,255,235
2579748,79,8,69,55,95,236
2579948,144,9,250,53,21,236
2580149,117,8,175,56,54,237
2580349,161,8,100,54,219,235
2580550,109,8,54,55,13,236
2580750,14,9,92,54,95,236
2580951,213,9,144,54,47,235
2581151,168,8,129,54,135,234
2581351,213,9,160,54,196,235
2581552,193,8,107,54,110,236
2581752,205,9,183,54,39,237
2581953,33,10,114,54,169,236
2582153,173,9,32,55,82,236
2582354,195,10,92,56,36,236
2582554,96,9,84,54,227,235
2582755,67,9,77,54,156,234
2582955,3,10,138,54,43,236
2583156,37,9,16,55,2,235
2583356,220,9,174,54,173,235
2583557,152,9,62,55,18,235
2583757,2,8,32,56,210,235
2583957,83,9,212,54,163,234
2584158,174,9,92,55,114,235
2584358,201,8,212,54,58,236
2584559,237,8,242,53,246,234
2584759,6,9,122,55,66,236
2584960,136,9,130,55,191,236
2585160,66,9,100,54,94,235
2585361,153,8,46,54,175,235
2585561,210,10,54,55,200,234
2585762,232,8,84,54,180,235
2585962,201,8,250,53,240,235
2586163,108,8,9,55,212,235
2586363,224,8,84,55,188,235
2586564,186,8,24,55,214,234
2586764,236,9,122,55,169,236
2586964,121,9,137,54,198,236
2587165,88,7,174,55,145,235
2587365,188,9,24,55,89,236
2587566,62,10,130,55,130,235
2587766,14,9,160,54,110,236
2587967,61,8,160,54,234,235
2588167,236,9,54,55,157,237
2588368,127,9,16,55,249,235
2588568,26,8,69,53,28,236
2588769,176,8,130,56,128,234
2588969,251,9,62,54,95,236
2589170,197,7,76,55,20,236
2589370,22,9,47,55,243,236
2589571,236,9,220,54,133,234
2589771,96,9,167,54,200,236
2589971,10,8,84,54,32,235
2590172,128,9,182,55,176,236
2590372,126,10,31,54,70,235
2590573,69,8,92,55,124,235
2590773,60,9,144,54,72,236
2590974,114,9,167,54,210,235
2591174,209,8,17,55,157,237
2591375,198,9,69,54,144,235
2591575,224,8,62,55,117,236
2591776,119,9,107,56,119,236
2591976,247,8,152,54,147,236
2592177,188,9,182,54,60,236
2592377,90,9,137,54,2,237
2592578,50,9,182,54,116,235
2592778,224,8,242,53,92,235
2592979,224,8,168,55,143,235
2593179,56,8,84,55,151,235
2593379,163,8,9,55,176,236
2593580,114,9,130,55,147,236
2593780,213,9,54,55,88,236
2593981,206,9,9,55,20,236
2594181,70,10,250,54,78,237
2594382,196,9,54,55,249,235
2594582,166,9,250,54,198,236
2594783,117,8,54,54,140,236
2594983,165,9,39,54,56,235
2595184,184,8,122,54,128,234
2595384,90,9,114,55,102,236
2595585,39,8,243,55,190,235
2595785,143,7,197,55,54,237
2595986,110,8,212,55,32,235
2596186,96,9,130,53,0,236
2596387,214,8,220,54,200,236
2596587,230,8,204,54,204,235
2596787,165,9,152,54,119,236
2596988,119,9,46,55,168,235
2597188,206,9,174,54,72,236
2597389,209,8,114,54,188,235
2597589,175,9,24,55,10,235
2597790,132,8,212,54,6,236
2597990,178,8,62,54,210,235
2598191,49,10,190,54,95,236
2598391,75,9,198,54,14,236
2598592,121,9,70,54,65,236
2598792,43,9,107,54,4,235
2598993,188,9,100,55,86,235
2599193,1,10,168,54,186,236
2599394,199,8,114,55,168,235
2599594,4,9,144,54,222,236
2599795,2,8,137,55,80,236
2599995,144,9,70,55,70,235
2600195,68,9,2,55,244,234
2600396,229,8,167,54,249,235
2600596,31,8,54,54,45,236
2600797,144,7,213,54,154,236
2600997,8,8,152,55,0,236
2601198,122,8,152,55,194,236
2601398,161,8,55,54,186,236
2601599,25,8,40,55,184,236
2601799,136,7,137,54,16,237
2602000,178,8,76,54,139,236
2602200,77,8,197,53,164,234
2602401,96,9,32,55,150,234
2602601,140,8,167,54,121,235
2602802,11,10,152,54,68,237
2603002,92,8,220,54,97,236
2603202,59,11,92,54,204,235
2603403,189,7,114,55,191,236
2603603,29,9,152,55,214,236
2603804,71,8,47,54,173,235
2604004,4,9,220,54,138,235
2604205,152,9,212,55,202,235
2604405,17,8,31,54,14,236
2604606,190,9,32,54,110,236
2604806,87,10,39,55,166,235
2605007,245,8,212,54,52,236
2605207,2,8,152,54,144,235
2605408,138,8,106,54,0,236
2605608,116,10,54,56,93,235
2605809,20,9,84,54,220,235
2606009,255,8,130,54,136,235
2606209,92,8,220,54,112,236
2606410,186,8,228,54,84,235
2606610,201,8,137,56,21,236
2606811,58,9,84,55,1,236
2607011,216,8,250,53,102,236
2607212,178,8,107,54,206,236
2607412,191,8,160,54,156,236
2607613,125,8,16,54,169,236
2607813,106,9,84,55,39,237
2608014,142,9,236,55,208,236
2608214,60,9,114,55,10,235
2608415,52,9,17,56,224,235
2608615,214,8,46,55,67,236
2608816,104,9,220,55,172,234
2609016,33,10,114,55,198,236
2609216,83,9,160,55,235,236
2609417,132,8,77,55,13,236
2609617,224,8,114,55,80,236
2609818,61,8,152,54,23,236
2610018,167,9,130,55,32,237
2610219,155,8,114,55,228,236
2610419,108,10,85,55,186,236
2610620,201,8,175,54,114,235
2610820,0,8,168,54,190,235
2611021,232,8,92,54,114,235
2611221,210,10,182,54,84,235
2611422,224,8,77,54,36,236
2611622,237,8,100,54,249,235
2611823,232,10,2,54,225,235
2612023,100,10,100,54,182,235
2612224,72,10,130,54,210,235
2612424,199,8,206,53,0,236
2612624,39,8,182,54,164,234
2612825,58,9,122,55,52,236
2613025,188,9,167,55,141,236
2613226,117,8,24,56,59,234
2613426,136,9,92,55,95,236
2613627,46,8,114,54,212,235
2613827,237,8,250,55,94,235
2614028,24,10,17,55,52,236
2614228,172,9,47,55,92,237
2614429,34,10,144,54,68,237
2614629,159,9,235,55,218,235
2614830,109,8,76,54,70,235
2615030,40,8,107,54,73,236
2615231,163,8,122,53,202,235
2615431,152,9,84,56,104,234
2615631,190,9,84,54,48,235
2615832,247,8,220,55,211,233
2616032,144,9,175,55,155,234
2616233,37,9,9,55,26,235
2616433,22,9,92,55,154,236
2616634,22,9,2,55,166,235
2616834,247,8,205,53,6,236
2617035,71,8,9,56,203,235
2617235,102,10,54,55,176,236
2617436,34,9,47,55,148,236
2617636,230,10,84,55,164,236
2617837,7,11,9,56,10,237
2618037,134,9,137,55,167,235
2618238,233,7,69,54,74,236
2618438,244,9,220,54,28,236
2618638,44,9,107,54,62,235
2618839,216,8,54,56,117,236
2619039,173,9,46,54,53,234
2619240,170,8,54,55,51,236
2619440,81,9,54,54,104,236
2619641,71,8,212,54,195,235
2619841,14,9,137,54,76,237
2620042,196,9,212,54,67,236
2620242,201,8,212,55,146,236
2620443,152,9,54,55,70,235
2620643,76,9,77,54,39,237
2620844,222,8,16,55,116,235
2621044,33,10,130,54,121,235
2621245,155,8,9,55,36,236
2621445,152,9,250,53,39,237
2621645,117,8,32,55,121,235
2621846,75,9,2,54,162,236
2622046,34,10,235,53,176,236
2622247,78,10,234,54,0,236
2622447,32,8,92,53,254,235
2622648,167,9,160,54,252,234
2622848,43,9,144,54,64,235
2623049,171,8,168,54,117,236
2623249,182,9,197,53,2,237
2623450,56,8,17,55,248,235
2623650,209,8,62,55,232,235
2623851,124,8,77,54,50,236
2624051,44,9,235,54,232,235
2624252,247,8,122,55,132,236
2624452,194,8,122,55,231,237
2624652,14,9,92,55,132,236
2624853,22,9,168,54,28,236
2625053,122,9,220,55,176,236
2625254,152,9,129,54,36,236
2625454,148,10,70,55,218,235
2625655,242,9,54,55,67,236
2625855,6,9,114,55,132,236
2626056,198,9,242,54,62,235
2626256,60,9,160,54,188,235
2626457,96,9,92,54,152,237
2626657,178,8,130,52,84,235
2626858,175,9,17,56,6,236
2627058,216,8,100,54,192,234
2627259,232,8,160,55,144,235
2627459,233,10,190,55,247,235
2627660,144,9,92,54,2,237
2627860,90,9,92,55,158,235
2628060,75,9,69,54,225,235
2628261,48,10,152,54,236,236
2628461,3,10,32,55,132,236
2628662,66,9,24,55,134,236
2628862,140,8,114,55,16,237
2629063,148,8,190,53,110,236
2629263,171,8,114,55,50,236
2629464,168,9,17,56,6,236
2629664,148,8,242,54,65,236
2629865,14,9,62,54,221,236
2630065,170,8,130,54,169,236
2630266,72,10,2,56,210,235
2630466,155,8,198,53,247,235
2630667,87,10,212,55,192,234
2630867,42,9,17,54,85,237
2631067,166,9,92,55,131,235
2631268,68,9,47,55,144,235
2631468,54,10,190,55,204,235
2631669,117,8,152,54,165,235
2631869,14,9,24,54,218,235
2632070,221,9,2,56,9,237
2632270,9,8,205,54,181,235
2632471,213,9,84,55,129,235
2632671,129,9,152,55,43,236
2632872,143,7,205,54,129,235
2633072,236,9,32,55,77,235
2633273,68,9,213,54,191,236
2633473,175,9,175,55,124,236
2633674,221,9,69,54,199,236
2633874,224,8,106,54,54,235
2634075,193,8,220,55,36,236
2634275,129,9,9,55,247,235
2634475,232,8,54,54,131,238
2634676,144,9,182,54,166,235
2634876,86,8,107,54,102,236
2635077,68,9,17,55,80,236
2635277,117,8,32,55,111,234
2635478,247,8,204,53,28,236
2635678,67,9,190,54,72,236
2635879,194,8,9,54,247,235
2636079,176,8,24,54,185,236
2636280,106,9,92,54,151,235
2636480,72,10,220,54,214,236
2636681,60,9,115,55,6,236
2636881,217,8,47,56,102,236
2637082,37,9,197,54,32,235
2637282,26,10,40,56,117,236
2637482,45,9,16,54,181,235
2637683,205,9,235,54,206,236
2637883,220,9,40,54,173,235
2638084,32,8,16,55,151,235
2638284,44,9,40,55,66,234
2638485,121,9,2,54,80,236
2638685,216,8,24,55,73,236
2638886,52,9,92,55,248,235
2639086,3,10,100,55,254,235
2639287,201,8,243,54,144,235
2639487,3,10,69,55,225,235
2639688,82,9,84,55,77,235
2639888,136,9,84,54,144,235
2640088,136,9,242,54,206,236
2640289,155,8,190,53,121,235
2640489,52,9,54,55,58,234
2640690,147,8,152,54,54,237
2640890,98,9,9,55,255,235
2641091,6,9,85,55,21,236
2641291,163,8,77,55,154,236
2641492,217,8,130,54,104,234
2641692,114,9,32,55,129,235
2641893,114,9,54,55,143,235
2642093,110,10,235,54,14,236
2642294,224,8,130,56,77,235
2642494,78,8,39,55,36,236
2642695,155,8,182,54,202,235
2642895,118,10,235,55,173,235
2643095,68,9,250,54,14,236
2643296,235,7,137,54,128,235
2643496,22,9,77,55,129,235
2643697,198,9,16,54,233,235
2643897,182,9,9,55,151,235
2644098,102,8,160,54,40,235
2644298,149,7,190,54,238,236
2644499,48,8,107,54,188,235
2644699,71,8,92,55,102,236
2644900,136,9,235,54,225,235
2645100,206,9,40,55,18,235
2645301,6,9,46,54,47,235
2645501,178,8,114,54,88,236
2645702,235,7,168,52,84,235
2645902,52,9,137,54,188,235
2646102,183,9,84,54,61,237
2646303,75,9,2,55,188,235
2646503,117,8,46,54,188,235
2646704,224,8,92,55,140,234
2646904,167,9,235,55,39,237
2647105,124,8,62,54,180,235
2647305,136,9,145,54,232,235
2647506,128,9,228,54,222,234
2647706,209,8,24,55,173,235
2647907,60,9,205,54,39,237
2648107,255,8,107,55,92,235
2648308,6,9,92,55,202,235
2648508,193,8,100,55,102,236
2648709,240,8,77,55,32,235
2648909,68,9,62,55,158,237
2649110,22,9,70,55,72,236
2649310,140,10,76,55,95,236
2649510,239,8,69,55,10,237
2649711,78,8,77,53,77,235
2649911,40,8,54,55,53,237
2650112,186,8,69,54,80,236
2650312,110,8,47,55,92,235
2650513,45,9,137,54,195,235
2650713,197,7,182,53,188,235
2650914,247,8,235,54,76,237
2651114,90,9,175,55,77,235
2651315,186,8,1,54,106,235
2651515,209,8,107,54,177,234
2651716,83,9,100,54,87,236
2651916,236,9,32,55,31,237
2652117,106,9,175,54,181,235
2652317,63,8,122,55,165,235
2652517,255,8,92,55,92,235
2652718,198,9,99,55,132,236
2652918,216,8,84,54,117,236
2653119,198,9,212,54,169,236
2653319,155,8,9,53,28,236
2653520,72,10,182,55,144,235
2653720,64,8,242,54,166,235
2653921,3,10,190,54,162,236
2654121,235,7,107,53,162,236
2654322,14,9,190,54,83,237
2654522,158,7,77,54,88,236
2654722,197,7,32,55,154,236
2654923,216,8,160,54,40,235
2655123,206,9,114,55,173,235
2655324,144,9,175,56,158,235
2655524,137,9,32,54,102,236
2655725,252,9,9,55,144,235
2655925,83,9,122,54,132,236
2656126,14,9,24,55,240,235
2656326,102,8,212,55,106,235
2656527,8,8,9,55,60,236
2656727,221,9,182,55,254,235
2656928,25,8,16,55,203,235
2657128,109,8,190,54,124,236
2657329,109,8,220,54,84,235
2657529,144,9,99,53,39,237
2657729,236,9,137,54,6,236
2657930,148,8,182,55,225,235
2658130,68,9,77,55,132,236
2658331,140,8,190,54,218,235
2658531,198,9,114,54,239,237
2658732,143,7,55,55,254,235
2658932,224,8,77,54,191,236
2659133,254,8,100,54,210,235
2659333,38,9,107,55,14,236
2659534,52,9,24,55,112,237
2659734,101,8,129,54,225,235
2659935,190,9,69,54,61,237
2660135,14,9,107,54,132,236
2660335,75,9,47,55,90,237
2660536,247,8,40,55,103,234
2660736,106,9,228,54,129,235
2660937,36,9,250,54,203,235
2661137,57,10,137,54,196,235
2661338,17,8,213,54,32,237
2661538,182,9,54,54,188,235
2661739,182,9,137,54,48,235
2661939,213,9,99,54,191,236
2662140,14,9,9,55,103,234
2662340,132,8,205,55,203,235
2662541,68,9,107,55,14,236
2662741,29,9,114,55,36,236
2662942,43,9,235,53,26,237
2663142,44,9,152,54,154,236
2663343,121,9,198,54,151,235
2663543,132,8,2,54,99,235
2663743,136,9,130,55,148,234
2663944,140,8,145,54,72,236
2664144,255,8,167,53,121,235
2664345,99,8,168,54,52,236
2664545,117,8,160,54,76,235
2664746,140,8,9,55,121,235
2664946,18,10,182,54,252,234
2665147,129,9,17,56,254,237
2665347,255,8,145,55,143,237
2665548,255,8,145,54,84,237
2665748,152,9,9,55,114,235
2665949,3,10,69,54,198,236
2666149,127,9,39,55,202,234
2666349,37,9,24,54,132,236
2666550,247,8,235,54,176,236
2666750,144,9,69,55,73,236
2666951,213,9,54,54,102,236
2667151,108,8,62,54,41,237
2667352,64,10,175,53,32,235
2667552,79,8,145,55,254,235
2667753,205,9,70,55,21,236
2667953,117,8,242,54,92,235
2668154,159,9,114,55,55,235
2668354,186,8,99,55,65,236
2668555,220,9,107,54,21,236
2668755,224,8,167,53,14,236
2668956,90,9,152,54,195,235
2669156,29,9,24,56,13,236
2669356,34,10,122,54,61,237
2669557,6,9,182,55,173,235
2669757,247,8,114,54,99,235
2669958,99,11,107,56,124,236
2670158,109,8,130,55,126,234
2670359,10,10,24,55,121,235
2670559,160,9,100,55,206,236
2670760,117,8,197,54,21,236
2670960,190,9,212,54,191,236
2671161,211,9,130,55,94,235
2671361,83,9,168,53,139,236
2671562,22,9,235,54,184,236
2671762,26,10,39,55,65,236
2671962,90,9,235,53,29,236
2672163,190,9,122,54,172,237
2672363,238,8,152,54,131,235
2672564,63,8,152,54,132,236
2672764,3,10,84,55,206,234
2672965,121,9,160,55,76,237
2673165,18,8,1,55,140,236
2673366,49,10,144,55,2,237
2673566,200,8,24,55,188,235
2673767,49,10,2,54,150,237
2673967,83,9,47,55,121,235
2674168,236,9,175,55,147,234
2674368,83,9,16,54,195,235
2674568,9,8,100,55,229,234
2674769,128,9,197,54,240,235
2674969,102,8,84,54,80,236
2675170,14,9,84,55,24,237
2675370,152,9,70,54,154,236
2675571,106,9,228,53,132,236
2675771,239,8,167,54,18,235
2675972,48,8,205,54,155,234
2676172,148,8,130,54,132,236
2676373,4,9,62,55,52,236
2676573,56,10,130,53,88,236
2676774,216,8,250,54,117,236
2676974,114,9,220,53,61,237
2677175,129,9,2,54,148,234
2677375,232,8,107,54,6,236
2677575,60,9,243,54,255,235
2677776,245,8,47,55,246,234
2677976,68,9,54,55,28,236
2678177,29,9,242,53,198,236
2678377,216,8,122,55,144,235
2678578,14,9,228,55,124,236
2678778,10,10,138,55,255,235
2678979,40,8,160,54,154,236
2679179,213,9,129,55,159,235
2679380,114,9,190,54,232,235
2679580,175,9,250,54,240,235
2679781,202,8,205,54,255,235
2679981,255,8,107,54,147,236
2680182,230,8,220,54,42,235
2680382,20,9,16,56,34,237
2680583,48,8,198,54,92,235
2680783,224,8,54,54,132,236
2680984,122,11,160,54,236,234
2681184,170,8,197,54,98,237
2681384,254,8,107,54,6,236
2681585,174,9,92,55,117,236
2681785,210,10,174,54,140,236
2681986,60,9,77,55,14,236
2682186,148,8,100,54,66,236
2682387,244,9,9,55,126,234
2682587,6,9,70,55,76,237
2682788,42,10,160,54,188,235
2682988,168,8,100,55,11,237
2683189,251,9,2,55,110,236
2683389,158,9,99,54,179,234
2683590,162,8,235,54,117,236
2683790,60,9,167,54,173,235
2683991,91,9,84,54,237,234
2684191,209,8,9,55,240,235
2684391,115,8,54,55,175,235
2684592,6,9,16,53,188,235
2684792,194,10,100,54,114,235
2684993,62,10,160,54,215,236
2685193,224,8,9,55,233,235
2685394,156,10,152,55,191,236
2685594,190,9,190,53,36,236
2685795,168,8,167,54,186,236
2685995,96,9,10,55,216,234
2686196,209,8,9,54,206,236
2686396,251,9,40,55,46,237
2686597,37,9,92,54,136,235
2686797,30,9,2,55,162,236
2686998,98,9,77,56,39,237
2687198,22,9,115,55,177,234
2687399,158,9,250,55,38,236
2687599,148,8,190,54,225,235
2687799,165,9,32,54,23,236
2688000,137,9,152,55,47,235
2688200,14,9,190,54,192,236
2688401,22,9,24,55,250,236
2688601,198,9,62,55,10,235
2688802,106,9,220,54,6,236
2689002,37,9,175,55,188,235
2689203,220,7,24,55,28,236
2689403,156,8,54,54,70,235
2689604,132,8,2,54,162,236
2689804,112,7,84,54,72,236
2690005,172,9,175,54,130,235
2690205,24,10,175,53,82,236
2690406,92,8,198,53,227,235
2690606,233,7,198,55,193,236
2690807,142,7,54,55,83,234
2691007,62,10,47,54,30,236
2691207,28,9,152,55,64,235
2691408,88,9,77,55,239,234
2691608,107,8,24,55,242,235
2691809,156,8,220,53,88,236
2692009,165,9,47,54,249,235
2692210,192,8,190,53,64,235
2692410,247,8,145,52,210,235
2692611,0,8,137,54,94,235
2692811,140,8,24,55,255,235
2693012,114,9,39,55,129,235
2693212,40,8,145,54,228,236
2693413,226,9,77,54,208,236
2693613,242,7,62,54,199,236
2693814,160,8,160,55,190,235
2694014,140,8,114,54,151,235
2694214,140,8,9,55,13,236
2694415,81,9,130,54,226,235
2694615,216,8,16,55,191,236
2694816,142,9,16,56,94,235
2695016,43,9,99,55,61,234
2695217,46,8,100,55,57,235
2695417,104,9,145,56,45,236
2695618,211,9,62,54,152,235
2695818,132,8,100,54,9,237
2696019,56,8,32,53,43,236
2696219,188,9,54,54,220,235
2696420,88,9,205,54,130,235
2696620,230,8,69,55,30,236
2696820,159,9,183,55,206,236
2697021,160,8,114,55,4,235
2697221,232,8,76,54,235,236
2697422,6,9,205,54,151,235
2697622,71,8,152,54,124,236
2697823,194,8,167,54,58,236
2698023,52,9,8,54,170,234
2698224,178,8,84,55,32,235
2698424,185,8,17,54,198,236
2698625,6,9,137,55,247,235
2698825,194,8,62,55,14,236
2699026,198,9,137,55,225,235
2699226,16,10,138,55,205,235
2699427,138,8,107,55,216,236
2699627,231,6,137,54,72,236
2699827,73,9,152,53,89,236
2700028,153,8,99,54,234,235
2700228,242,9,182,54,182,235
2700429,250,7,62,55,120,237
2700629,12,9,92,54,205,235
2700830,122,8,182,54,38,236
2701030,164,7,100,55,172,234
2701231,214,8,122,55,142,234
2701431,12,9,107,55,78,235
2701632,112,9,235,55,79,235
2701832,58,9,16,54,174,237
2702033,208,10,227,53,168,235
2702233,199,8,16,53,208,236
2702433,158,9,152,55,60,234
2702634,161,8,220,54,220,235
2702834,12,9,228,54,64,235
2703035,132,8,250,54,48,235
2703235,198,9,182,54,180,235
2703436,96,9,92,55,153,235
2703636,73,9,122,54,42,235
2703837,204,9,108,56,119,236
2704037,158,9,228,53,252,236
2704238,254,8,174,55,61,237
2704438,169,8,160,54,93,235
2704639,64,10,77,53,191,236
2704839,140,8,24,54,236,234
2705040,63,8,24,55,39,237
2705240,50,9,40,56,179,234
2705441,219,9,84,54,134,236
2705641,0,11,24,55,225,235
2705841,234,9,92,56,193,236
2706042,192,8,152,53,94,235
2706242,199,8,99,54,186,236
2706443,50,9,145,55,138,235
2706643,7,8,228,55,90,236
2706844,134,7,24,55,170,236
2707044,73,9,17,55,30,236
2707245,81,9,40,55,115,237
2707445,16,8,250,53,88,235
2707646,149,9,107,55,172,234
2707846,61,8,220,55,153,235
2708047,81,9,2,54,7,235
2708247,188,9,17,55,38,236
2708448,43,9,160,55,0,236
2708648,81,9,9,54,8,236
2708848,157,9,77,54,123,235
2709049,88,9,46,54,154,235
2709249,168,8,197,53,226,237
2709450,146,8,227,53,75,236
2709650,4,9,242,54,134,236
2709851,58,9,167,54,90,236
2710051,184,8,100,53,64,235
2710252,249,9,250,53,66,235
2710452,12,9,122,55,182,235
2710653,4,9,175,53,186,234
2710853,238,8,182,55,156,236
2711054,161,8,39,54,34,235
2711254,165,9,32,55,160,235
2711454,131,10,190,54,108,237
2711655,73,9,220,55,74,236
2711855,134,9,197,54,64,235
2712056,66,9,137,54,56,235
2712256,168,8,212,54,40,237
2712457,166,9,205,54,8,236
2712657,164,7,92,55,77,234
2712858,43,9,46,54,86,235
2713058,153,8,167,55,112,236
2713259,104,9,130,54,249,235
2713459,250,9,47,55,144,237
2713660,27,9,228,54,228,235
2713860,112,9,39,53,157,234
2714061,160,8,130,55,230,236
2714261,12,9,2,55,178,236
2714461,78,10,242,55,222,236
2714662,35,9,100,53,171,236
2714862,112,9,152,54,153,235
2715063,207,8,47,53,68,236
2715263,112,9,77,55,225,236
2715464,165,9,167,55,227,235
2715664,238,8,85,54,220,235
2715865,196,9,62,55,119,236
2716065,108,10,99,55,2,236
2716266,100,8,242,54,141,236
2716466,163,8,100,55,6,236
2716667,191,8,2,55,160,235
2716867,4,9,204,53,142,236
2717067,119,9,32,54,244,236
2717268,122,8,198,55,116,235
2717468,31,10,122,54,130,237
2717669,176,8,122,55,20,235
2717869,40,8,130,54,222,234
2718070,245,8,250,54,120,234
2718270,70,10,152,54,189,237
2718471,148,8,144,54,84,237
2718671,252,8,17,55,79,235
2718872,176,8,40,55,108,235
2719072,15,8,167,55,134,236
2719273,238,8,100,54,175,235
2719473,199,8,92,54,154,235
2719674,248,7,137,53,104,236
2719874,210,7,160,54,0,238
2720074,223,10,242,53,115,237
2720275,123,8,46,54,71,235
2720475,199,8,70,54,124,235
2720676,46,8,122,55,219,235
2720876,150,9,84,55,33,237
2721077,12,9,144,54,249,235
2721277,92,8,168,55,119,236
2721478,92,8,9,55,212,235
2721678,150,9,69,56,9,234
2721879,111,9,130,55,245,236
2722079,230,8,62,54,90,236
2722280,100,10,190,54,226,237
2722480,50,9,242,54,8,236
2722680,76,8,9,55,231,234
2722881,119,9,32,55,212,235
2723081,73,9,144,53,126,236
2723282,134,7,99,54,112,236
2723482,219,9,198,55,104,236
2723683,230,8,220,54,202,236
2723883,118,9,62,54,52,236
2724084,176,8,77,55,227,235
2724284,241,7,167,54,162,235
2724485,232,8,250,54,157,237
2724685,165,9,122,54,242,235
2724886,204,9,220,54,8,236
2725086,84,8,1,55,12,235
2725286,161,8,114,55,73,235
2725487,12,9,250,53,8,236
2725687,96,9,212,53,146,235
2725888,111,9,24,55,29,235
2726088,139,10,24,53,44,236
2726289,24,10,17,54,2,236
2726489,16,10,1,54,75,236
2726690,188,9,212,54,132,235
2726890,176,8,2,56,71,235
2727091,157,9,16,56,119,236
2727291,162,10,248,55,112,235
2727492,85,10,152,55,206,235
2727692,116,10,122,55,69,236
2727893,74,9,92,54,103,235
2728093,126,9,190,55,106,236
2728293,245,8,92,53,143,236
2728494,76,8,77,54,0,236
2728694,219,9,174,54,107,234
2728895,230,8,92,54,224,236
2729095,192,8,107,54,182,235
2729296,207,8,212,55,98,234
2729496,226,9,114,54,26,237
2729697,222,8,17,54,40,236
2729897,66,9,130,56,118,236
2730098,0,8,122,54,246,234
2730298,214,8,17,55,19,237
2730499,214,8,9,55,89,236
2730699,253,8,205,54,145,235
2730900,111,9,24,54,149,236
2731100,50,9,198,55,212,235
2731300,4,9,62,56,64,235
2731501,107,8,115,55,154,237
2731701,242,9,9,56,193,236
2731902,146,8,100,55,86,235
2732102,27,9,220,54,234,235
2732303,242,9,190,55,16,234
2732503,16,8,114,54,63,237
2732704,210,7,197,55,116,235
2732904,76,8,175,55,122,237
2733105,145,8,69,55,182,235
2733305,219,9,167,55,144,237
2733506,42,9,122,55,30,236
2733706,104,9,212,55,241,235
2733906,199,8,32,54,205,235
2734107,150,9,198,54,153,235
2734307,165,9,137,54,230,236
2734508,219,9,115,54,12,235
2734708,81,9,47,54,220,235
2734909,226,7,235,54,128,236
2735109,206,8,100,55,20,237
2735310,184,8,167,55,249,235
2735510,196,9,235,54,118,235
2735711,111,9,9,55,240,234
2735911,43,9,130,54,4,235
2736112,46,8,46,54,197,235
2736312,154,10,122,53,93,235
2736513,12,9,115,55,38,236
2736713,134,9,2,55,101,235
2736913,184,8,250,53,34,235
2737114,100,8,130,55,153,235
2737314,73,9,198,55,202,236
2737515,245,8,9,55,126,236
2737715,70,10,235,55,194,234
2737916,96,9,242,54,193,236
2738116,172,9,62,55,40,237
2738317,135,9,100,54,138,235
2738517,158,9,235,54,234,235
2738718,138,8,197,53,66,236
2738918,204,9,107,54,22,235
2739119,226,9,39,55,168,235
2739319,100,8,250,54,148,236
2739520,200,10,46,55,197,235
2739720,12,9,220,54,183,235
2739921,124,10,145,55,147,235
2740121,146,8,92,55,177,235
2740321,0,8,17,55,199,235
2740522,199,8,190,54,169,235
2740722,142,9,168,54,208,234
2740923,204,9,182,54,116,235
2741123,54,8,107,56,12,235
2741324,27,9,69,55,26,237
2741524,1,10,107,55,35,237
2741725,158,9,62,55,186,236
2741925,66,9,9,54,227,235
2742126,112,9,9,55,221,235
2742326,42,9,250,54,214,235
2742527,0,8,92,53,253,234
2742727,119,9,107,54,60,236
2742927,31,8,250,54,231,234
2743128,47,10,122,55,251,235
2743328,81,9,205,54,116,235
2743529,176,8,198,55,132,235
2743729,219,9,105,55,152,236
2743930,180,9,130,54,118,235
2744130,58,9,40,55,29,235
2744331,115,8,168,55,98,236
2744531,74,9,130,55,177,235
2744732,214,8,182,55,200,235
2744932,20,9,175,54,34,235
2745133,234,9,100,55,193,236
2745333,76,8,143,55,23,235
2745534,96,9,234,54,49,236
2745734,252,8,144,54,162,235
2745934,122,8,137,53,216,234
2746135,69,8,82,54,86,236
2746335,233,7,165,53,149,235
2746536,219,9,24,54,195,236
2746736,69,8,202,53,205,234
2746937,55,10,9,55,251,235
2747137,203,9,145,54,22,235
2747338,134,9,7,55,71,236
2747538,42,9,150,54,93,236
2747739,164,7,188,55,171,235
2747939,207,8,180,55,142,235
2748140,8,10,188,56,216,235
2748340,92,10,128,54,104,235
2748541,27,9,8,55,112,235
2748741,138,8,165,54,18,236
2748941,199,8,23,55,164,235
2749142,222,8,92,56,147,235
2749342,163,9,248,54,179,235
2749543,160,8,52,55,8,237
2749743,24,10,235,54,54,236
2749944,88,9,113,55,86,236
2750144,215,8,241,54,183,234
2750345,116,8,52,56,34,236
2750545,150,9,75,54,212,234
2750746,28,9,160,55,51,235
2750946,203,9,82,55,71,236
2751147,92,8,90,54,134,235
2751347,196,9,85,55,65,237
2751547,32,10,203,54,48,236
2751748,12,9,0,55,120,235
2751948,107,8,158,54,86,236
2752149,199,8,0,56,26,236
2752349,104,9,218,53,246,235
2752550,210,7,90,55,74,237
2752750,74,9,234,54,230,235
2752951,112,9,105,55,183,234
2753151,66,9,160,54,147,235
2753352,123,10,7,54,19,236
2753552,176,8,100,54,175,235
2753753,23,8,175,53,32,236
2753953,62,10,47,54,58,237
2754154,12,9,220,54,244,235
2754354,103,7,182,54,126,236
2754555,88,9,167,54,198,235
2754755,214,8,206,54,200,235
2754955,230,8,107,55,162,235
2755156,100,8,198,54,108,235
2755356,86,10,24,55,128,236
2755557,161,8,99,54,110,235
2755757,138,8,197,54,199,235
2755958,146,8,2,55,44,235
2756158,65,7,242,54,94,235
2756359,85,10,212,53,20,235
2756559,92,8,160,54,87,237
2756760,245,8,197,54,246,234
2756960,23,8,2,55,54,236
2757161,222,8,152,55,76,236
2757361,196,9,150,53,92,236
2757562,154,8,52,55,190,236
2757762,242,9,158,54,176,234
2757963,199,8,40,54,238,234
2758163,172,9,220,55,251,235
2758363,168,8,130,55,214,235
2758564,104,9,145,54,251,235
2758764,27,9,190,53,110,235
2758965,58,9,106,54,134,235
2759165,153,8,54,54,200,235
2759366,158,9,128,53,93,236
2759566,138,8,84,54,247,236
2759767,142,9,145,54,217,236
2759967,176,8,144,54,184,235
2760168,234,9,32,54,225,236
2760368,23,8,212,53,186,234
2760569,253,8,92,54,28,237
2760769,96,9,16,56,180,234
2760970,134,9,14,54,190,234
2761170,62,10,220,54,76,236
2761370,214,8,235,54,184,235
2761571,138,8,152,54,143,236
2761771,50,7,190,54,98,236
2761972,146,8,235,54,192,235
2762172,12,9,173,54,108,236
2762373,89,9,122,55,251,235
2762573,222,8,47,54,234,235
2762774,114,8,24,55,158,236
2762974,119,9,160,53,188,234
2763175,176,8,90,54,8,237
2763375,120,9,182,54,185,233
2763576,230,8,60,55,93,236
2763776,8,8,248,54,246,235
2763976,176,8,152,53,47,236
2764177,47,10,0,55,68,235
2764377,4,9,90,54,204,234
2764578,50,9,90,54,230,235
2764778,119,9,107,55,98,236
2764979,81,9,236,54,34,235
2765179,203,9,151,55,252,235
2765380,230,8,188,54,33,238
2765580,181,9,243,55,185,235
2765781,250,9,143,54,216,235
2765981,134,9,180,54,156,235
2766182,226,9,100,54,229,235
2766382,30,8,52,55,115,236
2766583,192,10,255,53,75,235
2766783,130,8,165,54,126,235
2766983,69,8,100,55,59,235
2767184,8,8,120,54,26,236
2767384,241,7,15,56,115,236
2767585,112,9,15,56,182,234
2767785,138,8,15,56,53,235
2767986,4,9,38,55,19,236
2768186,130,8,0,55,123,236
2768387,156,7,107,55,172,236
2768587,170,10,196,54,26,236
2768788,42,9,113,55,216,235
2768988,38,8,112,55,86,236
2769189,84,8,68,55,134,235
2769389,150,9,30,54,219,236
2769589,78,10,84,55,202,236
2769790,104,9,16,55,47,236
2769990,50,9,173,54,131,234
2770191,241,7,196,54,82,237
2770391,214,8,60,54,24,235
2770592,46,8,144,54,13,237
2770792,219,9,129,54,165,236
2770993,73,9,196,54,97,235
2771193,237,8,135,54,78,236
2771394,234,9,248,53,126,237
2771594,188,9,152,55,46,236
2771795,219,9,197,55,195,236
2771995,242,9,248,55,208,235
2772196,166,9,90,55,134,237
2772396,214,8,54,54,55,234
2772597,35,9,195,54,19,236
2772797,206,8,24,56,173,236
2772997,161,8,22,56,75,235
2773198,160,8,188,53,52,235
2773398,218,7,144,55,121,236
2773599,34,9,137,55,188,236
2773799,32,10,16,55,58,235
2774000,153,8,210,54,216,235
2774200,119,9,188,54,242,234
2774401,233,7,204,53,118,235
2774601,111,9,92,55,113,236
2774802,131,10,248,54,49,236
2775002,252,8,46,55,172,235
2775203,234,9,180,54,26,236
2775403,179,7,17,54,2,236
2775604,43,9,15,54,23,235
2775804,214,8,128,53,60,235
2776005,237,8,15,54,253,235
2776205,242,9,82,54,1,235
2776406,15,8,30,55,115,236
2776606,50,9,98,54,216,235
2776806,26,9,150,53,56,236
2777007,222,8,107,55,114,234
2777207,4,9,0,55,123,236
2777408,4,9,205,54,17,236
2777608,138,8,24,55,128,236
2777809,168,8,105,55,253,235
2778009,126,9,144,54,218,236
2778210,115,8,52,54,23,235
2778410,84,8,152,54,110,235
2778611,42,9,106,54,98,236
2778811,23,8,250,55,173,236
2779012,207,8,55,56,180,236
2779212,69,8,105,54,122,236
2779413,31,8,166,54,108,234
2779613,210,7,144,53,210,236
2779813,27,9,212,54,110,235
2780014,55,10,113,55,190,236
2780214,226,9,128,54,205,234
2780415,252,8,130,54,2,236
2780615,176,8,32,56,147,235
2780816,127,9,7,55,3,238
2781016,237,8,167,54,228,235
2781217,50,9,212,53,88,235
2781417,114,8,226,55,238,235
2781618,42,9,75,54,127,235
2781818,214,8,15,55,193,235
2782019,92,8,228,54,69,236
2782219,84,8,62,55,96,235
2782420,147,10,84,55,207,235
2782620,192,8,24,55,32,236
2782820,73,9,77,55,125,235
2783021,119,9,188,55,134,235
2783221,196,9,120,55,161,234
2783422,122,8,7,55,7,237
2783622,246,7,188,54,171,235
2783823,111,9,158,55,131,234
2784023,54,10,233,54,115,236
2784224,8,8,135,54,4,236
2784424,20,9,83,55,60,235
2784625,96,9,15,55,223,235
2784825,127,9,112,54,104,235
2785026,230,8,105,54,127,235
2785226,253,8,16,55,76,236
2785427,168,8,241,54,223,235
2785627,130,8,130,54,247,236
2785827,236,6,218,54,208,235
2786028,176,8,15,54,123,234
2786228,0,8,68,55,252,235
2786429,191,8,143,53,144,236
2786629,111,9,112,54,156,235
2786830,108,10,75,54,4,236
2787030,230,8,82,55,137,236
2787231,8,10,135,55,41,236
2787431,184,8,82,54,22,237
2787632,123,8,248,54,197,234
2787832,249,9,75,55,64,236
2788033,142,9,23,55,145,236
2788233,134,9,105,54,200,235
2788434,47,10,83,55,30,237
2788634,138,8,203,54,182,236
2788835,252,8,0,55,235,234
2789035,145,8,120,55,212,234
2789235,134,9,181,54,90,235
2789436,166,9,241,55,134,235
2789636,166,9,211,54,8,235
2789837,226,9,233,54,31,235
2790037,58,9,130,55,181,234
2790238,12,9,112,54,231,235
2790438,122,8,188,54,112,235
2790639,130,8,158,54,233,236
2790839,73,9,226,54,245,235
2791040,134,9,53,55,238,235
2791240,112,9,127,55,185,237
2791441,165,9,135,54,67,235
2791641,80,9,203,54,19,236
2791842,196,9,165,54,56,236
2792042,176,8,195,54,171,235
2792243,202,7,45,54,152,236
2792443,233,7,150,55,60,235
2792643,8,8,98,54,130,236
2792844,252,8,37,55,127,235
2793044,22,10,90,55,220,234
2793245,182,8,226,54,212,236
2793445,161,8,68,55,230,235
2793646,104,9,188,53,238,235
2793846,168,8,226,54,26,236
2794047,153,8,15,54,163,237
2794247,138,8,82,56,178,237
2794448,122,8,128,54,171,235
2794648,199,8,241,54,119,235
2794849,242,9,143,55,216,235
2795049,28,9,37,55,171,235
2795249,188,9,22,56,12,236
2795450,27,9,98,54,38,235
2795650,249,9,113,54,186,235
2795851,188,9,226,54,37,237
2796051,196,9,0,54,156,235
2796252,122,8,173,53,134,235
2796452,93,10,52,54,86,236
2796653,202,7,30,56,144,236
2796853,47,10,120,54,4,236
2797054,138,8,54,54,76,236
2797254,119,9,166,55,148,237
2797455,115,8,225,53,8,235
2797655,180,9,120,54,19,236
2797855,104,9,52,54,12,236
2798056,30,8,241,54,12,236
2798256,50,9,173,54,142,235
2798457,8,10,198,53,148,235
2798657,69,8,90,53,152,236
2798858,104,9,7,55,248,236
2799058,252,6,143,54,23,235
2799259,116,10,180,56,63,236
2799459,6,11,188,53,186,235
2799660,218,9,75,55,227,234
2799860,112,9,37,55,34,236
2800061,92,8,30,54,249,234
2800261,153,8,14,55,68,235
2800462,28,9,113,54,127,235
2800662,245,8,240,54,200,237
2800862,204,9,90,54,93,236
2801063,38,8,30,55,64,236
2801263,62,10,128,55,168,236
2801464,20,9,52,55,112,235
2801664,88,9,128,55,75,235
2801865,73,9,75,55,149,235
2802065,134,9,54,54,221,235
2802266,145,8,142,54,174,236
2802466,86,9,226,54,216,235
2802667,241,7,240,53,241,236
2802867,220,8,128,54,156,235
2803068,191,8,30,55,186,235
2803268,239,7,120,53,208,235
2803469,184,8,22,56,253,235
2803669,249,7,188,54,186,235
2803869,67,8,195,53,250,234
2804070,47,10,128,54,68,235
2804270,81,9,44,55,116,236
2804471,180,9,135,55,234,236
2804671,125,9,76,54,178,235
2804872,241,7,97,55,68,235
2805072,88,9,226,54,226,236
2805273,119,9,45,55,179,235
2805473,197,8,38,56,149,235
2805674,4,9,97,54,159,236
2805874,73,9,218,54,93,236
2806075,32,10,241,54,109,234
2806275,36,8,188,54,100,236
2806476,82,8,173,54,149,235
2806676,243,8,68,54,71,236
2806876,127,9,75,54,157,235
2807077,26,9,22,55,66,234
2807277,133,9,188,54,247,235
2807478,144,8,60,55,145,236
2807678,186,9,203,54,4,236
2807879,242,9,98,56,116,236
2808079,219,9,14,54,212,236
2808280,33,9,67,54,204,236
2808480,146,8,180,54,171,235
2808681,91,10,165,54,82,235
2808881,163,9,180,53,201,235
2809082,42,9,204,54,63,236
2809282,214,8,165,53,186,235
2809483,128,8,211,54,252,235
2809683,192,8,7,55,156,235
2809883,238,8,120,54,196,236
2810084,226,7,195,55,242,234
2810284,96,9,22,55,53,235
2810485,42,9,212,54,218,234
2810685,40,10,52,54,212,236
2810886,84,8,143,54,52,235
2811086,50,9,158,54,130,236
2811287,104,9,8,54,127,235
2811487,138,8,15,55,163,237
2811688,117,9,75,55,167,236
2811888,38,8,218,55,134,237
2812089,102,9,82,54,201,235
2812289,12,9,241,55,75,235
2812490,150,9,0,55,112,235
2812690,27,9,68,55,201,235
2812890,204,9,143,55,71,236
2813091,88,9,105,53,60,235
2813291,26,9,158,54,152,236
2813492,206,8,7,55,182,236
2813692,220,8,211,54,38,235
2813893,18,9,82,54,60,235
2814093,47,10,0,55,38,235
2814294,125,9,44,55,1,235
2814494,64,9,52,55,164,235
2814695,76,8,112,53,59,237
2814895,207,8,135,54,116,234
2815096,74,9,150,54,120,235
2815296,20,9,158,54,209,233
2815497,199,8,38,55,78,236
2815697,74,8,105,54,64,236
2815897,152,8,120,54,127,235
2816098,165,9,37,54,100,236
2816298,222,8,38,56,30,235
2816499,196,9,240,55,30,237
2816699,240,9,0,55,108,236
2816900,100,8,98,54,223,235
2817100,62,10,120,54,186,235
2817301,58,9,30,55,19,236
2817501,138,8,234,54,30,235
2817702,245,8,52,54,249,234
2817902,252,8,226,55,100,236
2818103,48,9,188,53,108,236
2818303,112,9,120,54,122,236
2818503,90,8,173,54,19,236
2818704,209,9,0,56,34,236
2818904,249,7,158,53,4,236
2819105,176,8,105,54,119,235
2819305,58,9,188,55,86,236
2819506,50,9,218,54,78,236
2819706,4,9,135,54,122,236
2819907,104,9,52,54,101,236
2820107,162,10,136,54,245,235
2820308,4,9,188,55,89,237
2820508,4,9,173,55,49,236
2820709,103,7,150,55,149,235
2820909,184,8,188,55,230,235
2821110,47,10,37,55,220,234
2821310,145,8,8,55,145,236
2821510,96,9,241,54,250,234
2821711,92,8,218,55,100,236
2821911,248,7,195,54,93,236
2822112,127,9,120,55,245,235
2822312,247,9,218,54,15,237
2822513,206,8,52,56,216,235
2822713,46,8,37,54,127,235
2822914,230,8,45,54,248,236
2823114,168,10,74,55,8,237
2823315,35,9,248,54,66,237
2823515,58,9,38,55,137,236
2823716,165,9,38,56,205,234
2823916,230,8,112,55,212,234
2824117,73,9,210,53,253,235
2824317,238,8,98,55,122,236
2824518,178,9,158,55,216,235
2824718,47,10,38,55,245,235
2824918,246,7,218,53,226,236
2825119,27,9,248,54,60,237
2825319,226,9,98,56,248,236
2825520,43,9,105,55,49,236
2825720,100,8,7,54,152,236
2825921,77,8,225,53,41,236
2826121,79,9,30,55,122,236
2826322,197,8,196,55,56,236
2826522,246,7,7,53,182,236
2826723,21,8,218,55,212,236
2826923,43,9,68,55,97,235
2827124,180,9,218,54,63,236
2827324,184,8,68,54,130,236
2827525,148,9,112,54,19,236
2827725,113,8,135,55,231,235
2827925,115,8,90,54,38,235
2828126,230,8,75,53,176,234
2828326,98,10,226,55,201,235
2828527,184,8,0,55,71,236
2828727,213,8,90,55,93,236
2828928,13,8,82,54,63,236
2829128,81,9,52,53,115,236
2829329,188,9,113,55,102,234
2829529,148,9,15,56,86,236
2829730,124,10,67,54,130,236
2829930,16,10,113,55,223,235
2830131,100,8,75,54,124,234
2830331,4,11,113,56,194,235
2830532,180,9,68,54,49,236
2830732,130,8,218,54,216,235
2830932,81,9,150,54,45,235
2831133,119,9,233,54,90,235
2831333,8,8,180,54,152,236
2831534,133,7,195,53,53,235
2831734,24,10,75,55,208,235
2831935,134,9,90,55,134,235
2832135,7,10,105,55,56,236
2832336,220,8,52,55,138,236
2832536,240,9,0,55,15,237
2832737,142,9,14,55,167,236
2832937,24,10,180,54,216,235
2833137,112,9,135,55,160,236
2833338,176,8,218,54,101,236
2833538,142,9,75,55,137,236
2833739,222,8,45,55,204,236
2833939,165,9,60,54,198,234
2834140,42,9,195,54,216,235
2834340,214,8,60,55,115,236
2834541,234,9,196,55,34,236
2834741,54,8,196,55,5,234
2834942,192,8,15,56,127,235
2835142,191,8,30,55,242,234
2835343,199,8,218,54,208,235
2835543,130,8,173,54,201,235
2835744,215,8,218,55,8,235
2835944,67,8,60,55,26,236
2836144,127,9,233,54,134,235
2836345,199,8,188,55,42,236
2836545,196,9,248,54,216,235
2836746,66,9,45,54,52,235
2836946,32,10,45,55,15,235
2837147,0,8,173,54,83,235
2837347,100,8,60,55,56,236
2837548,36,8,165,53,7,237
2837748,136,8,218,53,53,235
2837949,32,7,60,54,242,236
2838149,161,8,218,54,41,236
2838350,28,9,98,54,108,236
2838550,207,8,44,54,112,235
2838751,160,8,128,55,108,236
2838951,66,9,52,55,112,235
2839151,238,8,241,54,42,236
2839352,216,9,135,55,48,236
2839552,53,10,233,54,90,235
2839753,36,9,75,54,212,234
2839953,52,8,233,54,12,236
2840154,135,9,15,54,130,236
2840354,109,9,38,55,82,235
2840555,79,9,90,55,154,234
2840755,81,9,112,54,86,236
2840956,184,8,68,54,152,236
2841156,76,8,98,54,252,235
2841357,173,9,135,56,30,235
2841557,145,8,112,54,186,235
2841757,6,10,90,55,252,235
2841958,252,8,210,54,0,237
2842158,140,9,211,55,130,236
2842359,184,8,136,55,12,236
2842559,43,9,30,54,194,235
2842760,96,9,225,53,246,235
2842960,81,9,38,55,249,236
2843161,48,9,150,55,223,235
2843361,52,8,68,55,149,235
2843562,142,9,7,55,4,236
2843762,126,7,158,55,82,235
2843963,133,9,150,54,112,235
2844163,42,9,75,55,101,234
2844364,70,10,44,53,130,236
2844564,241,7,7,54,115,236
2844764,69,8,37,55,138,236
2844965,173,9,38,55,137,236
2845165,211,9,47,54,173,236
2845366,104,9,68,54,171,235
2845566,211,9,112,54,64,236
2845767,150,9,150,54,219,236
2845967,223,10,67,54,156,237
2846168,212,9,60,55,178,237
2846368,207,8,37,55,60,237
2846569,84,8,173,53,16,235
2846769,12,9,112,55,126,235
2846970,24,10,173,54,220,234
2847170,101,7,52,54,120,235
2847370,72,9,15,54,164,235
2847571,145,8,210,54,71,236
2847771,158,9,196,54,253,235
2847972,48,9,136,54,126,235
2848172,219,9,22,55,204,236
2848373,45,10,210,54,60,235
2848573,106,8,120,54,12,236
2848774,61,8,97,54,182,236
2848974,78,10,150,54,29,237
2849175,104,9,67,55,234,236
2849375,117,9,22,54,86,236
2849575,188,9,233,55,49,236
2849776,145,8,14,54,122,236
2849976,81,9,90,54,134,235
2850177,112,9,15,55,100,236
2850377,176,8,128,55,104,235
2850578,191,8,210,53,52,237
2850778,88,9,196,54,249,234
2850979,107,8,37,55,71,236
2851179,87,9,188,54,41,236
2851380,90,8,68,54,34,236
2851580,155,9,75,55,52,237
2851781,40,9,105,54,214,237
2851981,46,8,90,55,15,237
2852181,12,9,22,55,241,236
2852382,101,10,150,55,30,235
2852582,1,10,68,54,148,237
2852783,26,9,0,54,226,236
2852983,159,8,22,55,141,237
2853184,186,7,188,53,23,235
2853384,250,9,248,54,20,234
2853585,236,8,218,54,53,235
2853785,82,8,90,55,223,235
2853986,4,9,38,55,68,235
2854186,184,8,128,54,242,234
2854387,151,8,158,55,118,237
2854587,156,9,128,55,215,235
2854788,174,8,120,55,112,235
2854988,98,10,7,54,92,236
2855188,253,8,173,54,178,235
2855389,139,10,143,52,192,237
2855589,232,9,143,55,16,235
2855790,117,9,22,55,12,236
2855990,72,7,38,53,34,236
2856191,130,8,67,54,241,236
2856391,54,10,37,54,79,234
2856592,114,10,158,54,56,236
2856792,239,7,120,55,70,236
2856993,60,8,241,53,26,236
2857193,115,8,120,54,23,235
2857394,230,8,14,53,60,235
2857594,64,9,15,55,178,235
2857795,110,9,22,54,8,235
2857995,151,8,218,54,115,236
2858196,64,9,241,54,223,235
2858396,243,8,173,55,112,235
2858596,105,8,203,55,130,236
2858797,204,9,98,55,130,236
2858997,98,8,98,55,245,235
2859198,242,9,7,55,228,234
2859398,92,10,218,52,70,236
2859599,132,9,180,53,250,234
2859799,94,9,196,54,12,236
2860000,58,9,22,55,252,235
2860200,222,8,143,54,23,235
2860401,67,8,98,54,182,236
2860601,247,9,38,55,241,236
2860802,236,8,45,56,164,235
2861002,167,8,240,54,134,235
2861203,222,8,105,54,197,236
2861403,94,9,218,54,167,236
2861604,140,9,226,55,142,235
2861804,205,8,112,54,223,235
2862005,255,9,226,55,82,235
2862205,84,8,180,54,130,236
2862405,33,9,128,55,120,235
2862606,119,9,98,55,78,236
2862806,10,9,210,54,189,236
2863007,198,10,75,55,243,236
2863207,180,9,203,55,234,236
2863408,50,9,120,54,182,236
2863608,48,9,90,55,64,236
2863809,98,8,120,55,152,236
2864009,174,8,45,55,27,236
2864210,102,9,52,55,219,236
2864410,102,9,38,55,5,234
2864611,238,7,143,55,186,235
2864811,184,8,120,55,194,235
2865011,28,9,60,55,78,236
2865212,161,8,150,55,78,236
2865412,9,10,82,54,208,235
2865613,240,9,52,54,48,236
2865813,65,9,150,54,49,236
2866014,184,8,74,53,23,235
2866214,212,8,82,54,137,236
2866415,73,9,188,54,154,234
2866615,221,10,82,55,97,235
2866816,30,8,210,54,138,236
2867016,108,10,188,55,50,234
2867217,28,8,136,54,250,236
2867417,118,7,226,54,100,236
2867618,87,9,7,56,215,237
2867818,180,9,75,55,238,235
2868018,18,9,22,55,228,234
2868219,86,9,135,54,126,237
2868419,146,8,7,54,34,236
2868620,150,9,90,55,238,235
2868820,58,9,82,55,26,236
2869021,2,9,45,55,12,236
2869221,89,9,218,54,186,235
2869422,140,9,22,56,197,236
2869622,90,8,14,56,100,236
2869823,127,9,0,55,219,236
2870023,14,8,0,55,216,235
2870224,196,9,14,55,90,235
2870424,234,9,136,54,178,235
2870624,10,9,203,54,171,235
2870825,188,9,180,54,30,235
2871025,107,8,173,55,70,236
2871226,66,9,180,54,34,236
2871426,161,8,188,54,30,235
2871627,232,9,30,54,242,234
2871827,253,8,143,55,193,235
2872028,76,8,90,55,133,237
2872228,69,8,98,54,242,234
2872429,205,8,173,55,204,236
2872629,40,9,106,55,138,236
2872830,202,9,14,55,71,236
2873030,42,9,143,55,48,236
2873231,180,9,22,54,241,236
2873431,34,9,30,55,71,236
2873631,84,8,30,54,134,235
2873832,232,9,233,54,4,236
2874032,119,9,188,54,70,236
2874233,209,9,0,55,212,236
2874433,234,9,52,54,219,236
2874634,74,9,135,55,70,236
2874834,126,9,7,54,241,236
2875035,76,10,90,56,97,235
2875235,129,10,165,55,34,236
2875436,244,10,173,53,201,235
2875636,64,9,142,55,34,236
2875837,32,10,203,54,167,236
2876037,162,10,105,54,228,234
2876237,43,9,188,54,208,235
2876438,19,11,82,53,19,236
2876638,91,10,60,56,53,235
2876839,92,8,105,54,93,236
2877039,132,9,0,54,37,237
2877240,209,9,188,54,186,235
2877440,220,8,173,55,134,235
2877641,24,10,45,55,204,236
2877841,128,8,22,54,42,236
2878042,30,10,181,55,159,236
2878242,121,8,128,54,230,235
2878443,71,9,135,55,220,234
2878643,48,9,15,55,159,236
2878844,159,8,128,54,140,237
2879044,192,10,158,54,172,235
2879244,38,10,142,54,83,235
2879445,33,9,233,54,46,235
2879645,209,9,112,53,205,234
2879846,40,9,60,55,253,235
2880046,138,8,90,54,216,235
2880247,100,8,82,54,241,236
2880447,150,9,128,55,224,235
2880648,128,8,195,54,149,235
2880848,160,10,226,55,45,235
2881049,75,8,104,54,19,236
2881249,34,9,105,53,41,236
2881450,36,8,15,54,108,236
2881650,178,9,68,55,208,235
2881850,74,8,22,54,8,237
2882051,81,9,196,54,1,235
2882251,224,9,166,55,241,236
2882452,156,7,106,55,120,235
2882652,92,8,37,53,200,235
2882853,148,9,105,54,242,236
2883053,140,9,98,55,53,235
2883254,218,7,45,54,149,235
2883454,28,8,60,54,100,236
2883655,216,7,136,55,145,236
2883855,107,8,203,53,241,236
2884056,128,8,75,56,200,235
2884256,120,8,45,55,168,234
2884457,33,9,128,54,108,236
2884657,54,8,68,56,97,235
2884857,247,9,188,54,40,235
2885058,240,9,15,55,94,236
2885258,22,10,173,54,108,236
2885459,122,10,14,55,248,236
2885659,113,8,218,54,36,236
2885860,64,9,166,54,190,236
2886060,86,9,60,54,89,237
2886261,140,9,22,54,173,235
2886461,86,9,30,55,85,236
2886662,128,8,30,55,225,235
2886862,10,9,181,54,174,236
2887063,197,8,105,53,200,235
2887263,110,9,45,55,138,236
2887464,224,9,158,54,201,235
2887664,255,9,158,55,151,235
2887864,65,9,180,54,68,235
2888065,81,9,128,54,234,236
2888265,155,9,142,54,132,236
2888466,190,8,105,54,178,235
2888666,64,9,196,54,104,237
2888867,255,9,38,55,204,236
2889067,230,8,188,54,178,235
2889268,106,10,68,53,120,235
2889468,132,9,188,54,50,236
2889669,138,8,225,54,197,236
2889869,220,8,218,55,227,234
2890070,41,9,143,54,141,235
2890270,110,9,15,55,23,235
2890470,86,9,233,53,253,235
2890671,166,9,233,55,115,236
2890871,151,8,52,54,208,235
2891072,113,8,68,54,71,236
2891272,58,9,150,54,168,236
2891473,142,9,90,55,178,235
2891673,225,9,60,56,120,235
2891874,186,9,135,54,164,235
2892074,2,9,195,54,60,235
2892275,225,9,52,55,37,237
2892475,163,9,128,55,90,235
2892676,119,9,233,54,41,236
2892876,35,9,75,55,252,235
2893076,122,8,14,56,104,235
2893277,38,8,38,54,68,235
2893477,136,8,113,54,52,237
2893678,35,9,218,55,189,236
2893878,18,9,37,55,220,234
2894079,202,9,52,55,106,237
2894279,26,9,188,54,115,236
2894480,56,9,173,56,171,235
2894680,90,8,98,55,4,236
2894881,224,9,105,55,68,235
2895081,7,10,120,54,116,236
2895282,113,8,234,54,250,236
2895482,98,10,52,55,189,236
2895683,86,9,120,55,234,236
2895883,150,9,180,54,204,236
2896084,94,9,75,54,148,237
2896284,120,8,0,54,86,236
2896485,71,9,165,54,223,235
2896685,202,9,203,53,138,236
2896885,136,8,105,54,249,234
2897086,94,9,30,55,142,235
2897286,150,9,82,53,144,236
2897487,160,8,68,55,119,235
2897687,62,10,60,57,130,236
2897888,30,8,233,54,12,236
2898088,176,8,112,54,30,235
2898289,42,9,135,54,116,236
2898489,228,8,38,55,208,235
2898690,14,10,226,54,217,233
2898890,173,9,52,55,156,237
2899091,112,9,150,55,42,236
2899291,80,9,8,55,130,236
2899492,2,9,211,54,120,235
2899692,108,7,45,55,201,235
2899893,38,8,188,54,234,236
2900093,166,9,166,54,230,235
2900293,226,9,113,55,245,235
2900494,33,9,22,56,74,235
2900694,200,7,188,52,23,235
2900895,173,9,226,54,223,235
2901095,12,9,82,55,171,235
2901296,236,8,150,55,190,236
2901496,8,8,248,54,34,236
2901697,107,8,143,55,144,236
2901897,112,8,172,54,123,236
2902098,224,9,60,54,81,237
2902298,56,9,22,55,44,237
2902499,44,8,7,55,49,236
2902699,10,9,14,56,12,236
2902900,90,8,90,54,238,235
2903100,48,9,52,55,101,236
2903301,160,10,128,54,185,237
2903501,33,9,143,54,178,235
2903701,228,8,0,55,168,234
2903902,166,8,127,54,201,235
2904102,151,8,248,54,34,236
2904303,92,8,248,54,63,236
2904503,252,8,158,54,100,236
2904704,94,9,128,54,78,236
2904904,251,8,196,54,64,236
2905105,182,8,143,54,135,237
2905305,211,9,75,56,29,237
2905506,151,8,37,55,164,235
2905706,240,9,150,55,228,236
2905907,174,8,112,53,63,236
2906107,34,9,30,55,149,235
2906308,251,8,158,54,112,235
2906508,246,7,112,53,78,236
2906708,22,10,67,54,78,236
2906909,220,8,128,54,74,237
2907109,8,8,218,54,120,235
2907310,202,9,248,54,52,235
2907510,4,9,8,56,198,234
2907711,254,7,38,54,238,235
2907911,212,8,166,55,230,235
2908112,125,9,166,55,99,235
2908312,56,9,82,55,156,235
2908513,243,8,8,56,32,235
2908713,235,8,76,56,93,236
2908914,122,8,233,53,200,235
2909114,136,8,22,54,22,237
2909315,140,9,112,53,90,235
2909515,156,9,218,55,100,236
2909716,41,9,196,54,245,235
2909916,148,9,196,54,41,236
2910116,79,9,60,54,182,236
2910317,156,9,173,53,221,236
2910517,140,9,248,54,52,237
2910718,78,10,234,53,112,235
2910918,48,9,52,55,22,237
2911119,84,10,188,54,19,236
2911319,135,9,75,53,197,236
2911520,4,9,82,54,200,235
2911720,231,7,166,56,134,235
2911921,125,9,98,55,164,235
2912121,124,7,240,53,175,236
2912322,91,10,248,54,49,234
2912522,82,8,203,54,123,236
2912723,205,8,165,53,93,236
2912923,76,10,158,54,41,236
2913123,94,9,8,54,201,235
2913324,87,9,165,54,186,235
2913524,240,9,241,55,79,234
2913725,250,6,188,54,68,235
2913925,140,9,172,54,252,235
2914126,6,8,210,53,97,235
2914326,146,8,98,55,90,235
2914527,71,9,112,55,97,235
2914727,194,9,0,54,134,235
2914928,97,8,255,53,0,237
2915128,163,9,128,54,209,235
2915329,210,9,83,55,193,235
2915529,56,9,67,55,250,234
2915730,132,9,90,54,240,236
2915930,81,9,143,54,149,235
2916131,147,7,0,55,197,236
2916331,30,10,195,54,171,235
2916531,240,9,60,55,96,237
2916732,226,9,188,54,45,235
2916932,4,9,218,54,52,235
2917133,87,9,53,55,175,236
2917333,242,6,0,55,96,237
2917534,37,10,15,55,149,235
2917734,150,9,120,54,108,236
2917935,27,9,60,55,75,235
2918135,106,10,82,54,0,237
2918336,171,9,218,55,27,236
2918536,234,7,226,54,172,235
2918737,144,8,83,55,235,234
2918937,110,9,210,54,172,235
2919138,254,7,158,54,19,236
2919338,29,8,120,54,120,235
2919538,140,9,143,55,185,237
2919739,79,9,188,55,227,234
2919939,248,9,120,54,75,235
2920140,240,9,22,56,227,234
2920340,48,9,15,55,226,236
2920541,251,8,90,53,82,235
2920741,94,9,248,54,146,234
2920942,143,8,143,55,200,234
2921142,82,8,173,53,250,234
2921343,179,9,188,54,120,235
2921543,34,9,8,55,97,235
2921744,29,8,38,55,24,235
2921944,113,8,241,54,238,235
2922145,68,10,241,55,90,235
2922345,100,10,248,53,16,235
2922545,15,8,218,54,179,235
2922746,202,9,203,55,115,236
2922946,249,9,143,54,189,236
2923147,130,8,30,54,230,235
2923347,178,9,180,54,158,235
2923548,60,8,105,55,186,235
2923748,224,7,143,54,111,234
2923949,94,9,233,54,112,235
2924149,32,10,45,56,96,237
2924350,151,8,218,53,167,236
2924550,190,8,203,52,48,236
2924751,79,9,226,54,204,236
2924951,22,10,233,54,4,236
2925152,209,9,23,56,179,235
2925352,211,9,203,54,107,238
2925553,154,7,165,53,160,236
2925753,58,9,226,54,238,235
2925954,92,8,53,55,167,236
2926154,120,8,248,54,133,237
2926354,104,9,158,55,153,234
2926555,90,8,135,53,104,235
2926755,25,9,76,55,104,237
2926956,171,9,52,56,26,236
2927156,229,10,98,54,6,236
2927357,50,9,38,55,16,235
2927557,107,8,76,55,90,235
2927758,192,8,105,55,238,235
2927958,56,9,0,54,136,235
2928159,82,8,188,54,238,235
2928359,134,9,240,54,179,235
2928560,94,9,195,53,78,236
2928760,174,8,218,53,201,235
2928961,216,9,7,54,248,236
2929161,162,10,195,53,196,236
2929361,102,9,90,54,238,235
2929562,48,9,0,55,111,237
2929762,229,8,8,55,48,236
2929963,94,9,53,55,105,235
2930163,119,9,135,55,19,236
2930364,58,9,47,56,154,235
2930564,53,10,105,55,12,236
2930765,30,10,233,54,136,238
2930965,45,10,210,54,144,235
2931166,52,8,233,54,30,235
2931366,32,10,30,54,12,236
2931567,127,9,75,54,250,234
2931767,142,9,22,55,112,235
2931968,159,8,241,53,127,235
2932168,35,9,196,54,90,235
2932369,171,9,128,54,78,236
2932569,108,8,83,55,138,236
2932769,64,9,14,55,56,236
2932970,20,9,203,55,201,235
2933170,158,9,68,54,252,235
2933371,52,10,98,55,242,234
2933571,96,9,196,54,234,236
2933772,130,8,188,55,104,237
2933972,58,9,226,54,250,234
2934173,143,8,166,53,186,235
2934373,150,9,46,55,116,236
2934574,191,8,203,54,168,234
2934774,184,8,120,55,208,235
2934975,156,9,22,56,67,235
2935175,118,9,112,54,12,236
2935376,143,8,135,54,211,236
2935576,201,9,203,55,228,234
2935776,152,8,180,55,38,235
2935977,212,8,68,55,171,235
2936177,226,9,90,55,134,237
2936378,50,9,90,55,149,235
2936578,88,9,233,54,190,236
2936779,108,10,7,57,216,235
2936979,142,9,136,54,119,235
2937180,166,8,240,54,167,236
2937380,204,8,202,53,216,235
2937581,12,9,210,54,11,236
2937781,125,9,52,54,194,235
2937982,14,8,173,54,64,236
2938182,113,8,120,54,10,238
2938383,161,8,248,54,56,236
2938583,35,9,98,55,201,235
2938783,100,8,37,55,79,234
2938984,106,8,90,54,200,237
2939184,199,8,105,55,166,236
2939385,217,9,22,55,14,237
2939585,22,10,248,54,186,235
2939786,152,10,203,54,115,236
2939986,38,8,233,54,75,235
2940187,64,9,30,55,234,236
2940387,79,9,142,55,230,235
2940588,47,10,203,55,241,236
2940788,194,9,233,54,164,235
2940989,206,8,151,54,48,236
2941189,171,9,52,55,156,235
2941390,240,9,196,55,23,235
2941590,174,8,218,54,75,235
2941791,125,9,105,54,253,235
2941991,113,8,196,54,152,236
2942191,184,10,136,55,34,236
2942392,4,9,82,55,8,237
2942592,89,9,128,55,19,236
2942793,140,9,166,55,34,236
2942993,94,9,188,54,245,235
2943194,143,8,218,54,88,237
2943394,240,9,218,54,194,235
2943595,11,11,7,56,41,236
2943795,185,7,188,53,210,235
2943996,222,8,128,54,149,235
2944196,61,8,22,57,182,236
2944397,67,8,150,54,252,235
2944597,48,9,105,54,193,235
2944798,25,9,15,56,187,233
2944998,171,9,22,56,71,236
2945199,128,8,218,54,70,236
2945399,216,7,60,54,26,236
2945599,74,9,0,55,59,237
2945800,166,8,120,55,134,235
2946000,10,9,30,56,104,235
2946201,113,8,143,54,177,234
2946401,60,10,218,54,75,235
2946602,235,8,45,55,142,235
2946802,117,9,113,53,203,235
2947003,235,8,82,54,164,235
2947203,123,10,68,55,48,236
2947404,125,9,38,56,64,236
2947604,186,9,142,54,84,235
2947805,156,9,248,54,238,235
2948005,64,9,241,54,152,236
2948206,28,9,8,55,160,236
2948406,230,8,241,55,209,233
2948607,174,8,248,54,214,234
2948807,94,9,180,54,115,236
2949007,90,8,37,55,16,235
2949208,182,8,53,54,71,236
2949408,148,9,45,55,208,235
2949609,164,9,173,53,203,235
2949809,31,8,150,54,90,235
2950010,0,8,60,55,245,235
2950210,80,9,22,54,71,236
2950411,79,9,173,55,223,235
2950611,18,9,218,55,29,237
2950812,159,8,22,55,166,235
2951012,159,8,128,55,171,235
2951213,212,8,150,54,242,234
2951413,159,8,128,55,214,234
2951614,243,8,68,55,90,235
2951814,144,10,30,54,223,235
2952014,68,10,68,55,81,237
2952215,232,9,90,56,248,236
2952415,71,9,203,55,71,234
2952616,60,8,37,55,110,236
2952816,2,9,98,54,100,236
2953017,205,8,15,54,248,236
2953217,194,9,30,54,238,235
2953418,220,8,203,54,111,237
2953618,167,8,14,55,250,234
2953819,209,9,120,53,238,235
2954019,197,8,75,55,253,235
2954220,98,8,14,54,219,236
2954420,118,9,135,54,64,236
2954621,224,9,7,55,47,235
2954821,57,7,188,55,79,234
2955022,104,9,188,55,142,235
2955222,118,9,120,54,53,235
2955422,212,8,15,55,64,236
2955623,144,8,150,55,134,235
2955823,99,10,60,55,37,237
2956024,220,8,210,54,164,235
2956224,205,8,128,54,90,235
2956425,148,9,210,54,186,235
2956625,174,8,218,55,4,236
2956826,140,9,45,55,50,236
2957026,232,9,143,54,201,235
2957227,194,9,37,55,142,235
2957427,228,8,143,54,160,236
2957628,60,8,22,55,115,236
2957828,232,9,30,56,186,235
2958029,98,10,120,55,78,236
2958229,146,10,22,55,82,235
2958430,216,7,45,54,12,236
2958630,254,7,105,53,238,235
2958830,224,7,248,54,32,235
2959031,228,8,143,54,5,234
2959231,26,9,90,55,196,235
2959432,228,8,0,55,92,235
2959632,109,9,128,53,174,236
2959833,98,8,68,55,133,237
2960033,87,9,166,55,25,235
2960234,64,9,136,55,86,236
2960434,237,8,120,56,200,235
2960635,91,10,38,56,174,236
2960835,128,8,142,54,94,236
2961036,14,10,166,54,56,236
2961236,18,9,112,55,145,236
2961437,29,8,136,55,160,236
2961637,54,10,30,55,18,236
2961838,56,9,188,56,232,235
2962038,33,9,7,55,32,235
2962238,41,9,75,54,186,235
2962439,2,9,90,54,53,235
2962639,25,9,210,54,17,237
2962840,170,7,210,54,34,236
2963040,232,9,181,55,11,236
2963241,117,9,68,55,116,234
2963441,79,9,195,54,48,236
2963642,34,9,67,55,226,236
2963842,36,8,52,54,203,235
2964043,10,9,45,55,15,237
2964243,244,8,165,53,138,234
2964444,41,9,203,53,86,236
2964644,236,8,135,54,63,236
2964845,134,9,0,55,253,235
2965045,206,8,150,55,250,234
2965245,38,10,158,55,101,236
2965446,25,9,83,54,108,236
2965646,97,8,241,54,219,236
2965847,72,9,195,55,190,236
2966047,136,8,195,53,41,236
2966248,90,8,188,54,138,236
2966448,243,8,135,55,203,235
2966649,79,9,52,54,238,235
2966849,124,9,30,54,12,236
2967050,10,9,196,55,197,236
2967250,224,9,142,56,53,235
2967451,16,8,196,55,189,236
2967651,121,8,90,55,225,235
2967852,16,10,22,55,38,235
2968052,165,9,7,55,122,236
2968252,144,8,30,54,100,236
2968453,133,9,203,54,86,236
2968653,144,10,0,55,208,235
2968854,64,9,23,55,219,236
2969054,168,8,150,55,126,237
2969255,166,8,226,54,52,237
2969455,68,10,60,54,26,236
2969656,125,9,196,55,196,236
2969856,212,8,203,54,16,235
2970057,35,9,241,54,152,236
2970257,100,8,180,53,133,237
2970458,220,8,226,54,245,235
2970658,61,10,90,54,0,237
2970858,254,7,128,54,164,235
2971059,82,8,173,54,44,237
2971259,198,8,37,55,112,235
2971460,92,8,105,55,15,237
2971660,131,10,60,54,4,236
2971861,136,8,113,54,124,234
2972061,244,8,248,53,13,236
2972262,98,10,0,55,248,236
2972462,16,10,82,54,242,234
2972663,194,9,158,53,205,234
2972863,60,8,128,54,211,236
2973064,150,9,14,55,70,236
2973264,73,9,180,55,63,236
2973465,253,8,128,55,71,236
2973665,150,9,196,54,66,237
2973866,48,9,120,54,183,234
2974066,173,9,128,54,8,235
2974266,98,10,83,55,63,236
2974467,186,9,90,55,246,235
2974667,129,10,150,55,49,236
2974868,102,9,211,54,242,234
2975068,228,8,14,56,194,235
2975269,58,9,143,56,8,237
2975469,148,9,120,54,40,235
2975670,132,9,105,55,242,234
2975870,202,9,181,56,105,235
2976071,9,10,83,55,96,237
2976271,205,8,0,55,190,236
2976472,205,8,82,54,218,235
2976672,70,10,196,54,156,235
2976873,129,10,45,54,230,235
2977073,167,8,158,55,186,235
2977274,124,7,166,55,21,236
2977474,236,8,0,56,42,236
2977674,110,9,248,54,115,236
2977875,102,9,150,54,253,235
2978075,159,8,248,54,118,234
2978276,110,9,203,54,160,236
2978476,152,8,135,54,41,236
2978677,232,9,15,54,253,235
2978877,135,9,233,53,137,236
2979078,170,9,7,55,122,236
2979278,238,8,150,54,59,237
2979479,151,8,233,53,179,235
2979679,159,8,98,54,14,237
2979880,182,8,68,54,56,236
2980080,248,9,188,55,245,235
2980280,159,8,241,53,226,236
2980481,196,8,60,53,4,236
2980681,110,9,165,55,218,236
2980882,110,9,135,54,185,234
2981082,49,9,173,55,216,235
2981283,110,9,210,54,196,236
2981483,235,8,15,54,49,236
2981684,250,8,105,54,88,237
2981884,44,8,211,54,238,235
2982085,160,10,15,56,226,236
2982285,26,9,240,55,152,236
2982486,170,9,173,53,201,235
2982686,240,9,166,54,172,235
2982887,114,10,0,54,226,236
2983087,167,8,218,53,171,235
2983287,40,9,60,54,68,235
2983488,156,9,188,54,56,236
2983688,2,9,30,54,227,234
2983889,202,9,210,54,62,235
2984089,220,8,45,53,198,236
2984290,22,10,188,54,149,235
2984490,6,8,22,55,78,236
2984691,56,9,112,55,71,236
2984891,41,9,218,54,179,235
2985092,120,8,158,54,224,235
2985292,232,9,15,55,162,236
2985493,10,9,37,55,75,235
2985693,179,9,143,54,4,236
2985894,64,9,7,54,93,236
2986094,129,10,14,54,67,235
2986294,18,9,38,55,205,234
2986495,205,8,60,56,241,236
2986695,245,8,120,54,130,236
2986896,72,9,248,55,208,235
2987096,205,8,248,53,16,235
2987297,0,10,150,55,99,235
2987497,166,8,15,54,74,237
2987698,102,9,7,56,246,235
2987898,148,9,233,54,176,236
2988099,166,8,188,53,86,236
2988299,110,9,218,54,204,236
2988500,125,9,82,56,46,237
2988700,125,9,8,54,249,236
2988901,56,9,52,55,95,236
2989101,194,9,128,55,164,235
2989302,189,8,113,55,121,235
2989502,198,8,173,54,138,236
2989702,144,8,150,54,232,235
2989903,22,10,248,54,52,237
2990103,220,8,90,55,71,236
2990304,186,9,143,55,234,236
2990504,76,10,142,54,92,235
2990705,64,9,241,54,226,236
2990905,110,9,68,54,203,235
2991106,72,9,180,54,86,236
2991306,110,9,128,54,11,236
2991507,243,8,15,55,34,236
2991707,203,9,240,54,42,234
2991908,162,7,75,56,90,235
2992108,251,8,196,55,108,236
2992308,236,8,8,55,172,235
2992509,124,9,37,54,55,235
2992709,224,7,128,55,182,236
2992910,232,9,218,54,245,235
2993110,116,10,98,54,19,236
2993311,252,8,90,54,174,236
2993511,179,9,203,54,194,235
2993712,81,9,105,54,111,237
2993912,110,9,195,54,105,235
2994113,73,9,97,55,149,235
2994313,44,8,150,54,149,235
2994514,110,9,195,54,151,235
2994714,2,9,128,54,238,235
2994915,71,9,82,54,19,236
2995115,246,7,158,56,144,236
2995315,79,9,241,54,244,237
2995516,82,8,60,54,197,236
2995716,76,10,113,55,231,235
2995917,217,9,203,53,161,236
2996117,40,9,233,53,71,236
2996318,36,8,82,55,115,236
2996518,216,7,248,53,145,236
2996719,202,9,165,54,161,234
2996919,60,10,44,55,68,235
2997120,254,7,14,54,86,236
2997320,185,7,106,54,108,236
2997521,67,8,8,56,52,237
2997721,37,10,38,55,173,235
2997921,252,8,67,53,72,234
2998122,86,9,203,54,112,235
2998322,72,9,22,55,52,237
2998523,117,9,60,55,16,235
2998723,182,8,113,54,43,236
2998924,73,9,255,54,34,234
2999124,82,8,105,55,245,235
2999325,205,8,0,55,242,234
2999525,246,7,135,54,176,234
2999726,44,8,128,54,179,235
2999926,64,9,240,54,186,235
3000127,79,9,180,55,122,236
3000327,40,9,233,54,130,236
3000527,212,8,90,54,152,236
3000728,186,7,53,55,235,234
3000928,220,8,172,54,230,235
3001129,232,9,226,53,126,234
3001329,102,9,195,54,216,235
3001530,247,9,53,55,232,235
3001730,186,9,166,55,56,236
3001931,117,9,181,54,37,237
3002131,110,9,135,54,188,235
3002332,240,9,30,55,142,235
3002532,185,10,113,56,4,236
3002733,93,7,0,55,167,236
3002933,94,9,165,53,44,237
3003134,85,10,7,55,238,235
3003334,252,8,158,55,194,235
3003534,202,9,0,54,56,236
3003735,59,8,105,54,197,236
3003935,174,8,22,54,100,236
3004136,148,9,180,54,2,235
3004336,113,8,82,54,104,235
3004537,86,9,165,54,1,235
3004737,178,9,233,54,104,235
3004938,16,10,233,54,90,235
3005138,114,10,136,56,67,235
3005339,197,8,45,55,246,235
3005539,48,9,240,54,127,235
3005740,40,9,165,55,203,235
3005940,197,8,68,55,180,235
3006140,102,9,68,55,52,235
3006341,120,8,135,53,110,236
3006541,16,10,7,54,204,236
3006742,64,9,128,53,195,235
3006942,2,9,22,55,221,236
3007143,182,10,38,55,56,236
3007343,214,8,38,56,86,236
3007544,33,9,248,54,126,235
3007744,125,9,226,54,151,235
3007945,151,8,158,55,66,234
3008145,6,8,233,54,19,236
3008346,82,8,105,55,80,236
3008546,166,8,30,55,116,236
3008746,48,9,37,55,164,235
3008947,202,9,98,56,158,235
3009147,64,9,143,54,152,236
3009348,212,8,173,54,156,235
3009548,225,9,210,55,93,236
3009749,214,10,241,55,247,235
3009949,182,8,30,54,104,235
3010150,50,9,105,55,186,235
3010350,18,9,211,54,130,236
3010551,56,9,90,54,186,235
3010751,163,9,150,53,104,235
3010952,84,10,45,55,93,236
3011152,137,10,180,54,34,234
3011353,250,8,174,55,193,235
3011553,60,10,113,55,221,236
3011753,10,9,60,54,68,235
3011954,196,9,67,54,26,236
3012154,188,9,248,54,227,234
3012355,54,8,180,54,156,235
3012555,237,8,218,53,245,235
3012756,77,10,7,55,41,236
3012956,124,7,143,54,126,237
3013157,114,10,165,54,245,235
3013357,32,10,173,54,204,236
3013558,230,8,44,56,71,236
3013758,111,9,158,53,211,236
3013959,246,7,195,54,208,235
3014159,248,7,7,56,71,236
3014359,120,8,105,54,164,235
3014560,10,9,180,53,174,236
3014760,22,10,240,53,30,235
3014961,148,9,7,54,208,235
3015161,104,9,195,55,30,237
3015362,236,8,22,54,71,236
3015562,25,9,188,54,186,235
3015763,67,8,15,54,194,235
3015963,222,8,240,54,97,235
3016164,116,7,165,53,23,235
3016364,163,9,248,54,12,236
3016565,18,9,45,54,248,236
3016765,4,9,233,53,8,235
3016965,166,8,45,54,246,233
3017166,209,9,188,54,137,236
3017366,224,9,173,54,14,237
3017567,68,8,225,54,174,236
3017767,206,8,45,55,15,237
3017968,94,9,98,55,219,236
3018168,190,8,248,55,15,237
3018369,98,8,172,54,63,238
3018569,191,8,37,56,179,235
3018770,128,8,120,55,198,234
3018970,220,8,241,54,212,236
3019171,117,9,172,54,252,235
3019371,195,9,180,54,12,236
3019571,235,8,203,54,152,236
3019772,48,9,98,54,82,235
3019972,1,10,233,54,208,235
3020173,174,8,196,54,115,236
3020373,79,9,82,55,138,236
3020574,7,10,22,54,152,236
3020774,111,9,90,54,60,235
3020975,120,9,196,54,97,235
3021175,36,8,203,54,53,235
3021376,240,9,180,54,4,236
3021576,64,9,74,54,30,235
3021777,208,10,90,55,230,237
3021977,56,9,166,54,226,236
3022178,81,9,218,54,97,235
3022378,52,8,90,55,34,236
3022578,226,9,188,54,150,235
3022779,88,7,60,55,100,236
3022979,202,9,37,55,205,234
3023180,144,8,90,55,219,236
3023380,148,9,98,54,107,236
3023581,242,9,22,55,30,235
3023781,76,10,98,55,178,235
3023982,240,9,158,55,56,236
3024182,222,8,181,55,4,236
3024383,49,9,248,54,152,236
3024583,125,9,166,54,12,236
3024784,133,9,180,55,56,236
3024984,28,9,150,54,223,235
3025185,19,9,68,54,171,235
3025385,140,9,15,54,96,237
3025586,245,8,173,53,130,236
3025786,10,9,226,54,85,236
3025986,144,8,15,55,74,237
3026187,220,8,53,55,186,235
3026387,168,8,158,54,252,235
3026588,104,9,248,55,152,236
3026788,117,9,226,54,22,237
3026989,120,9,211,55,115,236
3027189,118,7,68,54,100,236
3027390,84,8,135,54,193,235
3027590,156,7,68,55,130,236
3027791,212,8,22,55,86,236
3027991,133,9,105,54,93,236
3028192,43,9,180,53,186,235
3028392,7,10,158,55,201,235
3028593,165,9,52,55,122,236
3028793,162,7,112,53,238,235
3028994,214,10,22,55,155,237
3029194,89,9,150,54,196,236
3029394,54,8,210,53,226,236
3029595,97,8,166,54,138,236
3029795,194,9,68,54,221,236
3029996,148,9,248,54,93,236
3030196,106,8,188,55,120,235
3030397,171,9,143,55,138,234
3030597,86,9,68,54,134,237
3030798,189,8,7,56,145,236
3030998,228,8,218,53,223,235
3031199,110,9,75,55,238,235
3031399,190,8,52,55,176,236
3031600,171,9,196,55,160,236
3031800,166,8,166,54,26,236
3032001,90,8,15,54,78,236
3032201,71,9,142,54,156,235
3032401,136,8,22,54,238,235
3032602,190,8,150,53,46,235
3032802,64,9,210,53,198,236
3033003,171,9,180,54,183,234
3033203,236,8,22,54,174,236
3033404,14,10,165,54,78,236
3033604,220,8,105,55,64,236
3033805,64,9,128,55,37,237
3034005,2,9,37,55,226,236
3034206,228,8,188,55,30,235
3034406,90,8,180,54,0,237
3034607,60,8,82,56,75,235
3034807,243,8,135,54,215,235
3035007,156,9,98,55,238,235
3035208,110,9,112,54,151,235
3035408,70,7,226,54,192,237
3035609,151,8,128,55,16,235
3035809,22,10,105,54,86,236
3036010,235,8,233,54,232,235
3036210,198,10,90,55,27,236
3036411,87,9,165,54,245,235
3036611,232,9,248,54,245,235
3036812,186,9,210,54,102,236
3037012,10,9,112,54,190,236
3037213,101,7,120,53,149,235
3037413,94,9,218,54,144,235
3037614,156,9,68,54,41,236
3037814,10,9,142,53,140,234
3038014,159,8,248,53,202,235
3038215,52,8,180,55,119,235
3038415,205,8,60,54,147,236
3038616,174,8,241,54,176,236
3038816,204,8,112,55,218,235
3039017,179,9,143,54,82,235
3039217,240,9,75,55,158,235
3039418,84,8,135,54,41,236
3039618,250,8,195,54,0,237
3039819,68,10,7,56,152,236
3040019,4,9,166,55,34,236
3040220,205,8,128,54,126,235
3040420,86,9,8,56,104,235
3040621,220,8,112,55,82,235
3040821,64,9,166,55,235,234
3041021,166,8,113,54,134,235
3041222,10,9,7,54,253,235
3041422,2,9,0,55,4,236
3041623,45,10,226,54,36,236
3041823,102,9,136,54,92,236
3042024,251,8,136,54,152,236
3042224,91,10,7,55,19,236
3042425,221,10,120,54,196,235
3042625,90,8,188,54,122,236
3042826,243,8,135,55,185,234
3043026,29,8,181,54,40,235
3043227,220,8,202,53,218,235
3043427,86,9,210,53,144,236
3043627,0,10,127,54,4,236
3043828,56,9,98,55,232,235
3044028,14,10,14,54,52,235
3044229,156,9,37,55,28,236
3044429,110,9,165,54,243,236
3044630,91,10,226,54,181,235
3044830,163,9,210,55,184,236
3045031,30,10,210,54,173,235
3045231,34,9,203,53,218,235
3045432,6,8,45,55,53,235
3045632,10,9,113,55,97,235
3045833,213,8,75,56,108,236
3046033,110,9,120,54,13,236
3046233,90,8,172,53,2,237
3046434,90,8,60,54,6,236
3046634,113,8,248,53,4,236
3046835,216,7,112,55,134,235
3047035,94,9,45,54,4,236
3047236,22,10,248,54,145,236
3047436,128,8,120,55,221,236
3047637,198,8,143,53,83,235
3047837,213,8,173,54,75,235
3048038,243,8,7,56,26,236
3048238,41,9,210,54,1,235
3048439,86,9,68,55,30,237
3048639,64,9,143,54,174,236
3048839,164,9,173,55,115,236
3049040,74,8,45,54,201,235
3049240,254,7,173,56,157,235
3049441,106,8,112,55,124,236
3049641,67,8,82,54,41,236
3049842,64,9,188,55,86,234
3050042,2,9,90,54,48,236
3050243,182,8,240,54,126,235
3050443,150,9,188,53,64,236
3050644,243,8,22,54,190,234
3050844,187,7,7,54,78,236
3051045,182,8,196,53,12,234
3051245,174,8,90,54,50,236
3051445,68,10,30,54,119,235
3051646,192,8,82,54,245,235
3051846,56,9,241,54,205,234
3052047,250,8,52,54,108,236
3052247,162,7,7,54,53,235
3052448,86,9,226,54,38,235
3052648,226,7,82,55,86,236
3052849,212,8,30,55,178,235
3053049,132,9,128,54,115,236
3053250,194,9,0,54,78,236
3053450,191,8,104,54,216,235
3053651,161,8,75,55,215,235
3053851,134,9,218,53,186,235
3054052,112,9,226,54,100,236
3054252,44,8,150,54,223,235
3054453,219,9,90,55,248,236
3054653,228,8,75,55,112,235
3054853,211,9,90,55,172,235
3055054,88,7,37,55,56,236
3055254,192,8,98,55,144,236
3055455,58,9,44,55,78,236
3055655,142,9,180,55,68,235
3055856,21,8,151,54,171,235
3056056,226,9,22,55,230,235
3056257,58,9,53,55,44,237
3056457,134,9,233,55,197,236
3056658,179,9,241,53,134,235
3056858,175,10,158,54,141,235
3057059,18,9,113,55,174,236
3057259,41,9,75,54,23,235
3057459,239,7,23,55,71,236
3057660,157,7,143,54,15,235
3057860,200,7,128,54,178,235
3058061,130,10,196,54,56,236
3058261,108,8,15,56,90,235
3058462,186,9,83,53,48,236
3058662,146,8,172,54,56,236
3058863,2,9,45,54,156,235
3059063,213,8,143,55,26,236
3059264,23,8,83,55,41,236
3059464,253,8,0,55,226,236
3059665,56,9,113,55,149,235
3059865,79,9,82,54,156,235
3060065,16,10,105,54,85,238
3060266,105,8,195,53,67,237
3060466,140,9,60,54,253,235
3060667,56,9,150,54,160,236
3060867,168,10,188,54,252,235
3061068,209,9,0,56,75,235
3061268,63,9,67,56,230,235
3061469,205,8,128,54,41,236
3061669,196,9,158,54,31,235
3061870,194,9,8,54,156,235
3062070,111,9,188,54,213,234
3062271,161,8,30,54,36,237
3062471,22,10,128,54,189,236
3062672,255,9,150,54,78,236
3062872,94,9,14,55,115,236
3063072,2,9,30,54,146,234
3063273,98,8,68,54,130,236
3063473,68,10,173,55,78,236
3063674,163,9,8,55,170,234
3063874,229,8,188,55,227,234
3064075,7,10,135,56,49,236
3064275,238,8,210,54,156,235
3064476,220,8,196,54,60,235
3064676,225,9,128,54,19,236
3064877,180,9,233,54,19,236
3065077,245,8,188,55,174,236
3065278,36,8,248,53,104,237
3065478,48,9,22,55,90,235
3065679,24,7,113,54,0,237
3065879,182,8,75,54,53,235
3066079,224,7,150,55,93,236
3066280,186,7,113,55,167,236
3066480,135,9,204,54,238,235
3066681,168,8,165,54,168,236
3066881,33,9,210,54,126,237
3067082,126,9,204,53,67,237
3067282,168,8,7,54,238,235
3067483,35,9,136,55,186,235
3067683,162,7,165,54,78,236
3067884,166,8,180,54,108,236
3068084,240,7,30,55,219,236
3068284,243,8,105,55,200,235
3068485,26,9,112,55,36,236
3068685,37,8,90,55,108,236
3068886,136,8,240,54,253,235
3069086,190,8,173,55,26,236
3069287,197,8,0,55,176,236
3069487,93,10,158,54,71,236
3069688,230,8,98,55,252,235
3069888,238,7,180,54,173,235
3070089,202,9,180,54,100,236
3070289,118,9,165,53,171,235
3070490,134,9,150,54,120,235
3070690,217,9,90,54,59,237
3070890,174,8,60,55,244,234
3071091,89,9,97,54,44,237
3071291,34,9,105,54,137,236
3071492,132,9,233,53,160,236
3071692,194,9,240,54,30,237
3071893,128,8,120,55,220,234
3072093,25,9,203,54,219,236
3072294,71,9,180,55,216,235
3072494,120,9,22,54,78,236
3072695,182,8,241,54,37,237
3072895,71,9,143,54,44,237
3073095,26,9,120,55,252,235
3073296,52,8,226,54,90,235
3073496,182,10,120,55,59,237
3073697,110,9,0,54,7,237
3073897,121,8,150,53,201,235
3074098,224,9,120,55,92,235
3074298,28,9,166,55,82,237
3074499,208,7,105,54,134,235
3074699,64,9,211,54,238,235
3074900,224,9,75,55,145,236
3075100,156,9,188,55,156,235
3075301,217,9,218,54,176,236
3075501,33,9,22,55,70,235
3075702,79,9,241,54,149,235
3075902,48,9,98,54,172,237
3076102,130,10,136,54,195,235
3076303,136,8,15,55,216,235
3076503,25,9,210,55,246,235
3076704,2,9,150,55,45,235
3076904,21,8,136,54,111,237
3077105,12,9,30,55,41,236
3077305,60,10,67,55,141,237
3077506,10,9,218,54,171,235
3077706,56,9,120,52,175,236
3077907,108,7,210,53,175,236
3078107,199,8,180,55,38,235
3078308,66,9,22,55,226,236
3078508,64,9,226,54,123,236
3078708,161,8,45,55,111,237
3078909,220,8,165,54,48,236
3079109,72,9,158,54,108,236
3079310,129,10,241,54,48,236
3079510,39,10,218,54,90,235
3079711,56,9,38,55,68,235
3079911,248,9,82,55,145,236
3080112,136,8,240,52,168,234
3080312,91,10,0,56,233,236
3080513,95,9,136,55,195,235
3080713,156,9,158,54,49,236
3080914,55,7,128,53,182,236
3081114,83,10,203,54,111,237
3081315,171,9,188,55,164,235
3081515,75,10,75,55,74,237
3081716,10,9,75,56,128,235
3081916,174,8,0,56,223,235
3082116,136,8,248,54,149,235
3082317,128,8,60,54,26,236
3082517,254,7,14,56,56,236
3082718,133,9,188,55,208,235
3082918,191,8,14,54,78,236
3083119,68,10,150,55,194,235
3083319,191,8,180,54,186,235
3083520,93,10,203,53,34,236
3083720,58,9,0,55,4,236
3083921,116,10,248,54,246,235
3084121,81,9,98,55,178,237
3084322,172,7,225,54,182,236
3084522,126,7,233,54,156,235
3084723,78,10,188,54,64,236
3084923,220,8,120,55,186,235
3085124,245,8,37,55,48,236
3085324,140,9,165,54,82,235
3085524,228,8,30,56,160,236
3085725,94,9,188,55,173,235
3085925,144,8,218,55,81,237
3086126,86,9,38,55,145,236
3086326,125,9,90,55,94,236
3086527,116,7,52,55,198,234
3086727,248,9,120,54,168,236
3086928,41,9,105,54,28,236
3087128,216,7,128,54,48,236
3087329,174,8,248,54,78,236
3087529,90,8,30,56,112,235
3087730,87,9,173,54,189,236
3087930,199,8,75,55,204,236
3088131,88,9,22,55,164,235
3088331,102,9,233,53,28,236
3088532,102,9,68,54,160,236
3088732,182,8,255,54,200,235
3088932,182,8,173,55,115,236
3089133,79,9,173,54,231,235
3089333,158,8,112,55,4,236
3089534,202,9,90,55,245,235
3089734,31,10,158,55,8,235
3089935,174,8,248,53,34,236
3090135,159,8,180,54,221,236
3090336,182,8,112,54,194,237
3090536,136,8,210,53,24,235
3090737,87,9,248,53,37,237
3090937,194,9,150,54,142,235
3091138,53,8,135,54,216,235
3091338,217,9,76,55,71,236
3091539,186,9,90,55,106,235
3091739,47,7,241,53,225,235
3091940,243,8,45,55,4,236
3092140,10,9,188,54,129,235
3092341,128,8,248,52,48,236
3092541,10,9,112,54,248,236
3092742,26,9,120,56,231,235
3092942,255,9,196,54,34,236
3093142,196,9,8,55,189,236
3093343,155,7,14,48,200,237
3093543,228,8,120,56,68,235
3093744,255,9,188,55,116,236
3093944,68,10,210,54,255,235
3094145,21,8,30,55,252,235
3094345,128,8,158,54,245,235
3094546,186,9,158,55,2,237
3094746,201,7,38,55,100,236
3094947,30,10,60,55,214,234
3095147,102,9,105,54,247,235
3095348,159,8,22,53,67,237
3095548,255,9,158,54,99,235
3095749,72,9,60,54,238,235
3095949,63,9,226,54,15,235
3096150,178,9,135,54,238,235
3096350,5,9,142,53,108,236
3096551,106,8,83,54,116,236
3096751,194,9,37,54,136,235
3096951,106,8,52,56,137,236
3097152,113,8,68,54,113,237
3097352,171,9,120,54,156,235
3097553,52,8,128,54,4,236
3097753,33,9,52,54,182,236
3097954,164,9,166,55,212,236
3098154,209,9,196,55,224,235
3098355,194,9,248,54,36,237
3098555,142,9,234,54,19,236
3098756,114,10,14,55,56,236
3098956,190,8,82,55,189,236
3099157,180,9,158,53,60,235
3099357,248,9,30,54,194,235
3099558,136,8,22,54,100,236
3099758,56,9,98,54,71,236
3099959,180,9,136,54,100,236
3100159,115,8,136,56,26,236
3100360,136,8,226,54,8,237
3100560,25,9,218,54,119,235
3100760,120,8,75,55,164,235
3100961,115,8,180,54,4,236
3101161,40,9,15,54,71,236
3101362,124,7,203,53,248,236
3101562,64,9,30,54,248,236
3101763,126,9,210,53,46,235
3101963,148,9,143,54,241,236
3102164,105,8,30,56,115,236
3102364,152,8,120,55,164,235
3102565,125,9,158,55,59,237
3102765,220,8,105,54,115,236
3102966,232,7,172,54,12,236
3103166,48,9,8,55,10,235
3103367,216,9,240,53,95,236
3103567,30,10,52,54,149,235
3103768,102,9,7,55,75,235
3103968,152,10,120,54,60,237
3104168,26,9,211,55,157,235
3104369,162,7,60,55,130,236
3104569,139,7,0,54,164,235
3104770,247,9,150,54,19,236
3104970,75,8,67,53,112,235
3105171,24,10,82,54,127,235
3105371,171,9,75,55,72,236
3105572,10,9,22,55,149,235
3105772,72,9,82,55,81,237
3105973,163,9,38,54,51,236
3106173,243,8,15,54,114,238
3106374,18,9,180,55,132,236
3106574,120,8,82,55,216,235
3106775,106,8,14,54,8,235
3106975,114,10,37,54,34,236
3107176,6,8,241,55,167,236
3107376,186,9,53,54,82,235
3107577,80,9,196,54,200,237
3107777,156,9,0,55,0,237
3107977,41,9,196,54,249,234
3108178,151,8,128,54,15,237
3108378,199,8,45,55,200,235
3108579,174,8,113,53,224,237
3108779,249,9,210,55,119,235
3108980,145,8,180,54,234,236
3109180,82,8,180,54,118,236
3109381,217,9,248,54,249,236
3109581,3,9,120,55,245,235
3109782,71,9,211,55,130,236
3109982,178,9,166,55,23,235
3110183,30,10,75,54,39,237
3110383,110,9,143,55,216,235
3110584,14,10,68,54,127,235
3110784,133,9,52,56,116,234
3110985,125,9,218,54,123,236
3111185,145,10,75,55,122,235
3111386,171,9,82,55,210,235
3111586,98,8,210,54,186,235
3111787,186,9,158,54,38,237
3111987,230,8,233,55,164,235
3112187,213,8,97,54,204,236
3112388,209,9,113,55,253,235
3112588,166,8,8,54,149,235
3112789,253,8,45,54,130,236
3112989,34,9,151,55,234,236
3113190,44,8,135,54,75,235
3113390,66,9,97,53,145,236
3113591,165,9,226,54,34,236
3113791,197,8,196,54,178,235
3113992,226,9,234,54,9,235
3114192,64,9,248,53,13,236
3114393,217,9,45,55,100,236
3114593,86,9,0,55,191,236
3114794,140,9,158,53,28,236
3114994,179,9,166,54,220,236
3115195,194,9,98,55,255,235
3115395,3,9,165,54,92,235
3115595,178,9,240,54,173,235
3115796,220,8,120,55,65,236
3115996,209,9,120,54,91,237
3116197,163,9,241,54,173,235
3116397,182,8,158,54,239,235
3116598,225,9,38,55,246,235
3116798,190,8,142,54,73,236
3116999,56,9,120,54,226,236
3117199,156,9,173,53,110,236
3117400,116,7,45,54,138,236
3117600,121,8,158,55,152,236
3117801,110,9,60,55,166,235
3118001,232,9,218,55,60,235
3118202,40,9,0,55,219,236
3118402,7,10,45,54,132,236
3118603,86,7,0,56,231,235
3118803,99,10,37,54,240,235
3119003,143,8,7,54,14,236
3119204,209,9,15,55,152,236
3119404,4,11,120,54,242,234
3119605,251,8,90,54,13,236
3119805,121,8,150,55,14,237
3120006,121,8,150,54,126,235
3120206,44,8,90,54,223,235
3120407,10,9,210,55,43,236
3120607,48,9,8,55,108,236
3120808,118,9,226,53,133,237
3121008,193,7,52,54,241,236
3121209,205,8,150,54,43,236
3121409,228,8,15,54,176,236
3121610,159,8,14,55,98,235
3121810,177,7,75,55,74,237
3122011,22,10,240,54,56,236
3122211,28,8,52,53,245,235
3122412,63,9,218,55,124,236
3122612,136,8,173,54,94,236
3122812,250,8,90,55,240,235
3123013,26,9,30,54,255,235
3123213,152,8,218,54,6,236
3123414,87,9,173,54,139,236
3123614,26,9,180,55,110,236
3123815,10,9,150,55,102,236
3124015,80,9,180,54,226,236
3124216,220,8,181,55,194,235
3124416,122,8,60,55,119,235
3124617,38,10,180,54,150,235
3124817,125,9,38,54,117,236
3125018,60,10,105,55,167,236
3125218,204,8,30,54,144,235
3125419,133,9,248,54,36,236
3125619,164,9,37,54,97,235
3125820,94,9,158,55,253,235
3126020,102,9,98,55,32,235
3126221,64,9,68,55,86,236
3126421,186,9,241,54,194,235
3126621,144,10,136,54,134,235
3126822,125,9,196,54,192,234
3127022,212,8,67,54,14,236
3127223,86,9,195,53,164,235
3127423,94,9,142,54,99,235
3127624,244,8,22,54,25,235
3127824,212,8,45,55,244,234
3128025,228,8,38,55,174,236
3128225,41,9,150,54,197,236
3128426,159,8,30,54,86,236
3128626,98,8,75,54,198,234
3128827,52,8,196,54,12,238
3129027,235,8,105,55,164,235
3129228,231,7,218,54,218,235
3129428,244,8,22,54,41,236
3129629,128,8,98,56,127,235
3129829,28,8,248,54,6,236
3130030,113,8,98,54,129,235
3130230,202,9,158,54,89,237
3130431,243,8,52,54,132,236
3130631,190,8,90,55,230,235
3130831,220,8,75,55,71,236
3131032,67,8,22,54,213,236
3131232,182,8,105,54,203,235
3131433,2,9,210,54,191,236
3131633,28,8,233,55,216,235
3131834,178,9,90,54,58,236
3132034,64,9,248,54,52,235
3132235,197,8,150,54,154,236
3132435,171,9,113,54,64,236
3132636,246,7,75,54,97,235
3132836,178,9,22,54,6,236
3133037,68,10,22,56,219,236
3133237,33,9,60,55,38,235
3133438,220,8,136,55,193,235
3133638,121,8,173,55,123,236
3133839,152,10,83,55,203,235
3134039,10,9,210,54,9,237
3134239,212,8,135,54,50,236
3134440,94,9,7,55,40,235
3134640,182,8,211,54,124,236
3134841,255,9,30,55,240,235
3135041,224,9,8,55,224,237
3135242,140,9,240,54,36,236
3135442,60,10,60,56,71,236
3135643,252,8,210,54,252,235
3135843,179,9,30,55,194,235
3136044,171,9,165,54,124,236
3136244,147,7,173,54,206,236
3136445,64,9,226,54,65,236
3136645,236,8,210,54,36,236
3136846,162,7,165,54,60,235
3137046,156,9,30,55,30,237
3137247,64,9,181,55,129,235
3137447,198,8,90,55,86,236
3137648,217,9,166,55,171,235
3137848,236,8,128,54,169,236
3138048,64,9,196,55,212,236
3138249,159,8,105,54,180,235
3138449,33,9,60,55,213,234
3138650,98,10,248,54,250,236
3138850,110,9,112,54,108,236
3139051,174,8,105,55,93,236
3139251,132,9,128,54,199,236
3139452,174,8,98,54,54,235
3139652,144,10,112,54,143,235
3139853,79,9,150,54,72,236
3140053,156,9,248,53,202,235
3140254,232,9,83,54,74,237
3140454,18,9,7,55,180,235
3140655,86,9,203,54,230,235
3140855,44,8,67,54,49,236
3141056,41,9,234,54,20,236
3141256,148,9,203,55,98,237
3141457,52,8,52,54,173,235
3141657,132,9,210,54,240,235
3141857,198,8,8,55,218,235
3142058,148,9,7,56,184,234
3142258,228,8,240,55,211,236
3142459,171,9,52,56,28,236
3142659,166,8,0,54,195,235
3142860,247,7,188,53,102,236
3143060,56,9,75,54,25,235
3143261,197,8,226,53,161,236
3143461,129,8,218,54,180,235
3143662,14,8,30,54,124,236
3143862,140,9,210,53,70,235
3144063,190,8,248,54,8,235
3144263,252,10,143,55,77,235
3144464,125,9,203,53,238,235
3144664,10,9,173,54,244,234
3144865,194,9,90,55,169,236
3145065,160,10,90,55,180,237
3145266,117,9,211,54,72,236
3145466,44,8,166,54,28,236
3145666,18,9,22,55,9,237
3145867,6,8,188,53,56,236
3146067,125,9,0,56,240,235
3146268,228,8,68,55,188,235
3146468,64,9,233,55,6,236
3146669,71,9,44,54,162,236
3146869,125,9,30,54,102,236
3147070,205,8,203,54,206,236
3147270,83,10,7,55,19,236
3147471,178,9,15,55,113,237
3147671,64,9,158,55,17,237
3147872,124,7,60,55,206,236
3148072,41,9,22,54,50,236
3148273,67,8,203,54,188,235
3148473,121,10,22,54,164,235
3148674,10,9,158,55,160,236
3148874,220,8,233,55,10,235
3149075,2,9,210,54,217,235
3149275,59,8,233,53,36,236
3149476,197,8,38,55,210,235
3149676,232,7,120,55,206,236
3149876,37,10,241,53,247,235
3150077,251,8,14,54,73,236
3150277,2,9,158,54,203,235
3150478,121,8,180,54,50,236
3150678,56,9,14,55,72,236
3150879,166,8,203,54,126,237
3151079,124,7,233,54,9,237
3151280,182,8,22,54,80,236
3151480,220,8,14,55,248,237
3151681,212,8,240,53,180,235
3151881,240,9,210,54,95,236
3152082,167,8,120,54,166,235
3152282,105,8,173,54,229,234
3152483,41,9,7,55,125,236
3152683,151,8,158,53,121,235
3152884,48,9,52,55,118,234
3153084,247,9,226,53,218,235
3153285,178,9,128,54,125,236
3153485,56,9,90,54,240,235
3153685,32,9,128,54,228,236
3153886,110,9,112,55,221,236
3154086,136,8,241,53,59,234
3154287,90,8,233,54,70,236
3154487,209,9,128,53,34,236
3154688,25,9,240,54,129,235
3154888,212,8,0,56,24,237
3155089,64,9,165,54,32,235
3155289,174,8,7,54,72,236
3155490,34,11,218,55,148,237
3155690,79,9,211,54,227,234
3155891,186,9,234,54,91,235
3156091,236,8,210,53,114,235
3156292,171,9,136,55,80,236
3156492,80,9,52,54,6,236
3156693,67,8,60,54,108,236
3156893,251,8,196,54,238,235
3157093,232,9,173,55,194,235
3157294,202,9,82,55,165,237
3157494,239,7,120,56,54,235
3157695,136,8,136,55,128,235
3157895,71,9,14,53,58,236
3158096,148,9,120,55,146,236
3158296,94,9,120,54,20,238
3158497,246,7,120,56,20,236
3158697,232,9,0,55,132,236
3158898,59,8,203,54,40,235
3159098,140,9,105,54,166,235
3159299,79,9,173,55,72,236
3159499,243,8,7,54,66,236
3159700,120,8,248,53,171,236
3159900,41,9,105,54,163,236
3160101,158,8,75,54,129,235
3160301,248,9,248,54,177,234
3160502,179,9,196,54,70,235
3160702,128,8,75,56,79,235
3160902,48,9,120,52,220,236
3161103,224,9,195,54,200,236
3161303,102,9,150,54,136,235
3161504,87,9,158,54,253,234
3161704,159,8,60,55,156,236
3161905,110,9,83,55,210,235
3162105,33,9,196,55,244,234
3162306,228,8,128,54,173,235
3162506,60,10,173,53,199,236
3162707,105,8,53,55,18,235
3162907,166,8,120,53,198,236
3163108,193,7,0,54,84,235
3163308,220,8,120,54,64,235
3163509,48,9,22,55,6,236
3163709,102,9,60,55,154,236
3163909,189,8,128,54,94,235
3164110,251,8,7,55,154,236
3164310,151,8,0,55,144,235
3164511,217,9,30,54,252,236
3164711,154,7,120,55,25,235
3164912,18,9,188,55,151,235
3165112,110,9,0,55,5,235
3165313,193,7,68,55,22,234
3165513,99,10,75,55,9,237
3165714,182,8,22,55,80,236
3165914,156,9,210,54,215,234
3166115,33,9,181,54,184,236
3166315,125,9,210,54,242,235
3166516,36,8,105,54,126,236
3166716,98,8,60,54,195,235
3166916,250,8,203,54,80,236
3167117,68,10,196,55,144,235
3167317,48,9,226,54,228,236
3167518,87,9,150,55,187,237
3167718,71,9,166,54,198,236
3167919,136,8,90,53,119,236
3168119,74,8,45,54,114,237
3168320,26,9,60,55,207,234
3168520,197,8,188,54,106,235
3168721,37,10,52,54,188,235
3168921,148,9,98,55,121,235
3169122,217,9,52,55,50,236
3169322,98,10,112,54,214,236
3169523,217,9,14,55,191,236
3169723,90,8,210,54,156,236
3169923,158,8,67,54,102,236
3170124,132,9,14,54,113,237
3170324,14,8,203,54,92,235
3170525,223,7,196,54,109,236
3170725,152,10,241,53,13,236
3170926,220,8,218,55,188,235
3171126,72,9,188,54,50,236
3171327,72,9,211,54,158,235
3171527,64,9,75,55,76,237
3171728,204,8,52,56,51,234
3171928,118,9,240,53,58,236
3172129,64,9,203,53,243,236
3172329,250,8,196,54,4,236
3172529,159,8,38,55,50,236
3172730,102,9,60,55,6,236
3172930,128,8,226,55,61,237
3173131,33,9,7,53,206,236
3173331,76,10,226,53,65,236
3173532,228,8,98,54,184,234
3173732,106,8,120,54,147,236
3173933,151,8,128,54,206,236
3174133,98,8,166,54,95,236
3174334,166,8,226,55,102,236
3174534,48,9,0,55,117,236
3174735,209,9,158,55,232,235
3174935,6,8,136,54,124,236
3175135,40,9,75,55,108,236
3175336,240,9,150,54,89,237
3175536,128,8,30,54,62,235
3175737,208,7,52,56,232,235
3175937,71,9,128,54,148,234
3176138,21,8,75,55,121,235
3176338,10,9,38,54,175,236
3176539,90,8,120,55,173,235
3176739,251,8,68,55,247,235
3176940,48,9,218,54,68,237
3177140,248,9,60,54,6,236
3177341,48,9,90,55,221,234
3177541,67,8,128,53,124,236
3177741,41,9,45,53,80,236
3177942,159,8,196,54,80,236
3178142,14,8,22,55,202,235
3178343,48,9,76,54,80,236
3178543,170,9,120,54,24,237
3178744,48,9,150,54,125,236
3178944,220,8,113,53,28,236
3179145,90,8,60,53,2,237
3179345,220,8,240,53,239,237
3179546,209,9,166,54,117,236
3179746,243,8,67,55,43,236
3179946,26,9,60,54,80,236
3180147,255,9,234,55,166,235
3180347,243,8,68,54,15,236
3180548,186,9,226,54,206,236
3180748,186,9,196,56,99,235
3180949,246,7,210,55,117,236
3181149,113,8,158,55,76,235
3181350,236,8,180,54,58,236
3181550,94,9,22,54,110,236
3181751,13,8,120,55,237,236
3181951,186,9,210,55,0,236
3182152,6,8,150,55,193,236
3182352,159,8,248,54,43,236
3182552,83,10,233,54,61,237
3182753,72,9,15,55,84,237
3182953,79,9,135,54,240,235
3183154,178,9,113,54,162,236
3183354,166,8,75,55,255,235
3183555,159,8,45,54,128,235
3183755,140,9,98,53,180,235
3183956,167,8,60,55,58,236
3184156,83,10,60,55,158,235
3184357,87,9,90,53,104,236
3184557,148,9,105,56,92,235
3184758,209,9,188,55,59,236
3184958,56,9,226,53,212,235
3185159,18,9,67,55,198,236
3185359,26,9,90,54,80,236
3185559,152,8,165,53,74,236
3185760,216,9,165,54,119,236
3185960,18,9,226,54,64,235
3186161,105,8,150,54,146,236
3186361,52,8,45,54,116,235
3186562,21,8,135,55,122,237
3186762,48,9,226,55,186,234
3186963,34,9,203,54,43,236
3187163,239,7,60,54,72,236
3187364,64,9,105,55,195,235
3187564,186,9,165,54,92,235
3187765,209,9,75,55,84,235
3187965,21,8,22,54,134,236
3188166,144,8,0,54,114,235
3188366,56,9,52,54,173,235
3188566,102,9,44,55,189,236
3188767,18,9,180,55,232,235
3188967,3,9,60,53,188,235
3189168,90,8,166,54,30,236
3189368,18,9,240,54,172,237
3189569,114,10,135,53,36,236
3189769,94,9,165,54,102,236
3189970,94,9,158,55,58,236
3190170,79,9,218,53,95,236
3190371,71,9,0,55,56,237
3190571,133,9,121,55,13,236
3190772,194,9,248,54,143,235
3190972,33,9,210,54,250,236
3191172,56,9,45,55,10,235
3191373,64,9,196,54,238,236
3191573,255,9,180,55,73,236
3191774,64,9,240,54,20,236
3191974,254,7,142,55,206,236
3192175,140,9,188,53,240,235
3192375,10,9,106,56,97,236
3192576,224,7,90,55,225,235
3192776,220,8,248,53,27,235
3192977,71,9,0,55,169,236
3193177,194,9,113,54,232,235
3193378,121,8,75,55,10,237
3193578,136,8,233,54,191,236
3193779,67,8,45,54,186,234
3193979,224,9,210,55,97,236
3194179,94,9,218,54,86,235
3194380,217,9,60,56,175,235
3194580,220,8,52,54,249,235
3194781,49,9,135,54,100,237
3194981,44,8,218,54,60,236
3195182,67,8,210,53,212,235
3195382,56,9,136,53,86,235
3195583,114,10,45,55,124,236
3195783,151,8,241,54,154,236
3195984,159,8,22,55,218,235
3196184,244,8,248,53,22,236
3196385,22,10,22,55,36,236
3196585,113,8,142,54,26,237
3196786,190,8,165,53,140,236
3196986,125,9,106,55,30,236
3197186,87,9,210,54,88,236
3197387,33,9,30,54,191,236
3197587,56,9,98,54,108,237
3197788,22,8,240,54,67,236
3197988,52,8,233,54,71,235
3198189,14,10,37,55,95,236
3198389,144,10,218,54,121,235
3198590,14,8,218,54,127,236
3198790,254,7,14,54,120,237
3198991,228,8,203,54,247,235
3199191,159,8,38,54,154,236
3199391,38,10,196,54,29,234
3199592,210,9,218,54,80,236
3199792,48,9,240,53,77,235
3199993,156,9,143,54,8,236
3200193,72,9,136,54,90,236
3200394,86,9,105,56,144,235
3200594,166,8,112,54,122,237
3200795,171,9,150,54,80,236
3200995,102,9,226,53,72,236
3201196,41,9,248,53,42,235
3201396,197,8,158,54,168,235
3201597,118,9,105,54,161,236
3201797,44,8,30,54,124,236
3201997,114,10,83,55,104,238
3202198,202,9,233,54,246,234
3202398,174,8,0,54,144,237
3202599,64,9,90,54,34,235
3202799,240,9,150,54,175,235
3203000,60,10,173,55,89,236
3203200,212,8,98,54,52,236
3203401,33,9,181,55,185,234
3203601,190,8,15,54,74,236
3203802,6,8,75,54,167,235
3204002,106,8,210,55,48,237
3204203,38,10,166,55,22,236
3204403,33,9,37,55,140,234
3204604,171,9,158,53,50,236
3204804,90,8,105,55,160,235
3205005,232,9,241,55,249,235
3205205,114,10,241,55,198,236
3205405,212,8,248,53,112,236
3205606,64,9,82,55,154,236
3205806,49,9,136,55,128,235
3206007,56,9,82,54,125,236
3206207,159,8,204,54,37,236
3206408,99,10,218,52,173,235
3206608,186,9,158,54,20,236
3206809,144,8,166,55,3,235
3207009,152,10,233,55,84,235
3207210,86,9,60,54,6,236
3207410,60,8,113,53,243,236
3207611,186,9,120,55,203,235
3207811,44,8,38,54,83,234
3208011,102,9,30,56,23,236
3208212,32,9,113,55,122,235
3208412,102,9,165,55,188,235
3208613,72,9,113,55,182,235
3208813,41,9,240,54,83,237
3209014,246,7,52,54,10,235
3209214,79,9,45,55,158,235
3209415,243,8,158,55,24,237
3209615,247,9,218,54,173,235
3209816,190,8,255,53,173,235
3210016,3,9,241,54,131,235
3210217,129,10,60,55,186,236
3210417,140,9,135,54,43,236
3210618,18,9,22,54,139,236
3210818,194,9,135,54,176,236
3211019,178,9,98,56,43,236
3211219,132,9,173,54,195,235
3211419,197,8,90,54,158,237
3211620,171,9,136,54,232,235
3211820,163,9,128,55,249,235
3212021,252,10,90,54,196,235
3212221,178,9,112,54,166,235
3212422,60,8,135,55,217,235
3212622,102,9,90,55,44,236
3212823,72,9,150,54,207,234
3213023,197,8,75,55,134,236
3213224,14,10,218,55,142,234
3213424,220,8,37,55,67,236
3213625,118,9,136,53,184,236
3213825,210,9,180,54,6,236
3214026,145,10,52,55,25,235
3214226,71,9,240,54,136,235
3214426,151,8,248,55,240,235
3214627,232,9,143,54,138,235
3214827,64,9,14,55,14,236
3215028,90,8,120,55,142,237
3215228,235,8,82,53,17,235
3215429,102,9,143,55,92,235
3215629,243,8,98,53,72,236
3215830,10,9,150,53,213,236
3216030,163,9,143,55,21,236
3216231,56,9,7,56,209,234
3216431,144,10,0,55,255,235
3216632,186,9,8,55,147,236
3216832,29,8,120,53,104,236
3217033,255,9,120,54,36,236
3217233,182,8,75,54,78,237
3217433,56,9,90,54,43,236
3217634,248,9,188,54,130,235
3217834,194,9,37,56,180,235
3218035,76,10,0,55,234,235
3218235,148,9,60,54,99,235
3218436,132,9,98,54,136,236
3218636,29,10,30,55,80,236
3218837,182,8,38,54,245,236
3219037,124,9,68,54,148,236
3219238,29,8,38,54,249,235
3219438,76,10,38,56,172,237
3219639,251,8,225,54,152,235
3219839,186,9,68,55,97,236
3220040,220,8,83,54,254,235
3220240,224,7,90,55,252,236
3220440,220,8,180,54,244,234
3220641,41,9,150,54,0,236
3220841,7,10,226,55,8,236
3221042,190,8,75,54,78,235
3221242,94,9,188,54,186,236
3221443,255,9,98,55,219,235
3221643,182,8,60,55,116,235
3221844,2,9,45,54,198,236
3222044,60,8,82,54,154,236
3222245,128,8,82,54,64,235
3222445,87,9,240,54,218,235
3222646,82,8,218,53,175,235
3222846,185,7,188,54,66,236
3223047,224,7,0,54,238,236
3223247,254,7,188,54,22,236
3223448,148,9,45,55,28,236
3223648,18,9,234,55,191,236
3223848,247,9,60,55,98,237
3224049,204,8,22,55,112,236
3224249,110,9,75,54,232,235
3224450,94,9,30,55,130,235
3224650,132,9,15,55,57,235
3224851,94,9,166,55,56,235
3225051,125,9,120,55,100,235
3225252,113,8,166,54,150,237
3225452,14,10,52,55,248,234
3225653,121,8,188,53,149,236
3225853,7,10,210,55,242,235
3226054,120,8,105,54,0,236
3226254,228,10,120,54,211,237
3226455,182,8,196,54,232,235
3226655,64,9,22,55,180,235
3226856,82,8,8,54,54,237
3227056,44,8,7,54,34,235
3227256,29,8,120,54,110,236
3227457,205,8,203,54,125,236
3227657,163,9,68,55,68,237
3227858,243,8,60,55,162,236
3228058,179,9,158,55,121,235
3228259,144,8,112,55,243,236
3228459,156,9,60,54,60,236
3228660,7,10,165,55,43,236
3228860,244,8,0,56,174,235
3229061,205,8,60,54,43,236
3229261,86,9,113,55,110,236
3229462,2,9,0,55,178,234
3229662,154,7,97,54,229,234
3229862,75,8,135,54,95,236
3230063,202,9,30,55,136,235
3230263,87,9,0,54,72,236
3230464,217,9,158,54,43,236
3230664,133,9,112,53,207,234
3230865,2,9,75,55,124,236
3231065,213,8,143,54,62,235
3231266,110,9,14,53,91,235
3231466,136,8,180,54,232,235
3231667,87,9,218,54,132,236
3231867,128,8,128,54,144,237
3232068,141,9,52,56,202,235
3232268,202,9,136,54,132,236
3232469,71,9,128,54,116,235
3232669,236,8,0,55,141,236
3232870,67,8,37,54,64,235
3233070,182,8,165,55,236,234
3233270,45,10,143,54,227,235
3233471,110,9,225,53,222,236
3233671,56,9,75,54,141,236
3233872,28,8,135,54,16,236
3234072,220,8,14,54,112,236
3234273,174,8,203,54,114,235
3234473,10,9,210,54,198,235
3234674,116,7,68,54,245,236
3234874,132,9,38,54,15,236
3235075,56,9,120,54,160,235
3235275,251,8,188,53,243,236
3235475,118,9,22,55,32,237
3235676,171,9,203,54,140,234
3235876,18,9,60,55,184,236
3236077,10,9,233,55,244,234
3236277,64,9,165,53,64,235
3236478,125,9,90,55,49,235
3236678,82,8,173,54,58,236
3236879,128,8,75,54,73,236
3237079,144,8,106,56,154,236
3237280,148,9,166,53,2,237
3237480,133,9,165,55,6,236
3237681,151,8,210,54,8,236
3237881,190,8,165,53,232,235
3238082,91,10,68,55,183,235
3238282,41,9,105,54,247,235
3238483,48,9,82,54,180,237
3238683,216,7,68,54,160,235
3238883,106,10,203,55,117,236
3239084,106,8,0,56,206,236
3239284,255,9,188,56,170,236
3239485,60,10,135,55,13,236
3239685,41,9,143,54,220,235
3239886,82,8,180,54,95,236
3240086,64,9,165,55,8,236
3240287,71,9,30,54,236,233
3240487,171,9,248,54,106,235
3240688,10,9,136,54,198,236
3240888,125,9,233,54,215,236
3241089,53,10,173,54,234,235
3241289,2,9,203,54,143,235
3241490,30,10,143,55,99,235
3241690,229,10,120,54,240,235
3241890,220,8,135,54,117,236
3242091,128,8,52,54,174,235
3242291,7,10,158,54,148,236
3242492,186,9,173,55,20,235
3242692,120,8,52,54,101,235
3242893,133,9,30,55,212,235
3243093,171,9,113,55,238,236
3243294,56,9,98,54,248,235
3243494,126,9,22,54,238,236
3243695,53,10,52,55,97,236
3243895,124,7,150,55,208,236
3244096,128,8,7,54,47,235
3244296,243,8,195,55,234,235
3244496,238,7,158,56,28,236
3244697,90,8,52,54,41,237
3244897,67,8,0,54,142,237
3245098,25,9,37,55,39,237
3245298,52,10,75,55,2,235
3245499,132,9,8,56,102,236
3245699,212,8,195,53,96,236
3245900,158,8,82,55,169,236
3246100,14,8,75,55,165,237
3246301,205,8,158,54,114,235
3246501,191,10,151,55,210,235
3246702,225,9,60,55,51,234
3246902,151,8,210,53,240,235
3247103,224,9,226,54,100,235
3247303,190,8,0,56,50,236
3247504,48,9,97,53,113,237
3247704,91,10,128,53,246,237
3247904,239,7,173,55,134,236
3248105,144,10,128,55,236,236
3248305,67,8,127,54,17,237
3248506,98,10,98,55,50,236
3248706,170,7,37,54,46,237
3248907,99,10,68,54,143,235
3249107,38,10,151,54,2,235
3249308,228,8,158,54,38,237
3249508,159,8,14,55,143,235
3249709,98,8,90,54,80,236
3249909,174,8,0,55,166,235
3250110,94,9,188,53,184,234
3250310,125,9,7,55,58,236
3250510,22,10,15,54,74,236
3250711,86,9,45,54,207,234
3250911,178,9,67,55,25,235
3251112,136,8,234,54,56,237
3251312,90,8,135,55,102,236
3251513,140,9,248,53,24,237
3251713,56,9,60,55,138,235
3251914,33,9,233,55,114,235
3252114,90,8,22,55,43,236
3252315,82,8,90,54,254,235
3252515,228,8,248,54,117,236
3252716,64,9,45,55,89,236
3252916,26,9,113,54,84,235
3253116,52,10,52,55,20,238
3253317,140,9,181,53,195,235
3253517,155,9,135,54,178,234
3253718,86,9,166,53,203,235
3253918,34,9,44,55,43,236
3254119,3,9,105,54,147,236
3254319,10,9,142,54,225,235
3254520,18,9,67,55,54,237
3254720,40,9,113,54,207,234
3254921,10,9,166,54,195,235
3255121,18,9,83,55,43,236
3255322,82,8,37,55,232,235
3255522,133,9,210,54,244,234
3255723,18,9,75,54,92,235
3255923,18,9,82,54,50,236
3256123,232,9,30,54,249,235
3256324,122,10,135,55,214,236
3256524,74,8,7,55,150,237
3256725,194,9,165,54,191,236
3256925,40,9,120,54,164,234
3257126,201,9,233,55,44,236
3257326,110,9,240,54,91,235
3257527,204,8,255,54,232,235
3257727,6,10,150,55,147,236
3257928,202,9,22,55,25,235
3258128,22,10,15,55,188,235
3258329,56,9,0,55,58,236
3258529,155,9,30,55,218,235
3258730,64,9,105,54,6,236
3258930,98,10,173,54,212,235
3259130,60,10,188,55,203,235
3259331,29,8,128,54,126,236
3259531,102,9,53,55,125,236
3259732,79,9,241,54,87,236
3259932,98,8,255,54,13,236
3260133,147,7,0,55,58,236
3260333,212,8,135,55,221,236
3260534,102,9,105,55,242,235
3260734,121,8,120,55,139,236
3260935,164,9,158,55,188,235
3261135,197,8,173,54,254,235
3261336,224,9,37,54,49,235
3261536,26,9,203,54,77,235
3261737,2,9,68,53,158,237
3261937,205,8,68,55,154,236
3262137,151,8,7,55,232,235
3262338,52,8,52,54,58,236
3262538,205,8,165,55,251,234
3262739,136,8,120,54,6,236
3262939,41,9,113,55,236,236
3263140,60,10,90,54,117,236
3263340,156,9,196,55,195,235
3263541,224,9,158,55,43,236
3263741,84,10,106,54,140,236
3263942,18,9,37,55,87,236
3264142,190,8,196,54,250,236
3264343,231,7,241,55,124,236
3264543,140,9,173,55,107,235
3264743,128,8,68,55,2,237
3264944,14,8,0,54,73,236
3265144,29,8,45,56,46,237
3265345,186,9,210,53,176,236
3265545,240,9,15,55,196,235
3265746,220,8,226,55,136,235
3265946,197,8,196,53,162,236
3266147,6,10,30,55,240,235
3266347,44,10,166,55,129,235
3266548,232,9,172,54,114,235
3266748,102,9,150,55,28,236
3266948,194,9,98,53,18,235
3267149,220,8,7,54,50,236
3267349,53,10,128,54,50,236
3267550,90,8,158,54,50,236
3267750,125,9,128,54,196,235
3267951,122,10,240,55,243,236
3268151,246,7,173,55,232,235
3268352,98,8,233,54,102,236
3268552,155,9,180,54,28,236
3268753,190,8,30,55,110,236
3268953,128,8,180,55,147,236
3269154,212,8,30,55,21,236
3269354,174,8,135,55,136,235
3269554,194,9,173,54,121,235
3269755,10,9,248,54,210,235
3269955,86,9,30,54,60,236
3270156,248,9,75,55,113,237
3270356,251,8,234,54,29,236
3270557,212,8,44,54,95,236
3270757,48,9,226,53,233,235
3270958,179,9,172,54,209,237
3271158,60,10,188,54,46,237
3271359,205,8,128,55,40,235
3271559,236,8,241,55,168,236
3271760,52,8,158,54,54,235
3271960,98,10,196,54,20,236
3272160,10,9,45,54,73,236
3272361,144,8,188,54,18,235
3272561,213,8,60,55,84,235
3272762,152,10,37,54,178,236
3272962,224,9,14,55,188,235
3273163,125,9,68,56,68,237
3273363,228,8,142,54,21,236
3273564,213,8,90,55,18,235
3273764,144,8,226,54,114,235
3273965,163,9,210,53,240,235
3274165,102,9,68,55,225,235
3274366,48,9,241,54,151,235
3274566,22,10,203,53,225,235
3274767,10,9,211,55,25,235
3274967,163,9,203,54,72,236
3275167,167,8,180,53,139,236
3275368,10,9,128,55,42,236
3275568,185,7,188,54,130,236
3275769,151,8,37,54,166,235
3275969,240,9,203,54,243,236
3276170,30,10,143,54,206,236
3276370,239,7,60,54,87,236
3276571,254,7,45,54,247,235
3276771,25,9,15,55,122,235
3276972,201,7,74,54,240,235
3277172,102,9,75,55,58,236
3277373,136,8,22,54,43,236
3277573,186,9,52,54,21,236
3277773,48,9,188,55,207,234
3277974,178,9,75,54,151,235
3278174,164,9,158,54,39,237
3278375,86,9,8,55,180,235
3278575,148,9,158,55,173,235
3278776,244,8,188,54,6,236
3278976,98,8,181,54,14,236
3279177,132,9,180,55,39,235
3279377,125,9,136,54,102,236
3279578,197,8,158,54,220,236
3279778,178,9,135,54,218,235
3279979,86,9,15,55,150,237
3280179,2,9,143,54,106,235
3280380,132,9,14,55,136,235
3280580,72,9,136,55,24,237
3280780,148,9,52,54,133,234
3280981,37,10,135,54,6,236
3281181,246,7,128,54,88,236
3281382,67,8,128,55,50,236
3281582,163,9,68,55,253,235
3281783,190,8,68,56,65,236
3281983,86,9,113,54,77,235
3282184,140,9,226,54,65,236
3282384,170,9,38,54,74,237
3282585,67,8,82,53,20,236
3282785,132,9,120,55,236,236
3282986,209,9,203,54,48,236
3283186,105,8,165,54,50,236
3283387,140,9,135,54,254,235
3283587,205,8,173,55,150,235
3283787,163,9,240,54,179,235
3283988,33,9,136,54,20,236
3284188,52,8,82,54,36,236
3284389,10,9,60,54,199,236
3284589,83,10,188,55,54,235
3284790,224,9,82,55,9,237
3284990,125,9,188,53,240,235
3285191,236,8,82,54,102,236
3285391,136,8,128,54,186,235
3285592,79,9,98,54,124,236
3285792,41,9,98,54,117,236
3285993,68,10,30,55,95,236
3286193,59,8,226,54,125,234
3286394,160,10,143,55,10,237
3286594,133,9,30,55,95,236
3286795,200,7,98,55,210,235
3286995,56,9,30,55,87,236
3287195,205,8,75,55,176,236
3287396,167,8,68,55,226,236
3287596,190,8,203,53,117,236
3287797,90,8,22,54,174,236
3287997,182,8,173,55,25,235
3288198,136,8,195,54,50,236
3288398,18,9,8,57,21,236
3288599,14,10,173,54,20,238
3288799,151,8,97,53,142,235
3289000,56,9,113,55,154,236
3289200,120,8,188,54,236,236
3289401,212,8,112,54,108,236
3289601,98,8,82,54,110,236
3289802,228,8,22,53,223,235
3290002,182,8,142,55,136,235
3290202,2,9,68,55,208,235
3290403,14,10,211,54,124,236
3290603,212,8,143,55,58,236
3290804,84,10,218,54,198,236
3291004,128,8,128,54,61,237
3291205,109,9,0,54,184,236
3291405,202,9,150,55,94,236
3291606,2,9,195,54,6,236
3291806,220,8,75,55,140,236
3292007,128,8,128,53,72,236
3292207,254,7,188,54,61,237
3292408,71,9,218,53,162,236
3292608,51,8,98,54,56,236
3292809,143,8,233,54,250,236
3293009,140,9,45,55,95,236
3293209,236,8,120,55,28,236
3293410,167,8,158,54,43,236
3293610,132,9,135,54,162,236
3293811,118,9,203,54,144,235
3294011,255,9,128,55,202,235
3294212,72,9,203,54,169,236
3294412,28,8,210,53,95,236
3294613,118,9,45,55,123,236
3294813,144,8,105,54,65,236
3295014,132,9,113,54,139,236
3295214,231,7,0,54,188,235
3295415,90,8,45,55,176,236
3295615,56,9,136,55,206,236
3295816,216,7,90,55,176,236
3296016,220,8,113,54,36,236
3296216,76,10,8,55,240,235
3296417,44,8,98,55,231,235
3296617,102,9,188,54,176,236
3296818,122,10,75,53,95,236
3297018,117,9,30,55,153,234
3297219,232,9,75,54,255,235
3297419,228,8,98,54,240,235
3297620,110,9,38,55,113,237
3297820,6,10,15,55,114,235
3298021,3,9,90,55,9,237
3298221,136,8,166,54,27,236
3298422,133,9,53,56,58,236
3298622,29,8,128,55,192,234
3298823,205,8,60,55,23,235
3299023,159,8,113,54,6,236
3299223,72,9,22,55,53,235
3299424,97,8,158,55,206,236
3299624,220,8,218,55,124,234
3299825,44,8,218,54,180,235
3300025,10,9,142,54,147,236
3300226,164,9,173,54,232,235
3300426,18,9,38,55,235,234
3300627,10,9,128,55,108,236
3300827,182,8,225,54,214,237
3301028,128,8,210,54,171,235
3301228,79,9,128,55,149,235
3301429,224,9,203,54,146,236
3301629,30,10,181,55,54,237
3301830,52,8,234,54,56,236
3302030,228,8,180,53,102,236
3302230,251,8,233,54,14,236
3302431,182,8,158,55,117,236
3302631,7,10,105,55,86,234
3302832,6,8,90,55,99,235
3303032,52,8,226,54,247,235
3303233,228,8,150,54,137,236
3303433,174,8,158,53,43,236
3303634,71,9,218,55,221,236
3303834,156,9,90,54,203,235
3304035,167,8,7,55,143,235
3304235,144,8,142,54,254,235
3304436,194,9,68,56,244,234
3304636,91,10,150,53,16,237
3304836,255,9,196,54,58,236
3305037,217,9,195,54,131,234
3305237,105,8,173,55,166,235
3305438,128,8,166,54,36,236
3305638,216,9,204,54,216,237
3305839,231,7,248,54,184,236
3306039,179,9,52,54,66,236
3306240,60,10,150,55,54,237
3306440,220,8,127,53,224,237
3306641,243,8,210,54,103,234
3306841,128,8,45,55,87,236
3307042,18,9,90,54,58,236
3307242,21,8,52,54,162,234
3307443,186,9,203,55,166,235
3307643,210,9,15,55,162,236
3307843,225,9,15,55,40,235
3308044,71,9,218,53,225,235
3308244,48,9,75,54,240,235
3308445,115,8,210,54,56,236
3308645,171,9,0,54,191,236
3308846,133,9,44,54,110,236
3309046,2,9,150,54,76,237
3309247,10,9,37,55,218,237
3309447,82,8,37,55,66,237
3309648,189,8,196,54,254,235
3309848,60,10,90,55,44,237
3310049,113,8,30,55,181,235
3310249,64,9,30,55,78,236
3310450,148,9,173,54,127,235
3310650,205,8,90,54,46,237
3310851,33,9,196,53,26,236
3311051,217,9,15,55,188,235
3311251,197,8,60,54,50,236
3311452,117,9,90,54,53,235
3311652,216,7,90,55,92,236
3311853,132,9,218,53,162,236
3312053,216,9,60,55,95,236
3312254,6,8,158,55,162,236
3312454,48,9,158,54,194,235
3312655,186,9,120,54,36,236
3312855,220,8,52,55,26,236
3313056,98,8,135,53,26,236
3313256,220,8,38,55,106,237
3313457,46,10,60,54,92,236
3313657,174,8,82,55,142,237
3313857,105,8,97,55,254,235
3314058,94,9,166,55,218,235
3314258,102,9,165,55,203,235
3314459,90,8,226,55,174,236
3314659,232,9,165,54,68,237
3314860,202,9,7,54,156,235
3315060,243,8,7,55,238,237
3315261,213,8,180,54,99,235
3315461,10,9,173,54,227,236
3315662,113,8,128,54,212,234
3315862,101,7,195,53,134,235
3316063,71,9,98,54,132,236
3316263,121,8,98,55,132,236
3316464,148,9,150,54,204,236
3316664,167,8,75,55,232,235
3316864,228,8,188,56,117,236
3317065,236,8,0,54,80,236
3317265,117,9,83,55,28,236
3317466,152,8,136,54,214,236
3317666,159,8,196,53,117,236
3317867,205,8,52,56,199,236
3318067,220,8,218,55,173,235
3318268,6,10,45,56,3,235
3318468,166,8,150,53,240,235
3318669,189,8,128,55,95,236
3318869,118,9,68,55,216,235
3319070,151,8,23,54,14,236
3319270,33,9,105,55,159,235
3319471,110,9,0,55,28,236
3319671,87,9,158,54,106,235
3319872,163,9,7,54,50,236
3320072,29,8,248,54,50,236
3320272,236,8,218,53,165,233
3320473,113,8,105,54,58,236
3320673,2,9,113,56,6,236
3320874,154,7,158,54,38,237
3321074,178,9,14,53,147,236
3321275,171,9,112,54,128,235
3321475,228,8,203,54,80,236
3321676,224,9,90,55,144,235
3321876,56,9,75,55,38,235
3322077,91,10,14,55,248,235
3322277,64,9,234,55,240,236
3322478,250,8,203,54,149,235
3322678,144,8,218,53,21,236
3322878,166,8,98,55,133,237
3323079,97,8,7,55,58,236
3323279,105,8,226,53,154,236
3323480,76,10,143,54,93,236
3323680,140,9,218,53,198,236
3323881,22,10,90,55,4,236
3324081,94,9,52,54,240,235
3324282,244,8,181,54,143,235
3324482,79,9,38,54,244,234
3324683,202,9,0,55,24,235
3324883,174,8,166,55,254,235
3325084,98,10,30,55,78,236
3325284,194,9,75,54,250,236
3325485,102,9,142,54,63,236
3325685,194,9,188,54,86,236
3325885,182,8,196,54,131,234
3326086,22,10,158,55,99,235
3326286,243,8,45,55,127,235
3326487,234,9,234,54,53,235
3326687,240,9,82,56,4,236
3326888,71,9,210,53,168,234
3327088,110,9,150,54,14,236
3327289,137,10,203,54,216,235
3327489,144,8,120,53,46,237
3327690,224,9,105,54,64,236
3327890,87,9,0,54,32,235
3328091,29,8,37,55,52,237
3328291,91,10,234,54,226,236
3328492,182,8,82,55,72,236
3328692,144,8,196,54,184,236
3328892,56,9,136,55,223,235
3329093,110,9,83,54,217,235
3329293,186,9,113,54,214,236
3329494,48,9,241,55,251,234
3329694,228,8,233,53,235,234
3329895,106,8,203,54,99,235
3330095,163,9,135,54,122,236
3330296,158,8,210,54,48,236
3330496,87,9,135,55,149,235
3330697,248,9,166,54,100,236
3330897,90,8,113,55,160,236
3331098,87,9,38,55,156,235
3331298,87,9,203,55,123,236
3331499,232,9,128,55,232,235
3331699,102,9,30,54,130,236
3331899,118,9,203,54,0,237
3332100,186,9,233,54,152,236
3332300,224,7,135,54,107,235
3332501,224,9,142,54,147,236
3332701,48,9,37,56,112,235
3332902,102,9,195,53,252,235
3333102,132,9,165,54,48,235
3333303,236,8,105,55,21,236
3333503,251,8,248,53,169,236
3333704,155,9,218,56,253,235
3333904,118,9,218,53,28,236
3334105,243,8,188,54,169,236
3334305,143,8,226,54,26,236
3334506,94,9,241,54,243,236
3334706,240,9,120,56,23,235
3334907,87,9,233,55,52,237
3335107,194,9,128,55,64,236
3335307,22,10,90,54,108,236
3335508,160,8,22,55,6,236
3335708,228,8,45,54,203,235
3335909,205,8,7,55,186,235
3336109,182,8,53,55,144,235
3336310,240,9,158,54,201,235
3336510,6,10,128,54,156,237
3336711,212,8,196,54,151,235
3336911,40,9,218,54,136,235
3337112,206,10,218,54,37,237
3337312,205,8,45,55,218,235
3337513,197,8,22,54,242,234
3337713,238,8,240,54,208,235
3337914,102,9,142,55,112,235
3338114,64,9,52,54,144,235
3338314,239,7,113,55,147,236
3338515,136,8,30,55,140,236
3338715,82,8,174,55,76,237
3338916,98,8,82,55,238,235
3339116,243,8,195,54,73,236
3339317,15,10,37,54,167,236
3339517,94,9,150,54,199,236
3339718,75,8,180,55,144,235
3339918,128,8,240,54,180,237
3340119,136,8,112,54,97,235
3340319,186,9,22,55,0,237
3340519,159,8,196,55,195,235
3340720,98,8,218,55,223,235
3340920,117,9,165,54,4,236
3341121,178,9,90,54,28,236
3341321,240,9,188,55,92,235
3341522,10,9,248,54,244,234
3341722,71,9,143,55,38,237
3341923,255,9,82,54,135,237
3342123,45,10,142,55,72,236
3342324,132,9,240,54,24,237
3342524,128,8,37,55,6,236
3342725,94,9,76,55,113,237
3342925,179,9,173,53,25,235
3343125,14,8,248,53,134,235
3343326,236,8,240,54,190,234
3343526,36,8,76,54,88,236
3343727,163,9,14,54,14,236
3343927,156,9,226,55,62,235
3344128,155,7,218,55,146,236
3344328,0,10,218,55,202,235
3344529,28,8,166,54,154,236
3344729,240,9,44,55,16,237
3344930,183,10,15,55,250,236
3345130,10,9,188,54,210,235
3345331,133,9,165,54,93,236
3345531,232,7,203,53,225,235
3345731,110,9,188,55,167,236
3345932,232,9,113,54,169,236
3346132,224,7,196,56,140,237
3346333,52,8,112,55,88,236
3346533,159,8,90,53,147,236
3346734,106,10,38,55,117,236
3346934,26,9,196,55,232,235
3347135,209,9,75,55,169,236
3347335,38,10,37,55,39,237
3347536,229,10,173,55,51,236
3347736,18,9,150,54,110,236
3347937,220,8,44,55,184,236
3348137,56,9,188,54,77,235
3348338,190,8,241,53,188,235
3348538,213,8,37,55,183,236
3348738,139,7,143,54,31,237
3348939,224,9,211,55,39,237
3349139,248,9,248,53,173,235
3349340,10,9,0,55,225,235
3349540,125,9,158,55,62,235
3349741,22,10,68,55,188,235
3349941,190,8,15,55,223,235
3350142,110,9,180,54,143,235
3350342,25,9,241,54,55,235
3350543,106,8,98,55,206,236
3350743,148,9,248,55,250,234
3350944,102,9,75,54,43,236
3351144,209,9,60,55,153,234
3351345,125,9,165,54,173,235
3351545,118,9,120,54,240,235
3351746,156,9,98,55,8,235
3351946,110,9,22,54,41,236
3352146,209,9,241,54,182,236
3352347,113,8,218,54,170,234
3352547,132,9,75,54,140,234
3352748,167,10,210,54,139,236
3352948,14,10,0,55,212,236
3353149,224,9,218,54,50,236
3353349,189,8,38,54,16,237
3353550,10,9,97,54,87,236
3353750,10,9,30,55,4,236
3353951,132,9,75,54,66,236
3354151,18,9,188,56,240,235
3354352,64,9,15,56,225,235
3354552,129,8,166,53,177,234
3354752,67,8,98,55,161,236
3354953,255,9,30,54,72,236
3355153,164,9,38,56,50,236
3355354,117,9,196,54,220,236
3355554,97,8,75,54,250,236
3355755,60,10,248,54,178,236
3355955,174,8,22,55,236,234
3356156,156,9,98,54,136,235
3356356,232,9,14,55,149,235
3356557,102,9,211,54,68,237
3356757,117,9,150,55,194,237
3356958,124,9,203,54,106,235
3357158,117,9,98,55,99,235
3357359,159,8,195,54,217,235
3357559,2,9,203,55,36,236
3357759,250,8,233,53,139,236
3357960,250,8,60,55,74,237
3358160,97,8,45,55,76,237
3358361,7,10,45,55,232,235
3358561,236,8,82,55,65,236
3358762,244,8,15,54,1,235
3358962,38,10,30,55,196,235
3359163,236,8,173,54,196,236
3359363,212,8,8,55,212,234
3359564,194,9,90,54,173,235
3359764,224,9,218,54,93,236
3359965,167,8,248,55,84,235
3360165,122,10,60,56,219,236
3360365,106,8,173,53,150,235
3360566,74,8,30,55,6,236
3360766,182,8,226,54,93,236
3360967,236,8,165,54,43,236
3361167,159,8,82,54,161,236
3361368,137,10,90,55,218,235
3361568,212,8,180,54,60,237
3361769,68,10,38,56,170,236
3361969,40,9,226,54,26,235
3362170,136,8,248,54,87,236
3362370,204,8,226,53,206,236
3362571,163,9,188,53,222,234
3362771,59,8,8,54,218,235
3362972,90,8,44,55,124,236
3363172,140,9,218,54,60,237
3363372,128,8,30,55,80,236
3363573,244,8,128,54,174,236
3363773,164,9,150,56,18,235
3363974,217,9,7,54,132,236
3364174,235,8,90,55,136,235
3364375,44,8,150,54,228,236
3364575,2,9,173,54,84,235
3364776,217,9,30,55,122,236
3364976,110,9,0,55,139,236
3365177,2,9,98,55,202,235
3365377,217,9,240,54,86,236
3365578,79,9,113,54,142,235
3365778,33,9,210,54,198,236
3365979,159,8,45,55,203,235
3366179,94,9,68,55,186,235
3366379,102,9,165,54,4,236
3366580,38,10,240,54,33,235
3366780,63,9,128,54,50,236
3366981,148,9,22,55,222,234
3367181,98,8,15,55,32,235
3367382,102,9,150,54,247,235
3367582,151,8,15,55,17,235
3367783,174,8,210,53,238,235
3367983,41,9,195,54,161,234
3368184,52,8,120,54,254,235
3368384,125,9,82,55,206,234
3368585,167,8,15,56,232,235
3368785,239,7,150,54,140,234
3368985,235,8,165,55,34,236
3369186,67,8,150,54,206,236
3369386,105,8,136,56,45,235
3369587,45,10,203,54,174,236
3369787,248,9,113,55,50,236
3369988,63,9,0,55,152,236
3370188,167,8,8,56,146,236
3370389,132,9,211,54,164,235
3370589,106,8,22,54,66,236
3370790,243,8,82,55,23,235
3370990,201,9,248,53,18,236
3371191,174,8,203,54,142,235
3371391,186,9,75,55,26,236
3371592,178,9,112,54,192,234
3371792,246,7,196,54,21,236
3371992,106,8,98,54,88,236
3372193,228,8,68,55,9,237
3372393,209,9,0,55,61,237
3372594,125,9,165,54,136,235
3372794,79,9,211,55,182,236
3372995,132,9,113,54,10,235
3373195,228,8,135,54,169,236
3373396,255,9,15,54,63,236
3373596,10,9,30,54,241,236
3373797,128,8,83,54,117,236
3373997,56,9,150,53,245,235
3374198,182,8,30,55,187,237
3374398,209,9,135,54,144,235
3374599,10,9,82,55,58,236
3374799,240,9,173,54,166,235
3375000,140,9,195,54,9,237
3375200,118,9,240,54,134,235
3375401,56,9,158,55,216,235
3375601,10,9,7,55,47,235
3375801,60,8,210,54,102,236
3376002,60,10,240,55,170,234
3376202,200,7,60,55,186,235
3376403,86,9,158,55,54,237
3376603,98,8,158,54,144,235
3376804,82,8,98,55,224,235
3377004,212,8,180,53,4,236
3377205,228,8,52,55,92,235
3377405,45,10,75,54,68,235
3377606,102,9,120,55,72,236
3377806,64,9,196,55,164,235
3378007,224,9,188,54,154,236
3378207,79,9,60,55,218,235
3378408,64,9,113,55,166,235
3378608,186,7,210,54,195,235
3378808,128,8,68,55,250,234
3379009,18,9,22,55,167,236
3379209,143,8,90,54,147,236
3379410,182,8,135,55,240,235
3379610,148,9,15,55,184,236
3379811,202,9,233,54,58,236
3380011,53,10,233,53,140,234
3380212,34,9,45,54,12,236
3380412,6,8,30,55,173,235
3380613,56,9,173,54,180,235
3380813,129,8,158,54,226,236
3381013,246,7,15,56,104,235
3381214,156,9,150,54,35,236
3381414,144,8,128,54,178,235
3381615,14,8,180,54,36,236
3381815,14,8,158,53,241,236
3382016,48,9,203,54,6,236
3382216,79,9,248,55,131,234
3382417,52,10,180,55,128,235
3382617,67,8,180,55,106,235
3382818,2,9,248,54,78,236
3383018,186,9,82,56,198,236
3383219,102,9,76,54,223,235
3383419,136,8,135,55,40,235
3383620,60,8,82,55,180,235
3383820,220,8,173,54,203,235
3384021,178,9,0,54,162,236
3384221,132,9,142,54,206,236
3384421,171,9,226,55,146,234
3384622,10,9,188,54,58,236
3384822,85,7,203,56,12,236
3385023,79,9,210,54,102,236
3385223,228,8,142,54,149,235
3385424,40,9,75,55,240,235
3385624,190,8,90,53,158,235
3385825,148,9,234,55,58,236
3386025,56,9,68,56,151,235
3386226,200,7,82,54,95,236
3386426,18,9,241,53,208,235
3386627,201,7,240,53,210,235
3386827,179,9,218,54,26,236
3387028,205,8,82,55,46,237
3387228,60,10,210,54,203,235
3387428,254,7,203,54,252,234
3387629,205,8,113,55,102,236
3387829,182,8,203,54,76,235
3388030,156,9,22,54,162,236
3388230,140,9,142,55,216,235
3388431,22,10,60,55,181,235
3388631,205,8,203,54,201,235
3388832,7,10,196,54,6,236
3389032,78,7,188,54,0,235
3389233,213,8,211,55,218,235
3389433,171,9,105,54,200,234
3389634,38,10,68,54,243,236
3389834,22,10,233,54,56,236
3390035,94,9,98,54,88,236
3390235,254,7,15,55,58,234
3390435,209,9,127,54,226,236
3390636,40,9,14,54,28,236
3390836,114,10,188,55,30,235
3391037,179,7,233,53,245,235
3391237,189,8,0,54,182,236
3391438,216,9,83,55,17,237
3391638,10,9,195,54,154,236
3391839,174,8,248,54,108,236
3392039,26,9,128,56,210,235
3392240,18,9,15,54,135,237
3392440,210,9,30,55,160,236
3392641,37,10,226,55,225,235
3392841,110,9,44,55,43,236
3393042,240,9,248,54,176,236
3393242,212,8,82,54,88,236
3393443,240,9,248,54,137,236
3393643,49,9,203,54,34,236
3393843,208,7,7,55,63,236
3394044,236,8,82,55,186,235
3394244,18,9,188,54,98,237
3394445,26,9,67,54,146,236
3394645,121,8,150,54,124,236
3394846,10,9,240,53,88,236
3395046,34,9,97,55,247,235
3395247,145,10,45,55,128,235
3395447,18,9,188,54,51,236
3395648,156,9,248,53,106,237
3395848,243,8,68,55,159,235
3396049,111,11,105,53,76,237
3396249,33,9,15,55,136,235
3396450,205,8,165,55,92,235
3396650,243,8,233,54,87,236
3396850,2,9,188,55,124,236
3397051,26,9,128,55,162,236
3397251,247,9,14,55,102,236
3397452,198,8,75,54,166,235
3397652,98,8,97,56,191,236
3397853,113,8,233,53,74,237
3398053,125,9,165,54,31,234
3398254,28,8,52,55,32,235
3398454,67,8,14,54,154,236
3398655,171,9,150,55,36,236
3398855,64,9,98,55,21,236
3399056,102,9,241,54,213,236
3399256,205,8,218,54,206,236
3399457,148,9,30,55,6,236
3399657,18,9,180,55,92,235
3399857,64,9,38,55,91,237
3400058,197,8,135,55,132,236
3400258,2,9,60,54,139,236
3400459,163,9,143,55,158,235
3400659,167,8,90,54,192,234
3400860,182,8,143,54,2,237
3401060,235,8,45,54,206,236
3401261,83,10,113,54,88,236
3401461,105,8,196,55,72,236
3401662,33,9,173,54,40,235
3401862,120,8,60,54,84,235
3402063,225,9,150,54,17,235
3402263,79,9,128,54,10,237
3402464,232,9,158,54,173,235
3402664,64,9,128,54,216,235
3402865,52,8,210,54,10,235
3403065,156,9,196,54,23,235
3403265,151,8,211,54,154,236
3403466,243,8,52,55,203,235
3403666,98,8,75,53,47,235
3403867,133,9,37,54,43,236
3404067,144,8,128,54,58,236
3404268,197,8,255,53,176,236
3404468,243,8,196,55,188,235
3404669,52,8,52,55,58,236
3404869,101,7,203,53,113,237
3405070,166,8,248,53,154,236
3405270,84,10,7,55,0,237
3405471,209,9,240,54,1,235
3405671,236,8,203,54,102,236
3405872,91,10,0,55,93,236
3406072,246,7,0,56,87,236
3406272,82,8,203,53,28,236
3406473,163,9,226,54,16,237
3406673,68,8,68,55,136,235
3406874,22,10,113,56,132,236
3407074,48,9,158,54,169,236
3407275,102,9,45,55,226,236
3407475,137,10,240,55,94,236
3407676,6,10,105,55,210,235
3407876,2,9,158,54,198,236
3408077,159,8,30,55,154,236
3408277,167,8,158,55,80,236
3408478,117,9,82,53,240,235
3408678,159,8,240,54,27,235
3408878,33,9,45,56,210,235
3409079,228,8,218,55,80,236
3409279,7,10,0,54,2,237
3409480,122,10,98,54,225,235
3409680,239,7,45,56,117,236
3409881,136,8,128,55,106,237
3410081,171,9,128,54,144,235
3410282,80,9,210,54,240,235
3410482,128,8,90,54,188,235
3410683,151,8,38,55,52,235
3410883,232,9,52,55,210,235
3411084,235,8,8,56,1,235
3411284,156,9,106,55,210,235
3411485,155,9,240,54,238,235
3411685,251,8,150,55,214,234
3411885,80,9,241,55,132,236
3412086,64,9,158,54,109,236
3412286,163,9,150,54,132,236
3412487,10,9,82,55,151,235
3412687,255,9,75,54,236,236
3412888,102,9,0,55,191,236
3413088,189,8,98,55,158,235
3413289,40,9,15,55,88,236
3413489,87,9,181,54,152,236
3413690,166,8,240,54,110,236
3413890,220,8,233,54,117,236
3414091,84,10,226,54,191,236
3414291,251,8,52,55,80,236
3414492,18,9,158,54,188,235
3414692,254,7,203,54,118,236
3414892,197,8,203,53,203,235
3415093,33,9,204,54,164,235
3415293,250,8,158,55,88,236
3415494,10,9,135,55,198,236
3415694,206,10,120,55,191,236
3415895,220,8,203,54,32,235
3416095,18,9,240,54,146,236
3416296,106,8,105,55,161,236
3416496,71,9,113,55,216,235
3416697,79,9,248,54,13,236
3416897,10,9,98,55,110,236
3417098,79,9,143,55,84,235
3417298,247,9,105,55,20,236
3417499,79,9,196,54,73,236
3417699,236,8,82,54,118,236
3417899,63,7,142,54,191,236
3418100,105,8,158,54,154,236
3418300,243,8,158,54,95,236
3418501,136,8,128,54,65,236
3418701,25,9,165,53,158,235
3418902,102,9,22,55,77,235
3419102,86,9,173,55,32,235
3419303,64,9,142,54,203,235
3419503,48,9,30,55,147,236
3419704,60,10,30,55,47,235
3419904,248,9,249,55,220,236
3420105,254,7,195,54,114,235
3420305,171,9,22,55,102,236
3420506,206,8,180,54,166,235
3420706,217,9,15,55,50,236
3420906,26,9,52,54,247,235
3421107,56,9,112,55,145,236
3421307,82,8,112,54,58,236
3421508,186,9,150,54,162,236
3421708,182,8,60,55,210,235
3421909,247,9,82,55,240,235
3422109,171,9,135,54,118,234
3422310,189,8,211,54,202,235
3422510,94,9,248,54,236,236
3422711,113,8,68,55,39,237
3422911,71,9,180,55,154,236
3423112,56,9,165,55,46,237
3423312,22,10,225,53,239,237
3423513,64,9,15,54,34,236
3423713,18,9,248,54,69,235
3423913,18,9,75,54,24,237
3424114,41,9,210,54,149,235
3424314,125,9,136,55,66,236
3424515,71,9,83,56,197,236
3424715,45,10,7,54,250,236
3424916,140,9,128,55,21,236
3425116,37,10,60,55,73,236
3425317,133,9,45,55,236,236
3425517,228,8,188,54,31,237
3425718,74,8,172,53,204,236
3425918,212,8,211,54,146,236
3426119,98,10,0,54,185,234
3426319,64,9,52,55,21,236
3426520,13,8,60,54,240,235
3426720,33,9,30,55,212,236
3426920,13,8,173,55,136,235
3427121,45,10,195,54,92,235
3427321,53,10,210,54,43,236
3427522,26,9,180,55,129,235
3427722,205,8,188,54,210,235
3427923,94,9,166,54,139,236
3428123,214,10,120,55,225,235
3428324,71,9,135,55,121,235
3428524,179,9,105,55,30,237
3428725,15,10,52,54,250,236
3428925,132,9,218,55,50,236
3429126,159,8,106,54,26,236
3429326,178,9,241,54,242,234
3429527,52,8,150,55,130,236
3429727,56,9,142,54,238,235
3429927,132,9,97,54,186,235
3430128,125,9,83,55,162,237
3430328,214,10,158,55,34,236
3430529,48,9,166,55,250,236
3430729,105,8,45,54,145,236
3430930,117,9,143,55,24,235
3431130,239,7,158,54,71,236
3431331,94,9,120,54,225,235
3431531,194,9,22,55,48,236
3431732,250,8,120,55,21,236
3431932,110,9,210,54,116,236
3432133,79,9,45,54,115,236
3432333,21,8,248,53,22,237
3432533,57,11,8,54,104,237
3432734,117,9,113,54,109,236
3432934,209,9,241,55,138,236
3433135,121,8,218,55,199,236
3433335,251,8,226,55,149,235
3433536,220,8,105,54,95,236
3433736,248,9,60,54,180,235
3433937,6,10,82,55,34,236
3434137,90,8,0,55,243,236
3434338,25,9,98,54,208,235
3434538,206,10,22,56,140,234
3434739,21,8,22,55,86,236
3434939,236,8,150,55,247,235
3435139,144,10,166,55,188,235
3435340,194,9,226,54,40,235
3435540,18,9,105,55,144,235
3435741,216,7,82,55,87,236
3435941,41,9,106,55,158,235
3436142,140,9,68,55,88,234
3436342,86,9,203,54,240,235
3436543,83,10,210,53,236,236
3436743,33,9,22,55,173,235
3436944,244,8,142,53,232,235
3437144,174,8,142,54,102,236
3437345,132,9,75,55,50,236
3437545,99,10,143,55,36,236
3437745,125,9,76,56,104,235
3437946,212,8,210,54,225,235
3438146,128,8,211,55,250,234
3438347,35,9,60,53,48,236
3438547,68,10,180,55,19,236
3438748,178,9,218,54,198,236
3438948,105,8,67,55,21,236
3439149,33,9,75,54,78,236
3439349,148,9,241,55,62,235
3439550,151,8,136,55,231,235
3439750,250,8,188,55,150,235
3439951,72,9,90,55,223,235
3440151,48,9,240,54,185,234
3440351,120,8,173,54,156,235
3440552,15,8,195,54,245,235
3440752,251,8,135,54,121,235
3440953,202,9,135,55,220,234
3441153,202,9,52,56,223,235
3441354,188,9,226,54,45,235
3441554,168,8,210,54,100,236
3441755,2,9,38,55,222,234
3441955,109,9,98,55,219,236
3442156,243,8,240,55,208,235
3442356,25,9,14,55,254,233
3442557,240,9,7,54,11,236
3442757,26,9,98,54,171,235
3442958,240,9,120,55,216,235
3443158,166,8,233,53,250,236
3443358,251,8,67,55,198,236
3443559,166,8,241,53,248,236
3443759,72,9,30,54,53,235
3443960,18,9,165,54,106,237
3444160,224,9,188,54,71,236
3444361,128,8,75,55,65,236
3444561,168,8,248,53,145,236
3444762,212,8,143,54,145,236
3444962,41,9,158,55,225,235
3445163,118,9,150,55,145,236
3445363,136,8,196,54,4,236
3445564,41,9,14,55,186,235
3445764,179,9,180,55,4,236
3445965,217,9,188,53,115,236
3446165,151,8,112,53,172,235
3446365,48,9,90,54,123,236
3446566,128,8,45,55,230,235
3446766,115,8,218,54,31,235
3446967,230,8,165,55,19,236
3447167,217,9,218,54,76,235
3447368,48,9,173,55,78,236
3447568,2,9,196,54,4,236
3447769,153,8,233,54,86,236
3447969,15,10,218,55,216,235
3448170,146,8,196,56,186,235
3448370,182,8,136,54,234,236
3448571,246,8,165,53,23,235
3448771,128,8,173,52,56,236
3448972,115,8,203,54,82,235
3449172,71,9,232,54,115,236
3449372,251,8,196,54,246,233
3449573,28,9,203,54,64,234
3449773,44,8,113,54,190,234
3449974,191,8,165,54,14,237
3450174,30,8,38,55,97,235
3450375,202,9,136,56,250,234
3450575,239,7,45,54,230,235
3450776,90,8,45,54,18,236
3450976,142,9,165,54,134,235
3451177,197,8,226,53,86,236
3451377,10,9,128,54,108,236
3451578,110,9,113,55,42,236
3451778,159,8,98,55,22,237
3451979,219,9,37,55,16,235
3452179,104,9,120,54,86,236
3452379,136,8,7,54,108,236
3452580,124,9,218,56,98,237
3452780,102,9,180,54,75,235
3452981,115,8,113,55,60,235
3453181,86,9,38,54,227,234
3453382,231,7,68,55,122,236
3453582,88,9,210,53,179,235
3453783,103,7,173,53,245,235
3453983,191,8,180,55,108,236
3454184,236,8,90,55,145,236
3454384,132,10,210,54,59,237
3454585,12,9,45,54,193,235
3454785,90,8,37,54,140,237
3454986,14,8,233,54,4,236
3455186,60,10,14,54,160,236
3455387,236,8,173,54,230,235
3455587,82,8,120,54,212,236
3455787,230,8,30,55,4,236
3455988,26,9,120,54,201,235
3456188,228,8,195,53,30,235
3456389,66,9,60,55,174,236
3456589,157,7,203,54,49,236
3456790,238,8,203,55,131,234
3456990,211,9,0,55,178,235
3457191,240,7,60,55,30,237
3457391,197,8,120,54,219,236
3457592,206,8,128,52,171,235
3457792,47,10,22,55,137,236
3457993,17,10,165,54,146,234
3458193,104,9,107,55,203,236
3458393,253,8,180,54,41,236
3458594,253,8,82,54,241,236
3458794,188,9,75,54,212,236
3458995,47,10,37,54,234,236
3459195,230,8,0,53,156,235
3459396,78,10,60,54,185,237
3459596,191,8,60,54,149,235
3459797,230,8,75,55,216,235
3459997,130,8,52,55,122,236
3460198,12,9,30,55,212,236
3460398,192,8,68,55,218,236
3460599,58,9,143,54,170,237
3460799,129,8,203,54,195,235
3461000,2,9,60,56,231,235
3461200,98,10,90,54,252,235
3461401,160,8,7,55,238,235
3461601,27,9,90,55,56,236
3461801,12,9,158,55,253,235
3462002,35,9,90,56,238,235
3462202,138,8,120,53,34,236
3462403,47,10,75,55,23,235
3462603,27,9,52,54,63,236
3462804,19,9,7,55,182,236
3463004,100,8,32,53,244,235
3463205,62,10,92,55,143,236
3463405,130,8,166,54,75,235
3463606,16,10,60,55,231,235
3463806,69,8,165,54,163,237
3464007,76,8,135,55,26,236
3464207,119,9,14,55,86,236
3464408,20,9,60,54,12,236
3464608,4,9,203,54,16,235
3464808,238,8,240,54,100,236
3465009,153,8,136,54,230,235
3465209,214,8,30,55,34,236
3465410,8,10,248,55,176,234
3465610,130,8,248,53,100,236
3465811,245,8,150,54,164,235
3466011,176,8,228,54,177,235
3466212,252,8,22,54,63,236
3466412,206,8,53,54,216,235
3466613,245,8,198,53,224,236
3466813,138,8,30,54,44,237
3467014,96,9,120,54,104,235
3467214,54,10,37,55,56,236
3467415,27,9,173,54,53,235
3467615,134,9,30,55,178,235
3467816,237,8,143,55,127,235
3468016,20,9,15,54,252,237
3468216,40,10,143,55,56,236
3468417,199,8,128,55,183,234
3468617,32,10,17,55,142,236
3468818,222,8,158,55,204,236
3469018,80,9,114,55,128,236
3469219,119,9,32,54,250,235
3469419,168,8,250,53,154,235
3469620,196,9,62,55,180,236
3469820,130,8,70,54,202,236
3470021,8,8,38,54,219,236
3470221,20,9,82,53,97,235
3470422,122,8,137,53,218,237
3470622,180,9,2,55,66,235
3470823,58,9,212,54,125,235
3471023,66,9,114,54,236,235
3471224,162,10,82,55,130,236
3471424,173,9,105,54,212,234
3471625,150,9,190,55,69,236
3471825,160,8,82,55,34,236
3472025,252,8,142,54,119,235
3472226,15,8,54,55,65,237
3472426,146,10,52,55,48,236
3472627,92,8,9,55,106,236
3472827,62,10,243,55,51,235
3473028,74,9,105,55,126,237
3473228,242,9,32,55,91,236
3473429,46,8,220,54,25,236
3473629,199,8,107,55,87,237
3473830,184,8,62,55,13,237
3474030,237,8,143,54,14,237
3474231,47,10,62,55,199,235
3474431,4,9,127,54,211,236
3474632,43,9,168,55,214,235
3474832,40,10,52,55,201,235
3475032,73,9,167,55,247,236
3475233,245,8,135,55,224,235
3475433,1,10,7,54,41,236
3475634,4,9,2,56,125,235
3475834,180,9,122,55,184,235
3476035,112,9,130,54,154,235
3476235,58,9,92,54,2,236
3476436,62,10,181,55,78,236
3476636,172,7,242,54,54,236
3476837,233,7,120,54,0,237
3477037,24,10,145,55,69,236
3477238,226,9,52,55,16,235
3477438,104,9,180,53,216,235
3477639,150,9,90,54,120,235
3477839,192,8,143,55,190,236
3478039,62,10,166,55,16,235
3478240,176,8,0,54,186,235
3478440,122,8,45,55,122,236
3478641,196,9,203,54,130,236
3478841,252,8,240,53,37,237
3479042,161,8,248,54,145,236
3479242,20,9,76,54,254,236
3479443,203,9,90,54,134,235
3479643,46,8,197,53,140,235
3479844,108,10,128,54,64,236
3480044,237,8,220,54,102,235
3480245,244,8,60,55,70,236
3480445,122,8,15,54,1,235
3480646,242,9,60,56,146,234
3480846,24,10,120,55,253,235
3481046,202,7,14,55,48,236
3481247,4,9,203,54,251,237
3481447,20,9,52,55,238,235
3481648,1,10,120,54,46,235
3481848,161,8,9,55,239,236
3482049,24,10,158,54,15,237
3482249,253,8,52,55,108,236
3482450,92,8,250,54,114,236
3482650,84,8,173,55,100,236
3482851,66,9,167,55,184,235
3483051,104,9,196,55,10,238
3483252,100,8,15,56,226,236
3483452,35,9,38,55,48,236
3483653,192,8,38,56,230,235
3483853,101,10,143,54,160,236
3484054,246,10,195,54,231,235
3484254,214,8,218,53,219,236
3484455,39,10,68,55,70,236
3484655,214,8,30,55,238,235
3484855,81,9,233,55,152,236
3485056,4,9,15,55,30,235
3485256,218,7,74,54,90,235
3485457,199,8,181,55,122,236
3485657,24,10,7,55,108,236
3485858,161,8,39,54,17,236
3486058,184,8,54,55,22,235
3486259,142,9,166,54,100,236
3486459,242,9,203,55,105,235
3486660,27,9,188,55,81,237
3486860,12,9,75,55,86,236
3487061,76,8,180,53,216,235
3487261,170,10,122,55,99,236
3487462,212,9,135,54,150,235
3487662,42,9,120,53,148,237
3487862,192,8,226,53,142,235
3488063,199,8,37,54,178,235
3488263,115,8,250,54,206,235
3488464,96,9,226,54,41,236
3488664,222,8,98,54,71,236
3488865,20,9,227,54,113,236
3489065,218,9,98,55,71,236
3489266,212,9,128,54,27,234
3489466,214,8,15,55,68,235
3489667,192,8,198,54,106,236
3489867,9,10,152,55,172,236
3490068,61,8,212,54,5,237
3490268,119,9,45,54,183,234
3490469,126,9,120,54,248,236
3490669,157,9,220,55,128,236
3490869,192,8,52,55,172,235
3491070,145,8,0,55,19,236
3491270,107,8,100,55,211,234
3491471,28,9,143,55,38,237
3491671,115,8,182,53,247,236
3491872,204,9,47,55,84,236
3492072,150,9,235,54,102,235
3492273,249,9,173,54,100,236
3492473,114,8,195,54,178,235
3492674,226,9,67,54,201,235
3492874,158,9,195,54,238,235
3493075,24,10,30,56,238,235
3493275,150,9,7,55,208,235
3493476,230,8,166,53,100,236
3493676,115,8,38,54,160,236
3493876,108,8,152,54,43,237
3494077,253,8,22,55,11,236
3494277,58,9,22,55,190,236
3494478,234,9,45,55,34,236
3494678,218,9,38,55,171,235
3494879,23,8,136,54,106,233
3495079,104,9,180,52,52,235
3495280,165,9,240,53,164,235
3495480,222,8,166,55,149,235
3495681,96,9,136,55,230,235
3495881,84,8,129,55,95,237
3496082,138,8,52,54,34,236
3496282,176,8,60,55,108,236
3496483,184,8,82,55,28,234
3496683,38,8,220,54,170,235
3496883,2,9,218,55,142,235
3497084,242,9,52,55,167,236
3497284,230,8,90,53,41,236
3497485,47,10,46,54,247,236
3497685,84,8,105,54,86,236
3497886,73,9,47,56,233,234
3498086,172,9,175,54,200,235
3498287,42,9,240,53,149,235
3498487,134,9,175,54,72,237
3498688,32,10,143,55,172,235
3498888,176,8,120,54,208,235
3499089,154,8,167,54,103,235
3499289,4,9,2,56,80,235
3499489,104,9,105,54,204,236
3499690,230,8,84,54,91,236
3499890,8,8,24,54,205,235
3500091,237,8,173,54,116,236
3500291,172,7,203,55,206,234
3500492,119,9,30,55,234,234
3500692,182,8,150,54,90,235
3500893,1,10,210,54,134,235
3501093,134,9,38,55,226,236
3501294,173,9,22,55,60,235
3501494,111,7,235,53,150,236
3501695,226,7,198,55,210,236
3501895,188,9,38,55,194,235
3502096,253,8,150,54,60,235
3502296,27,9,52,53,20,236
3502496,50,9,38,55,152,236
3502697,172,9,198,54,237,233
3502897,161,8,52,55,138,234
3503098,226,7,68,55,0,237
3503298,27,9,212,54,35,237
3503499,127,9,68,55,56,236
3503699,226,9,120,54,126,237
3503900,142,9,112,54,115,236
3504100,237,8,90,54,246,235
3504301,40,10,180,55,212,236
3504501,130,8,160,54,64,237
3504702,160,8,248,53,168,234
3504902,74,9,173,54,52,235
3505103,100,8,152,54,58,235
3505303,157,9,8,54,168,234
3505504,28,9,160,55,69,236
3505704,240,7,9,56,174,234
3505904,172,7,180,55,160,236
3506105,230,8,157,53,160,236
3506305,168,8,37,54,75,235
3506506,40,10,203,54,108,236
3506706,73,9,98,54,164,235
3506907,200,8,218,55,108,236
3507107,43,9,97,55,8,235
3507308,206,8,62,55,217,236
3507508,142,9,166,54,86,236
3507709,184,8,44,53,112,235
3507909,20,9,84,54,88,235
3508110,214,8,45,56,211,236
3508310,16,10,233,54,227,234
3508511,181,9,38,55,126,235
3508711,153,8,173,54,152,236
3508911,252,8,46,55,69,236
3509112,89,9,211,55,93,236
3509312,241,9,248,53,241,236
3509513,196,9,160,54,48,234
3509713,42,9,228,54,135,236
3509914,165,9,32,55,247,236
3510114,24,10,100,54,110,235
3510315,188,9,90,56,7,237
3510515,134,9,226,55,208,235
3510716,80,9,180,55,223,235
3510916,74,9,55,55,170,235
3511117,245,8,2,55,47,236
3511317,184,8,137,55,224,236
3511517,46,8,136,54,48,236
3511718,35,9,92,54,54,236
3511918,78,10,24,54,37,236
3512119,245,8,152,55,184,235
3512319,46,8,2,55,114,236
3512520,4,9,24,54,251,235
3512720,131,10,122,54,191,237
3512921,112,9,7,54,127,235
3513121,246,8,24,55,224,236
3513322,24,10,15,55,241,236
3513522,211,9,188,54,246,235
3513723,40,10,114,54,137,234
3513923,196,9,69,54,217,236
3514124,92,8,10,55,39,236
3514324,245,8,150,55,4,236
3514524,47,10,250,54,100,234
3514725,12,9,236,54,25,236
3514925,218,9,15,55,230,235
3515126,126,9,180,54,98,235
3515326,5,11,167,55,236,235
3515527,192,8,142,55,16,235
3515727,12,9,142,54,74,237
3515928,73,9,180,53,219,236
3516128,180,9,137,55,250,237
3516329,184,8,136,53,138,236
3516529,4,9,152,53,8,236
3516730,58,9,62,54,118,235
3516930,5,9,120,55,122,236
3517131,27,9,212,54,17,236
3517331,96,9,188,54,7,237
3517531,107,8,105,55,93,236
3517732,219,9,135,54,88,237
3517932,230,8,70,56,40,236
3518133,185,10,75,55,204,236
3518333,237,8,105,55,127,235
3518534,28,9,196,54,149,235
3518734,46,8,166,56,16,235
3518935,88,9,8,55,185,237
3519135,153,8,203,54,52,237
3519336,104,9,105,54,126,235
3519536,123,8,60,55,200,235
3519737,184,8,218,54,200,237
3519937,184,8,100,55,221,235
3520138,165,9,30,56,71,236
3520338,154,8,150,54,130,236
3520539,245,8,54,55,28,237
3520739,12,9,68,55,120,235
3520939,199,8,113,55,138,236
3521140,166,9,62,54,107,234
3521340,176,8,175,54,132,235
3521541,80,9,105,55,122,236
3521741,61,8,52,54,123,236
3521942,0,8,195,55,149,235
3522142,150,9,0,55,52,237
3522343,23,8,84,55,240,234
3522543,100,8,112,55,4,236
3522744,145,8,218,54,196,236
3522944,206,8,218,53,12,236
3523144,170,10,235,53,226,234
3523345,249,9,167,54,173,236
3523545,165,9,135,54,215,237
3523746,180,9,82,54,138,234
3523946,92,8,196,53,197,236
3524147,38,8,107,54,121,236
3524347,65,9,205,54,217,236
3524548,84,8,158,53,178,235
3524748,26,7,210,54,116,236
3524949,150,9,136,54,108,234
3525149,153,8,180,54,130,236
3525350,70,10,250,54,40,236
3525550,8,8,233,55,85,236
3525751,111,9,62,55,51,235
3525951,130,8,143,55,149,235
3526152,53,8,30,54,152,236
3526352,253,8,160,53,165,236
3526552,233,7,203,55,67,237
3526753,108,10,75,54,90,235
3526953,126,7,14,55,23,235
3527154,173,9,248,53,16,235
3527354,134,9,181,55,145,236
3527555,8,8,105,55,112,235
3527755,252,8,82,54,204,236
3527956,238,8,188,54,246,235
3528156,150,9,203,53,68,235
3528357,234,9,45,55,198,234
3528557,130,8,210,53,38,235
3528758,130,8,158,55,100,236
3528958,81,9,160,55,106,236
3529158,184,8,112,54,186,235
3529359,214,8,152,54,10,236
3529559,245,8,92,54,54,236
3529760,127,9,220,53,0,236
3529960,146,8,112,55,41,236
3530161,123,8,7,55,122,236
3530361,76,8,218,54,219,236
3530562,227,9,173,53,19,236
3530762,123,8,14,54,86,236
3530963,85,10,128,53,204,236
3531163,230,8,122,54,225,234
3531364,96,9,166,54,127,235
3531564,0,8,98,56,30,237
3531764,27,9,97,54,0,237
3531965,69,8,60,54,48,236
3532165,23,8,210,54,144,236
3532366,153,8,45,53,118,237
3532566,158,9,52,54,26,236
3532767,218,9,52,55,127,235
3532967,195,7,45,54,100,236
3533168,196,9,113,54,97,235
3533368,104,9,68,55,241,236
3533569,152,10,195,54,23,235
3533769,207,8,196,54,190,234
3533970,234,9,68,56,178,235
3534170,111,9,165,55,100,236
3534371,230,8,120,54,120,235
3534571,253,8,76,57,206,235
3534772,222,8,37,54,41,236
3534972,0,8,90,55,127,235
3535172,46,8,90,55,8,235
3535373,74,9,226,53,30,237
3535573,176,8,226,54,252,237
3535774,188,9,248,54,138,234
3535974,107,8,180,54,41,236
3536175,54,10,175,54,24,236
3536375,230,8,188,53,52,237
3536576,184,8,15,55,234,234
3536776,180,9,143,54,130,236
3536977,199,8,188,55,186,235
3537177,69,8,226,54,8,235
3537378,253,8,52,55,212,236
3537578,176,8,60,55,238,235
3537779,31,10,83,55,78,236
3537979,119,9,210,54,149,235
3538180,96,9,14,56,174,236
3538380,138,8,47,54,150,236
3538580,150,9,248,54,86,236
3538781,226,9,135,53,250,234
3538981,138,8,90,55,71,236
3539182,92,8,75,55,238,235
3539382,76,10,112,54,64,236
3539583,146,8,158,53,14,237
3539783,12,9,143,54,253,235
3539984,107,8,45,55,8,235
3540184,154,10,113,54,82,235
3540385,142,9,67,53,8,237
3540585,15,8,75,54,116,236
3540786,62,8,90,55,23,235
3540986,104,9,255,54,249,236
3541187,184,8,203,54,108,236
3541387,92,8,233,54,130,236
3541588,176,8,120,54,246,235
3541788,168,8,9,55,2,236
3541988,243,8,60,54,152,236
3542189,84,8,173,54,134,235
3542389,7,10,158,55,156,235
3542590,23,8,15,55,130,236
3542790,99,8,10,55,32,236
3542991,96,9,210,53,208,235
3543191,187,7,83,55,86,236
3543392,158,9,233,54,26,236
3543592,127,9,38,55,130,236
3543793,4,9,45,54,44,237
3543993,234,9,122,54,32,236
3544194,210,7,173,54,104,235
3544394,54,8,158,55,250,234
3544595,253,8,135,54,100,236
3544795,24,10,67,54,175,236
3544996,59,11,158,55,4,236
3545196,252,8,188,53,8,235
3545396,249,9,68,55,208,235
3545597,238,10,76,55,78,236
3545797,160,8,180,52,208,235
3545998,234,9,30,55,64,236
3546198,245,8,37,54,242,236
3546399,249,9,188,54,152,236
3546599,4,9,165,53,216,235
3546800,35,9,248,54,149,235
3547000,130,8,137,54,65,237
3547201,146,8,82,54,233,236
3547401,225,7,2,55,170,235
3547602,27,7,30,55,111,237
3547802,134,9,240,53,149,235
3548003,192,8,104,54,204,236
3548203,180,9,30,55,152,236
3548404,199,8,128,55,104,237
3548604,248,7,98,54,164,235
3548805,220,8,45,55,74,235
3549005,116,10,158,55,26,236
3549206,203,9,7,56,145,236
3549406,106,10,0,55,223,235
3549606,21,8,75,55,86,236
3549807,192,8,112,53,204,236
3550007,237,8,112,53,19,236
3550208,244,8,203,54,212,236
3550408,126,9,67,55,34,236
3550609,58,9,45,55,33,236
3550809,111,9,143,53,219,236
3551010,119,9,150,54,156,235
3551210,238,8,22,55,230,235
3551411,248,7,226,54,8,237
3551611,237,8,60,54,111,237
3551812,70,10,226,55,66,237
3552012,195,7,60,55,26,236
3552213,92,8,112,54,141,235
3552413,73,9,203,54,230,235
3552613,9,10,233,53,67,235
3552814,70,10,195,54,178,235
3553014,42,9,204,54,1,235
3553215,18,9,90,55,8,237
3553415,66,9,0,56,26,236
3553616,145,8,218,53,52,235
3553816,225,7,106,54,219,236
3554017,228,8,120,55,34,236
3554217,184,8,90,54,115,236
3554418,153,8,82,55,4,236
3554618,222,8,226,54,27,236
3554819,218,7,226,54,22,237
3555019,253,8,105,54,194,235
3555220,52,8,98,54,167,236
3555420,240,7,248,54,250,234
3555621,135,9,105,54,70,236
3555821,35,9,203,54,253,235
3556021,12,9,105,55,193,235
3556222,194,9,74,54,186,235
3556422,180,9,240,54,130,236
3556623,27,9,30,55,238,235
3556823,228,8,150,55,56,236
3557024,188,9,233,54,12,236
3557224,191,8,218,54,210,238
3557425,92,8,90,55,252,235
3557625,100,8,128,54,219,236
3557826,31,8,30,54,149,235
3558026,108,8,158,55,223,235
3558227,142,9,128,55,42,234
3558427,176,8,98,53,216,235
3558628,176,8,44,55,134,235
3558828,16,10,22,54,241,236
3559028,141,7,130,56,110,235
3559229,8,8,52,55,175,236
3559429,211,9,0,55,0,237
3559630,93,10,166,56,226,236
3559830,125,9,74,54,235,234
3560031,1,10,98,55,112,235
3560231,115,8,173,54,123,236
3560432,245,8,202,54,74,237
3560632,133,9,196,54,201,235
3560833,5,9,15,55,149,235
3561033,38,8,98,54,90,235
3561234,226,7,68,55,97,235
3561434,130,8,30,55,108,236
3561635,199,8,92,55,214,235
3561835,153,8,240,55,134,235
3562036,45,10,248,54,246,235
3562236,115,8,195,54,112,235
3562436,122,8,218,54,11,236
3562637,35,9,241,54,127,235
3562837,4,9,90,55,148,237
3563038,107,8,166,53,194,235
3563238,27,9,112,54,226,236
3563439,180,9,120,54,174,236
3563639,245,8,7,54,60,235
3563840,130,8,0,55,97,235
3564040,58,9,112,54,157,235
3564241,214,8,143,54,16,235
3564441,173,9,37,55,216,235
3564642,146,8,38,54,174,236
3564842,1,10,75,54,29,237
3565043,222,8,0,55,224,235
3565243,1,10,135,54,168,234
3565444,111,9,78,55,128,236
3565644,219,9,22,55,216,235
3565844,69,8,107,56,67,236
3566045,19,9,92,55,235,237
3566245,176,8,135,54,164,235
3566446,111,9,120,55,164,235
3566646,186,9,52,54,197,234
3566847,16,10,235,55,147,235
3567047,12,9,0,54,70,236
3567248,168,8,248,54,34,236
3567448,170,10,70,54,250,235
3567649,100,8,173,55,164,235
3567849,104,9,75,55,100,236
3568050,173,9,75,55,217,233
3568250,123,8,150,54,26,236
3568451,12,9,52,55,130,236
3568651,31,8,60,54,75,235
3568851,77,10,30,54,34,236
3569052,192,8,83,54,56,236
3569252,165,9,98,55,19,236
3569453,1,10,90,55,171,235
3569653,153,8,0,56,48,236
3569854,47,10,62,54,69,236
3570054,253,8,218,53,164,237
3570255,130,8,143,54,238,235
3570455,131,10,7,55,186,235
3570656,188,9,30,56,137,236
3570856,135,9,128,55,75,235
3571057,119,9,38,55,30,237
3571257,242,9,30,54,145,236
3571457,180,9,135,55,174,236
3571658,62,10,203,54,240,236
3571858,98,8,127,54,149,235
3572059,12,9,203,55,34,236
3572259,172,7,44,54,93,236
3572460,243,8,7,55,71,236
3572660,150,9,52,55,174,236
3572861,104,9,37,54,44,237
3573061,219,9,105,53,252,235
3573262,74,9,113,54,184,234
3573462,254,7,98,55,104,235
3573663,253,10,158,55,115,236
3573863,161,8,7,55,52,235
3574064,247,7,211,54,174,236
3574264,119,9,52,55,174,236
3574464,160,10,188,54,219,236
3574665,194,9,128,54,82,235
3574865,115,8,128,54,216,235
3575066,173,9,203,52,171,235
3575266,88,9,7,54,42,236
3575467,154,8,210,53,90,235
3575667,218,7,210,55,64,236
3575868,50,9,67,55,226,236
3576068,115,8,188,53,78,236
3576269,142,9,113,55,204,236
3576469,173,9,150,55,156,235
3576670,61,8,113,55,46,235
3576870,199,8,15,54,0,237
3577070,184,8,30,53,41,236
3577271,34,9,182,55,12,237
3577471,168,8,113,56,127,235
3577672,211,9,90,55,112,235
3577872,184,8,67,54,204,236
3578073,218,7,128,55,36,237
3578273,73,9,248,54,44,237
3578474,254,7,0,55,172,235
3578674,173,9,160,55,195,236
3578875,122,8,203,54,168,234
3579075,108,10,90,56,204,236
3579275,84,8,60,55,224,235
3579476,234,7,188,54,53,235
3579676,71,9,120,55,127,235
3579877,204,9,136,55,133,237
3580077,250,9,166,54,56,236
3580278,226,9,52,54,48,236
3580478,138,8,181,53,89,237
3580679,240,7,0,54,108,236
3580879,202,7,173,54,223,235
3581080,72,7,68,54,48,236
3581280,154,8,15,55,127,235
3581481,122,8,0,55,149,235
3581681,222,8,226,54,86,236
3581881,88,9,45,56,105,235
3582082,202,7,150,54,4,236
3582282,214,8,142,52,193,235
3582483,20,9,150,54,208,235
3582683,77,10,188,54,219,236
3582884,203,9,74,54,16,235
3583084,66,9,211,54,70,236
3583285,173,9,53,55,127,235
3583485,126,7,82,54,82,235
3583686,12,9,220,55,40,236
3583886,200,8,135,54,194,235
3584087,1,10,83,55,234,236
3584287,66,9,30,54,153,234
3584488,50,9,248,54,241,236
3584688,54,8,0,54,26,236
3584888,245,8,14,55,133,237
3585089,53,10,53,55,193,235
3585289,231,7,45,55,174,236
3585490,173,9,2,55,135,236
3585690,1,10,68,55,108,236
3585891,246,10,203,55,100,236
3586091,6,8,60,54,234,236
3586292,240,9,233,54,219,236
3586492,172,9,120,55,71,236
3586693,35,9,15,55,238,235
3586893,215,8,0,54,37,237
3587094,96,9,180,54,138,236
3587294,108,8,52,55,4,236
3587494,138,8,240,54,127,235
3587695,58,9,158,54,164,235
3587895,27,9,22,56,192,237
3588096,158,9,22,55,34,236
3588296,205,8,98,54,130,236
3588497,237,8,211,54,64,236
3588697,146,8,68,56,19,236
3588898,42,9,211,55,56,234
3589098,46,10,165,55,242,234
3589299,217,7,37,54,164,235
3589499,207,8,22,56,212,236
3589700,233,7,22,54,96,237
3589900,253,8,30,55,230,235
3590100,62,10,22,55,68,235
3590301,111,9,68,54,245,235
3590501,24,10,135,55,204,236
3590702,188,9,52,54,178,235
3590902,16,8,60,54,200,237
3591103,225,7,7,55,94,236
3591303,207,8,226,53,64,236
3591504,100,10,67,55,100,236
3591704,104,9,173,55,182,236
3591905,23,8,52,54,164,235
3592105,173,9,145,54,251,235
3592306,32,10,112,55,105,235
3592506,140,9,52,55,246,235
3592707,72,9,45,54,41,236
3592907,27,9,188,54,64,236
3593108,49,9,45,55,148,235
3593308,104,9,112,53,23,235
3593508,38,10,75,55,93,236
3593709,187,7,226,53,14,237
3593909,41,9,172,54,238,235
3594110,146,8,173,54,64,236
3594310,42,9,113,55,235,234
3594511,18,9,151,54,208,235
3594711,44,8,52,55,30,235
3594912,96,9,233,54,63,236
3595112,214,8,120,54,30,237
3595313,96,9,196,55,53,235
3595513,159,8,188,55,149,235
3595714,165,9,128,55,26,236
3595914,74,9,158,55,248,236
3596115,184,8,52,54,212,236
3596315,184,8,210,54,97,235
3596515,73,9,82,55,75,235
3596716,56,9,226,53,219,236
3596916,188,9,181,55,189,236
3597117,199,8,98,54,127,235
3597317,28,9,173,55,29,237
3597518,188,9,98,54,134,237
3597718,174,8,188,54,156,237
3597919,142,9,30,54,253,235
3598119,135,9,82,55,171,235
3598320,20,9,113,55,242,234
3598520,234,9,233,54,108,236
3598721,199,8,173,55,5,234
3598921,77,8,173,55,23,235
3599122,28,9,75,55,245,235
3599322,20,9,150,54,189,236
3599523,165,9,150,53,82,235
3599723,58,9,120,56,19,236
3599924,223,10,226,53,98,235
3600124,158,9,128,55,68,235
3600325,58,9,241,54,201,235
3600525,84,8,135,53,204,236
3600725,31,8,166,54,111,237
3600926,42,9,128,55,156,237
3601126,42,9,210,55,100,236
3601327,2,9,180,54,56,236
3601527,249,9,158,55,253,235
3601728,43,9,99,54,210,236
3601928,230,8,142,53,19,236
3602129,184,8,150,55,26,236
3602329,253,8,75,54,67,235
3602530,46,8,68,55,52,235
3602730,134,9,22,55,75,235
3602931,180,9,241,55,230,235
3603131,12,9,218,55,138,236
3603332,134,9,0,56,60,235
3603532,184,10,166,54,116,236
3603732,232,9,7,55,167,236
3603933,230,8,188,54,101,236
3604133,233,7,30,55,156,235
3604334,37,10,37,55,26,236
3604534,186,9,22,55,81,237
3604735,218,7,211,55,60,235
3604935,173,9,128,54,93,236
3605136,117,9,150,54,250,234
3605336,222,8,142,55,23,235
3605537,82,8,68,55,26,236
3605737,184,8,210,53,56,236
3605938,1,10,210,54,26,236
3606138,252,8,150,54,122,236
3606339,172,9,188,54,82,235
3606539,196,9,165,55,164,235
3606739,76,10,60,57,44,237
3606940,150,9,150,54,179,235
3607140,66,9,67,55,60,235
3607341,50,9,143,55,219,236
3607541,120,8,67,54,97,235
3607742,206,8,113,54,198,234
3607942,150,9,60,54,130,236
3608143,224,9,0,55,66,237
3608343,46,8,112,56,153,234
3608544,122,8,248,55,4,236
3608744,94,9,7,54,186,235
3608945,212,8,143,54,227,234
3609145,182,8,37,55,201,235
3609345,134,9,105,54,131,234
3609546,32,10,166,53,48,236
3609746,48,9,218,54,212,234
3609947,168,8,0,54,19,236
3610147,174,8,82,55,56,236
3610348,18,9,196,53,20,236
3610548,182,8,105,54,130,236
3610749,246,7,15,55,86,236
3610949,192,8,150,56,253,235
3611150,132,9,158,54,8,237
3611350,252,8,7,55,82,235
3611551,199,8,143,55,37,237
3611751,46,8,120,55,71,236
3611952,236,8,188,54,0,237
3612152,79,9,203,53,174,236
3612352,170,10,150,55,182,236
3612553,65,9,60,55,81,237
3612753,137,10,173,55,49,236
3612954,189,8,75,55,19,236
3613154,249,7,203,54,49,236
3613355,44,8,112,55,193,235
3613555,219,9,195,54,167,236
3613756,81,9,15,53,112,235
3613956,56,9,0,54,212,236
3614157,18,11,60,57,197,236
3614357,212,8,0,56,16,235
3614558,140,9,234,54,26,236
3614758,40,9,196,55,110,236
3614959,48,9,180,54,127,235
3615159,138,8,0,55,216,235
3615359,64,9,52,53,108,236
3615560,251,8,68,55,56,234
3615760,129,8,226,54,226,236
3615961,48,9,233,54,70,236
3616161,82,8,60,54,75,235
3616362,225,9,60,55,14,236
3616562,9,10,248,53,34,236
3616763,205,8,203,54,208,235
3616963,48,9,211,54,212,236
3617164,60,8,218,53,86,234
3617364,56,9,22,54,86,236
3617565,139,10,90,54,152,236
3617765,136,8,150,53,90,235
3617966,164,9,233,53,252,235
3618166,94,9,113,55,163,235
3618366,20,9,196,55,82,235
3618567,52,8,165,54,252,235
3618767,192,8,7,55,108,236
3618968,55,7,106,54,112,235
3619168,102,9,68,56,16,235
3619369,242,9,120,53,108,236
3619569,150,9,22,54,134,235
3619770,83,10,105,54,230,235
3619970,14,10,90,55,208,235
3620171,243,8,128,53,12,236
3620371,250,8,128,55,112,235
3620572,76,10,196,54,60,235
3620772,165,9,7,56,194,235
3620973,24,10,128,54,23,235
3621173,102,9,143,54,245,235
3621374,41,9,128,55,130,236
3621574,200,10,105,54,19,236
3621774,113,8,240,53,72,234
3621975,171,9,22,54,197,236
3622175,134,7,203,54,16,235
3622376,253,8,128,53,201,235
3622576,224,9,188,55,96,237
3622777,49,9,240,53,82,235
3622977,10,9,14,55,169,236
3623178,158,8,136,54,186,235
3623378,56,9,45,55,100,236
3623579,6,8,143,55,19,236
3623779,118,9,22,55,245,235
3623980,41,9,180,54,128,235
3624180,128,8,150,54,144,236
3624381,178,9,106,55,34,236
3624581,125,9,75,56,76,237
3624781,239,9,15,56,100,236
3624982,71,9,240,54,70,236
3625182,33,9,165,55,97,235
3625383,87,9,233,54,130,236
3625583,156,9,52,55,71,236
3625784,194,9,30,55,149,235
3625984,56,9,98,54,186,235
3626185,137,10,120,54,48,236
3626385,77,8,218,54,108,236
3626586,33,9,7,55,188,235
3626786,17,9,106,55,145,236
3626987,254,7,180,55,58,236
3627187,112,8,203,54,44,234
3627388,125,9,172,54,241,236
3627588,236,8,158,54,130,236
3627788,156,9,135,55,142,235
3627989,212,8,113,54,221,236
3628189,230,8,98,55,44,237
3628390,190,8,60,54,19,236
3628590,60,10,120,55,247,235
3628791,145,8,75,55,160,236
3628991,228,8,158,54,227,234
3629192,242,8,0,55,134,235
3629392,48,9,241,53,26,236
3629593,118,9,150,54,127,235
3629793,179,9,98,55,127,235
3629994,171,9,233,53,226,236
3630194,79,9,203,53,94,234
3630395,182,8,196,54,50,236
3630595,171,9,90,54,28,236
3630795,174,8,210,54,46,235
3630996,229,10,75,54,88,236
3631196,236,8,0,55,122,236
3631397,236,8,68,55,74,237
3631597,144,8,165,53,180,235
3631798,68,10,45,57,58,236
3631998,7,10,8,55,72,236
3632199,255,9,82,54,229,237
3632399,21,8,143,54,152,236
3632600,120,8,128,54,28,236
3632800,182,8,158,53,210,235
3633001,2,9,7,54,166,235
3633201,117,9,22,56,130,236
3633402,21,8,98,54,230,235
3633602,18,9,120,54,130,236
3633802,198,10,150,54,217,237
3634003,120,8,68,54,230,235
3634203,166,8,30,55,45,235
3634404,7,10,98,55,164,235
3634604,129,10,90,55,186,235
3634805,113,8,128,54,196,235
3635005,26,9,188,54,0,237
3635206,110,9,90,55,88,236
3635406,56,9,0,55,75,235
3635607,228,8,218,54,114,235
3635807,36,8,8,56,56,236
3636008,110,9,105,55,86,236
3636208,48,9,15,55,134,235
3636409,174,8,218,54,128,237
3636609,48,9,173,54,40,235
3636809,73,9,210,53,223,235
3637010,152,8,166,54,49,236
3637210,102,9,150,54,78,236
3637411,105,8,0,55,212,236
3637611,18,9,173,54,191,236
3637812,236,8,135,55,223,235
3638012,156,9,196,54,112,235
3638213,243,8,30,55,97,235
3638413,113,8,173,53,89,235
3638614,190,8,173,54,174,236
3638814,182,8,202,53,50,236
3639015,125,9,120,54,48,236
3639215,204,8,166,55,108,236
3639415,82,8,142,53,4,236
3639616,98,8,135,53,108,236
3639816,75,8,218,54,164,235
3640017,32,7,22,54,68,235
3640217,66,9,196,55,60,235
3640418,140,9,196,55,208,235
3640618,122,8,38,56,130,236
3640819,182,8,165,54,168,234
3641019,86,9,173,54,162,236
3641220,96,9,150,55,122,236
3641420,166,8,188,55,230,235
3641621,56,9,128,54,86,236
3641821,14,10,195,53,100,236
3642021,159,8,210,54,130,236
3642222,186,9,98,54,13,236
3642422,113,8,218,54,218,235
3642623,120,8,68,55,34,236
3642823,136,8,248,53,108,236
3643024,52,8,150,55,93,236
3643224,68,10,226,54,242,236
3643425,113,8,0,55,241,236
3643625,171,9,128,54,145,236
3643826,18,9,90,55,92,235
3644026,74,8,7,55,23,235
3644227,105,8,44,55,78,236
3644427,198,8,120,54,149,235
3644628,174,8,98,55,48,236
3644828,148,9,82,55,119,235
3645028,214,8,0,54,48,236
3645229,194,9,30,55,146,234
3645429,79,9,52,54,216,235
3645630,36,8,210,54,190,234
3645830,2,9,135,55,238,235
3646031,38,10,172,54,52,237
3646231,224,7,203,54,83,235
3646432,165,9,158,54,126,237
3646632,136,8,120,54,123,236
3646833,10,9,158,54,186,235
3647033,26,9,150,55,197,236
3647234,102,9,22,56,112,235
3647434,82,8,128,55,66,237
3647635,33,9,52,54,102,234
3647835,91,10,128,54,49,236
3648036,37,10,150,53,219,236
3648236,94,9,196,54,222,235
3648436,184,8,90,55,82,235
3648637,27,9,98,55,12,236
3648837,55,10,45,54,64,236
3649038,72,9,173,54,144,236
3649238,204,8,37,54,182,236
3649439,108,10,90,55,26,236
3649639,37,8,158,54,104,237
3649840,220,8,180,55,216,235
3650040,38,10,105,55,226,236
3650241,75,8,234,54,152,236
3650441,120,9,53,54,219,236
3650642,148,9,210,55,1,235
3650842,246,7,150,54,112,235
3651043,125,9,143,54,115,236
3651243,113,8,128,54,53,235
3651444,33,9,203,54,45,235
3651644,236,8,210,54,126,235
3651845,117,9,166,53,0,237
3652045,237,8,218,54,12,236
3652245,210,9,75,55,156,235
3652446,31,8,233,53,241,236
3652646,228,8,135,54,195,235
3652847,117,9,120,54,97,235
3653047,174,8,120,54,0,237
3653248,227,9,38,55,104,237
3653448,125,9,188,53,182,236
3653649,186,9,112,54,41,236
3653849,123,8,45,55,182,236
3654050,211,9,30,55,56,236
3654250,88,9,165,54,100,236
3654451,38,8,150,54,209,235
3654651,38,8,90,54,215,235
3654852,58,9,15,55,126,235
3655052,186,9,188,54,108,236
3655252,42,9,97,54,78,236
3655453,125,9,150,55,34,236
3655653,149,7,60,53,230,235
3655854,132,9,15,55,164,235
3656054,242,9,105,55,71,236
3656255,252,8,232,53,30,237
3656455,199,8,210,54,208,235
3656656,85,10,158,55,208,235
3656856,212,8,38,54,230,235
3657057,90,8,188,54,93,236
3657257,245,8,233,54,49,236
3657458,172,9,150,54,134,235
3657658,112,9,67,54,131,234
3657859,134,9,30,55,86,236
3658059,92,8,75,54,56,236
3658259,182,8,112,55,253,235
3658460,184,8,150,53,164,235
3658660,206,8,218,55,248,236
3658861,46,8,112,55,18,236
3659061,168,8,181,54,171,235
3659262,196,9,60,54,215,235
3659462,142,9,14,55,56,236
3659663,55,10,45,53,93,236
3659863,27,9,218,54,112,235
3660064,168,8,143,54,230,235
3660264,119,9,45,55,49,236
3660465,88,9,7,55,142,235
3660665,200,10,173,55,82,235
3660866,210,7,196,54,230,235
3661066,179,9,90,54,160,236
3661267,56,9,120,53,248,236
3661467,238,7,166,54,31,235
3661667,130,8,158,54,30,237
3661868,27,9,142,55,238,235
3662068,134,9,188,54,115,236
3662269,180,9,226,55,157,235
3662469,204,9,30,56,56,236
3662670,43,9,60,55,193,235
3662870,206,8,240,53,86,236
3663071,73,9,30,54,156,235
3663271,122,8,136,55,186,235
3663472,150,9,248,54,164,235
3663672,147,10,233,55,250,234
3663873,126,7,128,54,34,236
3664073,50,9,97,53,41,236
3664274,20,9,2,55,54,236
3664474,16,8,0,55,74,237
3664675,192,8,203,55,154,234
3664875,85,10,181,55,8,235
3665075,115,8,218,55,8,237
3665276,122,8,203,54,49,236
3665476,64,9,45,56,167,236
3665677,8,8,166,54,156,237
3665877,196,9,180,54,145,236
3666078,126,9,120,54,230,235
3666278,141,7,128,55,26,236
3666479,241,7,188,54,34,236
3666679,88,9,188,53,160,236
3666880,112,9,166,55,82,235
3667080,81,9,22,55,68,235
3667281,111,9,83,54,130,236
3667481,233,7,165,54,212,236
3667681,101,10,128,54,194,235
3667882,245,8,105,55,230,235
3668082,222,8,173,55,30,235
3668283,58,9,2,54,176,237
3668483,158,9,203,54,120,235
3668684,242,9,226,54,252,235
3668884,130,8,241,55,93,236
3669085,203,9,188,54,248,236
3669285,199,8,60,55,201,235
3669486,135,9,98,54,30,237
3669686,245,8,173,53,197,236
3669887,202,7,68,54,241,236
3670087,211,9,203,55,19,236
3670288,100,8,82,55,15,237
3670488,50,9,75,54,189,236
3670689,245,8,0,55,211,236
3670889,81,9,210,54,78,236
3671089,196,9,68,56,137,236
3671290,84,8,248,53,115,236
3671490,203,9,8,55,56,236
3671691,252,8,248,53,8,235
3671891,58,9,188,54,194,235
3672092,20,9,128,55,193,235
3672292,165,9,203,54,16,235
3672493,241,7,241,53,145,236
3672693,129,10,68,56,142,235
3672894,130,8,130,54,239,236
3673094,237,8,32,55,168,237
3673295,158,9,190,54,91,236
3673495,153,8,233,55,12,236
3673696,199,8,113,54,11,236
3673896,8,8,22,55,0,237
3674096,32,10,182,55,72,237
3674297,3,11,90,55,144,236
3674497,219,9,135,54,212,236
3674698,142,9,242,55,158,236
3674898,207,8,242,55,169,235
3675099,158,9,115,55,84,236
3675299,146,8,137,54,184,235
3675500,24,10,98,54,97,235
3675700,13,8,90,55,63,236
3675901,184,10,202,54,97,235
3676101,147,10,122,55,159,234
3676302,196,9,203,55,68,235
3676502,39,10,7,54,126,235
3676703,47,10,150,54,138,236
3676903,237,8,32,55,81,235
3677103,58,9,98,55,245,235
3677304,180,9,203,54,36,237
3677504,230,8,151,54,8,235
3677705,228,8,210,55,208,235
3677905,20,9,210,54,56,236
3678106,122,8,203,53,1,235
3678306,146,8,7,55,123,236
3678507,96,9,45,54,138,236
3678707,42,9,158,55,78,236
3678908,242,9,120,54,148,237
3679108,186,9,60,56,26,236
3679309,230,8,220,54,147,235
3679509,84,8,7,56,152,236
3679710,200,8,190,54,228,235
3679910,180,7,218,54,115,236
3680110,119,9,39,54,158,236
3680311,192,10,105,55,178,235
3680511,230,8,9,55,58,235
3680712,28,9,120,55,66,237
3680912,226,9,0,56,30,237
3681113,13,11,226,53,89,237
3681313,161,8,17,55,35,237
3681514,104,9,240,54,219,236
3681714,16,10,240,53,59,237
3681915,47,10,22,55,64,236
3682115,180,9,122,54,244,235
3682316,4,9,52,55,19,236
3682516,61,8,120,54,207,237
3682716,100,10,30,55,33,236
3682917,89,9,203,54,108,236
3683117,39,10,105,54,108,236
3683318,107,8,52,55,127,235
3683518,226,7,98,55,186,235
3683719,153,8,173,54,253,235
3683919,12,9,52,54,142,235
3684120,27,9,98,54,100,236
3684320,130,8,83,55,253,235
3684521,69,8,75,54,146,234
3684721,238,8,83,54,93,236
3684922,116,10,75,54,119,237
3685122,4,9,128,54,120,235
3685323,146,8,180,54,171,235
3685523,161,8,137,55,17,236
3685723,245,8,112,53,145,236
3685924,38,8,210,53,8,235
3686124,4,9,136,54,219,236
3686325,89,9,128,54,49,236
3686525,112,9,113,54,16,235
3686726,62,10,188,54,0,237
3686926,4,9,67,54,246,235
3687127,142,9,9,55,76,236
3687327,8,8,158,54,208,235
3687528,73,9,135,55,190,234
3687728,12,9,135,55,156,237
3687929,73,9,250,53,240,234
3688129,211,9,234,54,71,236
3688330,130,8,55,56,76,236
3688530,222,8,158,55,219,236
3688730,88,9,107,55,202,236
3688931,89,9,165,55,124,234
3689131,0,10,45,55,100,236
3689332,81,9,75,55,235,234
3689532,180,7,37,54,246,235
3689733,131,10,196,55,215,235
3689933,242,9,180,53,208,235
3690134,209,9,150,54,66,237
3690334,80,9,120,55,182,234
3690535,134,9,114,56,80,235
3690735,81,9,60,54,164,235
3690936,0,8,137,53,8,236
3691136,104,9,45,54,104,235
3691336,12,9,122,54,184,235
3691537,107,8,143,54,183,234
3691737,115,8,248,54,204,236
3691938,226,9,218,55,38,235
3692138,195,9,85,55,172,236
3692339,233,7,44,54,182,236
3692539,134,9,218,54,26,236
3692740,191,8,145,55,12,235
3692940,12,9,205,54,6,237
3693141,132,10,188,54,193,235
3693341,31,8,22,55,178,235
3693542,214,8,137,54,180,236
3693742,8,10,9,55,118,235
3693942,20,9,8,55,182,236
3694143,35,9,173,54,160,236
3694343,130,8,226,55,190,234
3694544,211,9,135,53,90,235
3694744,161,8,233,55,100,236
3694945,115,8,151,55,242,236
3695145,100,10,8,55,156,235
3695346,237,8,152,54,184,235
3695546,214,8,62,54,106,236
3695747,119,9,195,54,145,236
3695947,74,9,82,54,131,234
3696148,230,8,240,53,234,236
3696348,225,7,7,54,171,235
3696549,66,9,188,55,26,236
3696749,199,8,100,55,155,235
3696949,55,10,248,54,148,237
3697150,134,9,92,55,151,236
3697350,20,9,40,55,140,235
3697551,142,9,75,55,12,236
3697751,50,9,38,55,108,236
3697952,245,8,24,55,2,236
3698152,120,9,39,55,10,236
3698353,27,9,175,55,88,235
3698553,196,9,152,54,114,236
3698754,125,9,7,55,30,237
3698954,104,9,210,54,130,236
3699155,50,9,8,54,244,235
3699355,160,8,90,54,52,237
3699556,16,10,75,55,12,236
3699756,88,9,188,55,230,237
3699956,73,9,60,55,242,234
3700157,16,10,85,55,32,236
3700357,230,8,158,53,64,236
3700558,253,8,105,54,226,236
3700758,9,10,226,53,126,237
3700959,248,7,150,54,4,236
3701159,115,8,242,54,173,236
3701360,252,8,128,54,194,235
3701560,168,8,135,54,167,236
3701761,234,9,112,55,152,236
3701961,100,8,128,55,63,236
3702162,146,8,150,55,245,235
3702362,191,8,45,54,89,237
3702562,4,9,112,55,140,237
3702763,180,9,226,54,248,236
3702963,218,7,166,55,189,236
3703164,16,8,9,56,69,236
3703364,176,8,241,54,155,237
3703565,142,9,218,54,59,237
3703765,226,9,182,54,6,237
3703966,35,9,234,54,52,237
3704166,100,8,204,54,110,235
3704367,215,8,150,53,200,237
3704567,123,8,120,55,19,236
3704768,0,8,30,55,115,236
3704968,207,8,248,54,118,237
3705169,238,8,240,54,8,235
3705369,142,9,113,55,130,236
3705570,127,9,203,54,246,235
3705770,119,9,212,55,202,236
3705970,131,10,82,54,41,236
3706171,188,9,135,55,100,236
3706371,35,9,82,54,230,237
3706572,214,8,45,54,248,236
3706772,192,8,37,55,171,235
3706973,69,8,22,55,71,236
3707173,230,8,106,55,212,236
3707374,230,8,45,54,0,237
3707574,173,9,37,55,219,236
3707775,80,9,143,56,141,235
3707975,134,9,196,53,253,235
3708176,19,9,218,54,11,236
3708376,222,8,136,54,238,235
3708577,12,9,166,54,23,235
3708777,35,9,120,54,205,234
3708977,214,8,82,54,208,235
3709178,161,8,112,55,100,236
3709378,238,8,150,54,164,235
3709579,249,9,195,54,138,234
3709779,207,8,235,53,244,235
3709980,32,10,210,55,122,236
3710180,65,9,45,54,71,236
3710381,241,9,152,55,72,237
3710581,62,10,114,54,187,236
3710782,20,9,212,54,139,237
3710982,73,9,75,55,68,235
3711182,240,7,122,54,207,235
3711383,108,8,243,55,214,235
3711583,4,9,8,55,34,236
3711784,100,8,203,53,167,236
3711984,108,10,53,54,164,235
3712185,50,9,210,54,167,236
3712385,207,8,0,55,1,235
3712586,187,7,113,54,41,236
3712786,96,9,210,53,223,235
3712987,96,9,70,54,80,237
3713187,207,8,45,54,204,236
3713388,238,8,53,54,249,236
3713588,176,8,92,55,229,235
3713788,84,8,241,53,171,235
3713989,191,8,70,55,66,235
3714189,219,9,24,56,62,236
3714390,173,9,44,54,130,236
3714590,47,10,1,55,124,235
3714791,199,8,190,54,239,236
3714991,222,8,54,55,66,235
3715192,146,8,159,54,46,236
3715392,200,8,182,54,214,235
3715593,202,7,62,55,143,236
3715793,180,9,92,54,168,237
3715994,173,9,227,54,122,234
3716194,116,10,22,56,33,236
3716395,20,9,188,55,186,235
3716595,126,9,108,55,118,235
3716795,160,8,137,54,166,234
3716996,218,7,188,54,37,237
3717196,78,10,2,55,150,236
3717397,153,8,165,54,216,235
3717597,253,8,32,55,36,237
3717798,199,8,15,55,15,237
3717998,245,8,54,54,150,236
3718199,84,8,142,55,102,234
3718399,134,9,9,54,138,237
3718600,180,9,16,55,180,236
3718800,4,9,218,53,227,234
3719001,184,8,68,54,112,235
3719201,16,10,240,54,142,235
3719402,54,10,75,55,64,236
3719602,196,9,205,54,80,237
3719802,39,10,122,54,229,235
3720003,249,9,165,54,15,235
3720203,242,9,82,55,159,236
3720404,237,8,242,53,132,235
3720604,184,8,211,54,134,235
3720805,96,9,250,55,103,235
3721005,30,8,60,54,4,236
3721206,70,10,160,55,136,236
3721406,5,11,135,55,230,235
3721607,126,7,212,54,69,236
3721807,61,8,107,54,173,236
3722008,12,9,130,55,72,237
3722208,69,8,197,54,60,236
3722408,180,9,235,54,210,236
3722609,4,9,204,54,6,237
3722809,166,9,84,55,72,235
3723010,27,9,62,55,69,236
3723210,104,9,47,55,38,236
3723411,61,8,175,54,137,234
3723611,24,10,167,54,218,237
3723812,47,10,92,55,6,237
3724012,114,8,77,55,93,237
3724213,230,8,228,54,6,235
3724413,238,8,167,54,43,237
3724614,12,9,130,54,24,236
3724814,253,8,197,53,239,236
3725015,122,8,84,55,216,236
3725215,138,8,122,54,24,236
3725415,122,8,205,54,101,235
3725616,187,7,54,55,128,236
3725816,50,9,24,54,104,236
3726017,50,9,227,54,76,236
3726217,195,9,212,53,16,236
3726418,4,9,122,55,136,236
3726618,58,9,213,54,204,235
3726819,12,9,160,54,228,237
3727019,52,9,167,54,80,236
3727220,78,10,16,55,20,237
3727420,252,8,16,55,224,236
3727621,146,8,24,54,116,235
3727821,32,10,84,55,186,236
3728022,39,10,226,54,68,235
3728222,13,11,120,55,163,237
3728423,82,8,218,53,7,237
3728623,250,9,70,54,76,236
3728823,144,8,173,54,68,235
3729024,96,9,218,53,45,235
3729224,104,9,40,56,222,235
3729425,165,9,198,54,106,236
3729625,74,9,205,53,220,235
3729826,160,8,82,54,66,237
3730026,54,10,205,55,213,237
3730227,122,8,205,55,229,235
3730427,188,7,198,55,176,237
3730628,244,6,130,54,192,235
3730828,54,10,135,54,100,236
3731029,8,10,128,54,168,236
3731229,150,9,15,56,30,235
3731430,1,10,168,54,184,235
3731630,238,8,205,55,73,235
3731831,214,8,90,55,201,235
3732031,12,9,188,53,26,236
3732231,27,9,120,55,220,234
3732432,180,9,128,55,208,235
3732632,172,7,203,55,245,235
3732833,62,10,90,54,242,234
3733033,149,7,52,54,63,236
3733234,245,8,122,55,24,236
3733434,42,9,226,53,93,236
3733635,54,8,150,54,186,235
3733835,226,9,173,55,16,235
3734036,70,8,220,54,147,235
3734236,58,9,107,55,98,236
3734437,146,8,180,54,226,236
3734637,253,8,196,53,127,235
3734837,119,9,135,55,204,236
3735038,108,10,70,55,165,236
3735238,43,9,226,54,118,237
3735439,35,9,90,55,130,236
3735639,230,8,180,55,167,236
3735840,214,8,203,54,52,237
3736040,150,9,105,54,100,236
3736241,238,8,240,55,127,235
3736441,126,7,165,54,11,236
3736642,96,9,196,55,123,236
3736842,184,8,68,55,19,236
3737043,130,8,37,54,63,236
3737243,4,9,30,55,242,234
3737444,188,9,120,54,16,235
3737644,1,10,218,54,212,236
3737844,173,9,120,54,215,235
3738045,145,8,113,55,219,236
3738245,242,9,30,54,149,235
3738446,134,9,248,54,194,235
3738646,28,9,241,54,194,235
3738847,85,10,210,54,230,235
3739047,84,8,248,54,30,237
3739248,115,8,120,55,216,235
3739448,78,10,204,55,220,234
3739649,138,8,180,55,238,235
3739849,131,10,136,54,250,234
3740050,196,9,203,54,12,236
3740250,222,8,203,54,101,234
3740450,43,9,143,53,108,236
3740651,237,8,120,54,82,235
3740851,73,9,62,55,236,235
3741052,4,9,105,54,41,236
3741252,89,9,180,54,27,236
3741453,154,10,135,54,112,235
3741653,104,9,38,55,156,235
3741854,120,9,198,54,7,235
3742054,92,8,113,54,108,236
3742255,54,8,128,54,116,236
3742455,135,9,52,55,208,235
3742656,96,9,52,54,78,236
3742856,245,8,45,55,161,234
3743056,74,9,7,54,37,237
3743257,200,10,0,55,122,236
3743457,188,9,173,55,134,235
3743658,136,8,0,55,119,235
3743858,164,7,128,54,24,235
3744059,64,9,158,55,253,235
3744259,211,9,158,54,208,235
3744460,66,9,188,55,48,236
3744660,90,8,248,54,216,235
3744861,144,8,8,54,0,237
3745061,72,9,68,54,216,235
3745262,211,9,15,55,238,235
3745462,49,9,226,55,96,237
3745663,69,8,105,55,178,235
3745863,35,9,15,56,219,236
3746064,202,9,165,55,4,236
3746264,18,9,143,55,174,236
3746464,253,8,67,53,134,235
3746665,199,8,45,55,208,235
3746865,102,9,98,55,19,236
3747066,87,9,105,54,96,237
3747266,10,9,30,55,56,236
3747467,78,10,150,54,123,236
3747667,35,9,15,56,230,235
3747868,73,9,173,55,23,235
3748068,147,10,196,54,130,236
3748269,181,9,142,54,18,236
3748469,88,9,175,53,99,236
3748670,23,8,143,54,223,235
3748870,127,9,188,54,42,234
3749071,142,9,83,54,63,236
3749271,73,9,75,54,14,237
3749471,243,8,75,54,68,235
3749672,249,9,188,55,112,235
3749872,48,9,128,54,0,237
3750073,62,10,83,54,189,236
3750273,28,8,82,54,41,236
3750474,42,9,98,54,179,235
3750674,33,9,196,56,205,234
3750875,100,8,135,55,48,236
3751075,16,8,14,54,157,235
3751276,153,8,0,55,52,237
3751476,104,9,150,55,226,236
3751677,140,9,180,55,183,234
3751877,54,10,226,55,235,234
3752078,130,8,14,54,86,236
3752278,119,9,38,54,142,235
3752478,81,9,225,54,190,236
3752679,50,9,106,54,250,234
3752879,92,8,60,55,138,236
3753080,196,9,98,55,122,236
3753280,160,8,211,54,149,235
3753481,203,9,218,53,231,235
3753681,206,8,2,56,95,235
3753882,72,7,195,54,193,235
3754082,191,8,22,55,253,235
3754283,122,8,90,56,78,236
3754483,65,9,52,56,201,235
3754684,28,9,22,54,111,237
3754884,74,9,40,54,202,236
3755085,96,9,15,56,194,235
3755285,50,9,105,55,131,234
3755485,145,8,83,55,41,236
3755686,108,10,168,55,24,238
3755886,196,9,218,54,45,235
3756087,184,8,22,55,122,236
3756287,108,10,127,55,89,237
3756488,226,7,158,55,12,236
3756688,4,9,166,54,26,236
3756889,225,7,52,54,100,236
3757089,167,8,135,54,0,237
3757290,27,9,45,55,90,235
3757490,104,9,128,54,168,234
3757690,15,8,105,54,201,235
3757891,225,7,60,54,236,237
3758091,16,8,248,53,245,235
3758292,222,8,60,55,19,236
3758492,172,9,158,54,228,234
3758693,161,8,7,55,223,235
3758893,222,8,218,55,189,236
3759094,146,8,15,55,78,236
3759294,190,8,105,54,190,234
3759495,202,9,158,55,31,235
3759695,164,7,7,55,53,235
3759896,138,8,15,55,15,237
3760096,111,9,232,54,238,235
3760296,159,8,218,54,86,236
3760497,88,9,158,53,176,234
3760697,196,9,180,54,182,236
3760898,20,9,143,56,222,237
3761098,251,8,60,55,127,235
3761299,33,9,195,53,4,236
3761499,226,9,38,55,29,237
3761700,60,8,60,55,249,236
3761900,237,8,7,55,198,234
3762101,35,9,75,55,64,236
3762301,225,9,60,54,204,236
3762502,243,8,105,55,241,236
3762702,142,9,98,54,126,237
3762903,190,8,67,55,186,235
3763103,117,9,82,54,60,235
3763304,157,9,210,54,56,236
3763504,43,9,220,53,166,236
3763704,64,9,211,54,152,236
3763905,52,8,226,55,198,234
3764105,232,9,180,53,216,235
3764306,179,9,30,54,22,237
3764506,25,9,90,54,30,235
3764707,251,8,196,54,160,236
3764907,113,8,218,55,171,235
3765108,204,8,218,54,108,236
3765308,147,7,248,54,231,235
3765509,44,8,203,55,108,236
3765709,194,7,14,55,26,236
3765910,253,8,75,54,38,235
3766110,238,7,0,55,26,236
3766311,180,9,180,54,138,236
3766511,86,9,30,54,12,236
3766711,230,8,210,55,204,236
3766912,163,9,60,55,226,236
3767112,204,9,173,55,122,236
3767313,150,9,158,54,19,236
3767513,70,10,203,53,50,234
3767714,140,7,226,53,226,236
3767914,196,9,113,54,156,235
3768115,214,8,30,55,152,236
3768315,232,9,218,55,245,235
3768516,122,8,173,54,112,235
3768716,176,8,90,54,41,236
3768917,20,9,22,54,212,236
3769117,23,8,30,55,137,236
3769317,207,8,218,54,183,234
3769518,100,8,241,54,67,235
3769718,107,8,226,55,70,236
3769919,1,10,77,53,76,236
3770119,26,9,180,53,0,237
3770320,92,10,180,54,172,235
3770520,22,10,29,54,52,237
3770721,184,8,165,55,228,234
3770921,113,8,7,55,196,236
3771122,239,7,248,54,68,235
3771322,132,7,151,54,174,236
3771523,44,8,52,55,53,235
3771723,107,8,166,54,149,235
3771923,115,8,105,54,8,235
3772124,138,8,30,56,204,236
3772324,154,10,240,53,164,235
3772525,113,8,15,54,93,236
3772725,138,8,30,55,142,235
3772926,31,8,67,55,216,235
3773126,224,9,8,54,12,236
3773327,230,8,142,55,148,237
3773527,243,8,90,55,45,235
3773728,142,9,218,55,220,234
3773928,202,9,226,54,142,235
3774129,33,9,113,54,197,236
3774329,12,9,136,56,108,236
3774530,184,8,0,54,189,236
3774730,119,9,158,53,74,237
3774930,86,9,128,56,179,235
3775131,188,9,203,55,41,236
3775331,84,8,195,54,186,235
3775532,78,10,172,54,211,236
3775732,244,8,22,55,76,235
3775933,146,8,120,54,208,235
3776133,94,9,68,55,116,236
3776334,100,10,128,55,209,235
3776534,176,8,52,55,234,236
3776735,218,9,68,55,238,235
3776935,84,8,90,55,211,236
3777136,6,10,241,54,143,235
3777336,26,9,38,55,97,235
3777537,4,9,248,54,104,237
3777737,161,8,105,54,152,236
3777937,159,8,210,55,212,234
3778138,123,8,0,54,204,236
3778338,119,9,0,54,56,236
3778539,120,9,240,53,148,237
3778739,58,9,8,55,223,235
3778940,245,8,75,54,115,236
3779140,119,9,7,56,100,236
3779341,158,9,75,54,112,235
3779541,17,9,173,54,160,236
3779742,228,8,60,54,149,235
3779942,105,8,105,56,4,236
3780143,254,7,15,54,134,235
3780343,138,8,98,54,56,236
3780544,22,10,150,55,196,236
3780744,64,9,68,55,146,234
3780944,231,7,82,53,208,235
3781145,89,9,0,55,98,235
3781345,93,10,150,54,41,236
3781546,94,9,37,55,252,237
3781746,30,10,136,54,191,234
3781947,84,10,75,54,110,236
3782147,159,8,7,55,86,236
3782348,18,9,60,55,156,235
3782548,147,7,30,54,30,235
3782749,144,8,135,55,208,235
3782949,24,10,22,55,115,236
3783150,102,9,166,54,86,236
3783350,232,9,158,54,115,236
3783551,248,9,226,54,190,234
3783751,159,8,75,54,86,236
3783951,114,8,240,54,223,235
3784152,230,8,135,54,71,236
3784352,108,10,30,54,101,236
3784553,12,9,203,53,34,236
3784753,205,8,52,55,211,236
3784954,228,8,60,55,208,235
3785154,165,9,90,54,126,237
3785355,10,9,195,54,1,235
3785555,158,9,90,55,122,236
3785756,174,8,180,54,208,235
3785956,248,9,37,55,119,235
3786157,220,8,150,54,241,236
3786357,202,9,135,53,141,235
3786558,48,9,136,54,152,236
3786758,30,10,173,54,37,237
3786958,26,9,180,54,19,236
3787159,32,10,173,54,138,236
3787359,8,8,241,54,138,234
3787560,18,9,173,55,142,235
3787760,76,8,188,55,26,236
3787961,56,9,188,54,247,235
3788161,156,9,60,54,49,236
3788362,197,8,196,54,116,236
3788562,79,9,210,55,4,236
3788763,220,8,128,55,64,236
3788963,12,9,233,53,174,236
3789164,205,8,218,54,219,236
3789364,12,9,226,54,34,236
3789565,76,10,225,54,170,237
3789765,14,8,226,54,241,236
3789965,33,9,44,54,126,235
3790166,7,8,218,54,100,236
3790366,48,10,210,53,145,236
3790567,228,8,90,55,67,235
3790767,79,9,15,55,186,235
3790968,25,9,75,54,224,235
3791168,178,9,128,55,34,236
3791369,110,9,150,54,12,236
3791569,2,9,128,54,30,237
3791770,166,8,22,54,246,235
3791970,7,10,82,55,90,235
3792171,45,10,75,55,104,237
3792371,182,8,8,55,121,235
3792572,110,9,113,55,40,235
3792772,34,9,45,55,102,236
3792972,117,9,60,55,8,235
3793173,161,8,112,54,0,237
3793373,26,9,226,54,246,235
3793574,35,9,143,55,30,235
3793774,182,8,98,54,89,237
3793975,197,8,98,55,10,238
3794175,151,8,158,54,116,236
3794376,174,8,241,54,34,236
3794576,113,8,204,56,155,234
3794777,106,10,143,54,25,235
3794977,186,9,98,55,99,235
3795177,94,9,233,54,170,237
3795378,105,8,98,54,8,237
3795578,45,10,38,55,186,235
3795779,55,10,166,55,119,235
3795979,26,9,226,54,180,235
3796180,250,8,233,55,190,236
3796380,68,10,143,55,89,237
3796581,94,9,60,55,117,236
3796781,56,9,112,54,161,236
3796982,144,8,120,54,192,236
3797182,56,9,37,55,28,236
3797383,171,9,90,54,254,235
3797583,145,10,226,53,134,235
3797784,248,9,30,55,97,235
3797984,28,8,165,54,107,235
3798184,209,9,82,54,219,236
3798385,228,8,195,54,4,236
3798585,228,8,105,54,19,236
3798786,48,9,218,54,162,236
3798986,115,8,30,55,183,234
3799187,148,9,210,54,219,236
3799387,41,9,143,54,63,236
3799588,133,9,143,55,70,236
3799788,79,9,38,54,116,236
3799989,186,9,165,53,78,236
3800189,254,7,82,55,9,237
3800390,18,9,68,54,12,236
3800590,68,10,135,53,2,237
3800791,210,9,0,54,213,236
3800991,36,8,165,54,226,236
3801192,243,8,30,55,138,236
3801392,189,8,60,55,117,236
3801592,25,9,98,55,140,236
3801793,48,9,143,54,253,235
3801993,71,9,218,54,4,236
3802194,22,10,210,54,232,235
3802394,239,7,203,54,26,236
3802595,151,8,166,55,87,236
3802795,21,8,0,55,7,237
3802996,129,10,240,54,149,235
3803196,217,9,181,56,84,235
3803397,110,9,38,55,164,235
3803597,7,10,68,55,193,235
3803798,185,7,68,56,130,236
3803998,208,7,196,54,244,234
3804198,64,9,188,54,48,236
3804399,90,8,166,55,34,236
3804599,220,8,90,55,134,235
3804800,91,10,0,54,50,236
3805000,128,8,75,54,200,235
3805201,164,9,38,53,184,236
3805401,239,7,180,53,46,237
3805602,231,7,112,54,41,236
3805802,91,10,188,54,80,236
3806003,79,9,30,55,189,236
3806203,102,9,211,54,75,235
3806404,55,7,128,54,113,237
3806604,174,8,105,54,90,235
3806805,117,9,120,54,92,235
3807005,205,8,30,54,246,235
3807205,10,9,128,54,54,237
3807406,162,7,166,55,41,236
3807606,33,9,8,55,98,237
3807807,197,8,105,55,132,236
3808007,64,9,218,54,122,236
3808208,158,8,7,54,66,234
3808408,164,9,120,54,160,236
3808609,48,9,67,54,162,234
3808809,67,8,0,54,50,236
3809010,152,8,188,55,218,235
3809210,113,8,75,54,220,236
3809411,228,8,75,54,184,236
3809611,190,8,143,54,158,235
3809812,136,8,52,54,244,234
3810012,113,8,180,54,26,236
3810212,151,8,60,54,222,234
3810413,156,9,158,55,248,236
3810613,254,7,128,55,6,236
3810814,64,9,83,54,235,234
3811014,236,8,226,54,117,236
3811215,217,9,188,55,56,236
3811415,10,9,128,54,215,237
3811616,219,9,188,52,74,237
3811816,156,9,82,55,208,235
3812017,224,9,105,54,182,236
3812217,136,8,90,54,2,237
3812418,217,9,181,53,93,236
3812618,94,9,188,54,144,235
3812819,151,8,166,54,220,234
3813019,205,8,0,54,250,236
3813219,186,9,174,55,166,235
3813420,14,8,45,54,243,236
3813620,170,7,218,54,110,236
3813821,64,9,173,54,188,235
3814021,148,9,210,54,19,236
3814222,102,9,218,53,38,235
3814422,6,8,38,54,119,235
3814623,148,9,105,54,143,235
3814823,52,8,90,56,83,237
3815024,76,10,90,54,117,236
3815224,36,8,60,54,95,236
3815425,194,9,143,55,188,235
3815625,190,8,202,54,50,236
3815826,243,8,173,55,240,235
3816026,94,9,7,54,173,235
3816227,64,9,68,56,114,235
3816427,228,8,158,55,232,235
3816627,186,9,241,54,208,235
3816828,68,10,248,53,187,233
3817028,113,8,234,56,191,236
3817229,110,9,67,54,66,236
3817429,10,9,150,54,54,237
3817630,61,10,195,54,32,235
3817830,94,9,68,55,95,236
3818031,116,7,135,53,18,235
3818231,205,8,60,54,196,236
3818432,125,9,75,54,34,236
3818632,182,8,120,55,218,235
3818833,144,8,150,55,162,236
3819033,251,8,143,54,216,235
3819233,67,8,22,55,132,236
3819434,201,9,173,53,189,236
3819634,98,8,226,54,83,237
3819835,3,9,234,55,10,235
3820035,79,9,90,54,232,235
3820236,10,9,233,54,140,236
3820436,136,8,120,54,121,235
3820637,40,9,226,52,58,236
3820837,164,9,196,54,213,236
3821038,110,9,68,54,154,236
3821238,172,9,7,55,246,235
3821439,151,8,0,56,115,236
3821639,213,8,0,56,34,236
3821839,22,10,226,55,110,236
3822040,28,8,30,56,206,236
3822240,48,9,135,54,132,236
3822441,21,8,67,54,41,236
3822641,110,9,128,53,36,236
3822842,140,9,241,55,113,237
3823042,14,8,173,54,248,236
3823243,205,8,0,54,202,235
3823443,209,9,45,54,134,235
3823644,118,9,165,53,224,235
3823844,87,9,196,54,36,236
3824045,148,9,233,55,202,235
3824245,13,8,203,54,84,235
3824446,44,8,30,55,43,236
3824646,182,8,173,55,202,235
3824847,106,8,22,54,28,236
3825047,182,8,136,55,43,236
3825247,231,7,75,55,58,236
3825448,94,9,226,54,90,235
3825648,67,8,203,54,141,237
3825849,251,8,22,55,154,236
3826049,212,8,128,54,132,236
3826250,159,8,68,55,221,236
3826450,14,10,210,54,37,237
3826651,72,9,112,55,117,236
3826851,202,9,83,55,65,236
3827052,197,8,196,54,80,236
3827252,10,9,173,54,77,235
3827453,174,8,82,55,65,236
3827653,255,9,8,56,20,236
3827854,214,10,68,56,9,237
3828054,21,8,90,56,162,236
3828255,174,8,233,54,65,236
3828455,41,9,90,53,86,236
3828655,105,8,38,54,203,235
3828856,232,9,15,54,214,236
3829056,120,8,166,55,32,235
3829257,213,10,158,54,98,235
3829457,13,8,203,53,32,237
3829658,64,9,52,55,240,235
3829858,159,8,150,54,151,235
3830059,148,9,52,55,34,236
3830259,120,8,22,54,158,235
3830460,246,7,105,55,247,235
3830660,189,8,128,55,155,234
3830861,56,9,68,55,215,235
3831061,10,9,158,54,102,236
3831262,64,9,188,54,95,236
3831462,247,9,165,55,95,236
3831662,186,9,128,54,3,235
3831863,220,8,181,55,232,235
3832063,48,9,37,55,77,235
3832264,251,8,90,54,117,236
3832464,217,9,75,54,162,236
3832665,6,8,135,53,129,235
3832865,102,9,248,53,211,236
3833066,98,10,248,55,65,236
3833266,217,9,8,54,176,236
3833467,117,9,30,54,17,237
3833667,60,8,52,54,198,236
3833867,11,11,120,54,255,235
3834068,48,9,136,55,196,235
3834268,140,9,165,54,196,235
3834469,110,9,98,55,246,235
3834669,40,9,30,55,162,236
3834870,212,8,98,55,220,236
3835070,220,8,143,54,6,236
3835271,151,8,241,54,48,235
3835471,48,9,135,55,125,234
3835672,224,9,120,54,154,236
3835872,86,7,7,55,18,235
3836073,197,8,196,55,203,235
3836273,14,10,143,54,217,235
3836473,102,9,98,54,224,235
3836674,163,9,90,55,114,235
3836874,29,8,166,54,135,237
3837075,56,9,136,54,12,236
3837275,224,9,52,52,164,235
3837476,144,8,15,55,232,235
3837676,214,10,241,54,166,235
3837877,201,7,98,54,73,236
3838077,228,8,7,55,36,236
3838278,10,9,52,54,235,236
3838478,18,9,0,56,92,235
3838679,208,7,218,53,132,236
3838879,251,8,158,55,203,235
3839080,205,8,195,54,176,236
3839280,228,8,120,54,148,234
3839480,212,8,218,55,151,235
3839681,60,8,248,53,225,235
3839881,240,9,52,55,184,236
3840082,86,9,158,53,73,236
3840282,160,10,180,55,221,236
3840483,136,8,196,53,120,235
3840683,21,8,158,55,142,237
3840884,2,9,150,54,179,235
3841084,33,9,8,55,12,236
3841285,125,9,181,56,28,236
3841485,36,8,203,54,1,235
3841686,90,8,218,54,208,235
3841886,10,9,180,55,223,235
3842087,251,8,105,55,230,236
3842287,91,10,67,55,169,236
3842488,52,8,15,55,2,237
3842688,33,9,173,54,2,237
3842888,120,8,248,54,121,235
3843089,193,7,203,55,0,237
3843289,6,10,15,55,206,236
3843490,79,9,75,55,147,236
3843690,76,10,7,55,43,236
3843891,148,9,248,53,43,236
3844091,79,9,45,55,58,236
3844292,148,9,60,54,109,236
3844492,82,8,210,54,240,235
3844693,113,8,128,55,201,235
3844893,205,8,98,54,184,236
3845094,102,9,172,54,105,237
3845294,82,8,180,53,128,237
3845495,30,10,136,54,184,236
3845695,190,10,234,54,202,235
3845896,224,9,218,53,6,236
3846096,33,9,30,55,173,235
3846296,167,8,22,55,80,236
3846497,87,9,135,54,151,235
3846697,248,9,68,55,244,234
3846898,125,9,105,54,62,235
3847098,244,8,98,54,203,235
3847299,118,9,38,55,225,235
3847499,186,9,67,55,168,236
3847700,22,8,7,55,195,235
3847900,2,9,22,55,186,235
3848101,110,9,75,55,120,235
3848301,102,9,0,54,247,235
3848502,95,11,90,54,62,235
3848702,185,7,45,55,166,235
3848903,163,9,233,54,199,236
3849103,236,8,128,55,90,237
3849303,52,8,0,55,196,235
3849504,159,8,240,54,191,236
3849704,232,7,241,54,66,236
3849905,56,9,188,54,248,235
3850105,166,8,143,54,129,235
3850306,232,9,90,55,248,235
3850506,2,9,83,54,181,235
3850707,189,8,196,53,95,236
3850907,140,9,0,55,221,236
3851108,109,7,75,55,125,236
3851308,22,10,180,54,206,236
3851509,90,8,203,54,165,237
3851709,171,9,188,54,129,235
3851910,110,9,128,54,232,235
3852110,243,8,218,55,213,236
3852310,214,10,113,54,109,236
3852511,148,9,188,55,102,236
3852711,75,8,135,54,42,236
3852912,232,9,90,55,244,234
3853112,125,9,188,54,166,235
3853313,118,9,180,55,228,236
3853513,33,9,128,54,232,235
3853714,163,9,0,55,158,235
3853914,140,9,75,54,65,236
3854115,45,10,196,55,124,236
3854315,74,8,158,54,206,236
3854516,205,8,136,55,196,235
3854716,48,9,166,55,58,236
3854917,33,9,104,54,195,235
3855117,236,8,105,54,232,235
3855318,125,9,210,55,234,233
3855518,140,9,60,55,122,235
3855718,113,8,173,55,194,235
3855919,103,11,181,54,65,236
3856119,56,9,76,54,176,236
3856320,239,7,173,55,12,236
3856520,240,9,30,54,6,236
3856721,246,7,135,55,240,235
3856921,10,9,128,54,195,235
3857122,220,8,172,53,56,236
3857322,152,8,105,55,73,236
3857523,152,10,22,55,240,235
3857723,87,9,158,54,50,236
3857923,156,9,233,54,141,236
3858124,251,8,233,54,199,234
3858324,67,8,52,54,151,235
3858525,217,9,196,53,110,236
3858725,94,9,180,54,240,235
3858926,64,9,166,54,6,236
3859126,113,8,166,55,119,235
3859327,178,7,173,54,225,235
3859527,224,9,240,54,151,235
3859728,82,8,22,55,159,235
3859928,118,9,52,55,124,236
3860129,186,9,38,55,122,236
3860329,26,9,180,54,250,236
3860529,122,10,37,54,80,236
3860730,148,9,173,55,158,235
3860930,48,9,75,56,162,236
3861131,133,9,188,55,248,235
3861331,98,8,120,54,175,235
3861532,243,8,60,54,225,235
3861732,244,8,0,56,176,236
3861933,76,10,188,54,24,237
3862133,186,9,203,55,195,235
3862334,117,9,112,53,68,237
3862534,212,8,248,53,35,236
3862735,255,9,248,54,15,234
3862935,130,10,113,55,181,235
3863136,101,7,173,55,156,234
3863336,94,9,173,55,180,235
3863537,6,8,202,54,28,236
3863737,204,8,60,55,235,236
3863937,75,8,112,54,199,234
3864138,232,9,226,53,198,234
3864338,30,10,75,54,10,235
3864539,205,8,210,55,28,236
3864739,197,8,22,55,218,235
3864940,133,9,150,54,18,235
3865140,60,10,37,56,71,236
3865341,243,8,226,53,90,237
3865541,28,8,120,55,178,235
3865742,248,9,97,54,18,235
3865942,212,8,233,55,181,235
3866143,167,8,135,54,147,236
3866343,132,9,30,55,204,236
3866543,190,8,38,55,42,236
3866744,136,8,218,53,191,236
3866944,174,8,30,55,213,236
3867145,151,8,218,55,8,235
3867345,219,6,128,55,254,235
3867546,26,9,188,54,254,235
3867746,52,10,7,55,83,237
3867947,144,8,52,55,240,235
3868147,148,9,22,55,218,235
3868348,84,10,150,54,140,236
3868548,178,9,98,55,158,235
3868749,25,9,135,55,240,235
3868949,255,9,248,55,210,235
3869150,128,8,248,53,184,236
3869350,13,8,135,54,135,237
3869550,167,8,22,54,114,235
3869751,36,8,14,55,176,236
3869951,86,9,248,54,176,236
3870152,197,8,210,54,191,236
3870352,75,8,60,54,132,236
3870553,56,9,218,54,136,235
3870753,205,8,37,54,90,235
3870954,2,9,0,55,197,236
3871154,236,8,90,55,236,236
3871355,155,7,75,54,191,236
3871555,208,7,53,55,72,236
3871756,2,9,203,53,218,235
3871956,79,9,98,55,58,236
3872156,198,8,188,54,195,235
3872357,2,9,226,54,124,236
3872557,174,8,0,55,18,235
3872758,106,8,113,55,70,235
3872958,18,9,142,54,243,236
3873159,166,8,45,55,199,236
3873359,140,9,166,55,194,237
3873560,48,9,196,54,245,235
3873760,247,9,218,54,227,234
3873961,186,9,188,54,248,235
3874161,128,8,75,55,151,235
3874362,185,7,45,55,72,236
3874562,220,8,8,55,76,237
3874763,30,10,210,54,146,236
3874963,248,9,30,55,113,237
3875164,243,8,30,54,98,237
3875364,182,8,128,55,2,237
3875564,95,11,233,54,79,238
3875765,22,10,7,55,39,237
3875965,205,8,188,54,166,235
3876166,140,9,45,55,206,236
3876366,205,8,120,55,158,235
3876567,41,9,240,54,236,236
3876767,56,9,120,54,36,236
3876968,159,8,203,53,6,236
3877168,236,8,23,55,16,237
3877369,225,9,188,54,158,235
3877569,151,8,226,53,154,236
3877770,102,9,15,55,254,235
3877970,248,9,180,55,184,236
3878171,224,9,173,54,218,235
3878371,56,9,53,55,218,235
3878571,178,9,233,54,80,236
3878772,250,8,128,55,46,237
3878972,251,8,120,55,32,235
3879173,29,8,203,54,73,236
3879373,75,8,158,54,2,235
3879574,186,9,240,55,198,236
3879774,171,9,97,53,76,237
3879975,212,8,112,54,191,236
3880175,193,7,196,54,248,235
3880376,174,8,106,55,66,234
3880576,224,7,248,54,88,234
3880777,250,8,150,55,114,235
3880977,114,10,82,54,214,236
3881177,33,9,248,54,92,235
3881378,228,8,128,54,246,234
3881578,21,8,7,55,203,235
3881779,225,9,248,54,88,236
3881979,26,9,15,56,198,236
3882180,63,9,233,54,66,236
3882380,217,9,188,54,176,236
3882581,2,9,210,53,6,236
3882781,68,10,234,53,236,236
3882982,30,10,240,54,206,236
3883182,160,10,143,53,214,236
3883383,194,9,7,55,166,235
3883583,10,9,240,54,16,237
3883784,164,9,75,55,28,236
3883984,71,9,90,55,36,236
3884184,186,9,135,55,176,236
3884385,232,9,180,54,72,236
3884585,79,9,226,55,187,237
3884786,86,9,143,53,170,234
3884986,18,9,218,53,74,234
3885187,178,9,45,54,240,235
3885387,48,9,165,54,16,236
3885588,224,9,90,55,24,235
3885788,18,9,180,54,72,236
3885989,60,10,151,55,6,236
3886189,22,10,68,56,230,235
3886390,174,8,143,55,124,236
3886590,75,8,150,55,173,235
3886791,166,8,218,54,25,235
3886991,179,9,37,56,231,237
3887192,18,9,106,55,202,235
3887392,136,8,128,54,158,235
3887592,121,8,120,53,169,236
3887793,182,8,203,55,14,236
3887993,148,9,60,54,184,236
3888194,18,9,226,52,240,235
3888394,224,9,195,55,178,236
3888595,52,10,120,53,65,236
3888795,248,9,248,54,240,235
3888996,236,8,180,54,169,236
3889196,174,8,233,54,106,235
3889397,204,8,113,55,228,236
3889597,87,9,143,55,184,236
3889798,106,8,188,55,28,236
3889998,76,10,218,54,140,236
3890198,151,8,22,55,200,236
3890399,209,9,60,55,61,237
3890599,202,9,248,53,221,236
3890800,75,10,0,56,168,235
3891000,44,8,166,54,230,236
3891201,163,9,52,54,174,237
3891401,125,9,82,54,173,235
3891602,87,9,173,54,18,235
3891802,174,8,105,54,68,236
3892003,64,9,203,54,16,237
3892203,64,9,165,54,198,236
3892404,174,8,135,55,32,237
3892604,132,9,90,54,17,236
3892805,144,8,15,57,243,236
3893005,154,7,150,54,152,237
3893205,14,10,218,54,103,234
3893406,110,9,45,55,9,237
3893606,49,9,166,55,173,235
3893807,162,7,75,54,56,238
3894007,59,8,90,55,47,235
3894208,125,9,67,55,40,235
3894408,52,8,90,55,146,236
3894609,18,9,60,54,154,236
3894809,251,8,210,55,166,235
3895010,209,9,173,55,28,236
3895210,105,8,248,54,228,236
3895411,117,9,30,55,123,235
3895611,110,9,68,55,50,236
3895811,105,8,226,54,92,235
3896012,86,9,8,55,142,237
3896212,251,8,173,54,95,236
3896413,178,9,53,54,6,236
3896613,182,8,150,55,46,237
3896814,125,9,233,55,32,237
3897014,170,7,135,55,91,237
3897215,109,7,45,56,197,235
3897415,220,8,60,54,236,236
3897616,224,7,240,53,132,234
3897816,164,9,113,54,222,234
3898017,155,9,90,55,117,236
3898217,72,9,240,53,110,236
3898418,83,10,210,55,40,235
3898618,10,9,196,55,123,235
3898818,52,10,241,54,214,236
3899019,44,8,150,53,124,236
3899219,224,9,0,55,163,236
3899420,40,9,75,55,64,235
3899620,110,9,180,55,39,237
3899821,255,9,75,54,181,235
3900021,122,10,218,54,126,234
3900222,228,8,173,54,224,237
3900422,72,9,82,54,128,237
3900623,26,9,30,55,111,236
3900823,87,9,22,54,102,236
3901024,240,9,143,55,72,236
3901224,204,8,52,54,129,235
3901425,10,9,45,54,122,235
3901625,194,9,120,54,65,236
3901825,41,9,105,55,251,234
3902026,244,8,105,55,92,235
3902226,186,9,53,54,94,236
3902427,50,11,255,53,80,236
3902627,102,9,105,55,102,236
3902828,244,8,113,53,254,235
3903028,159,8,98,55,18,235
3903229,144,8,128,54,192,236
3903429,174,8,210,54,132,236
3903630,243,8,248,54,92,235
3903830,67,8,15,56,162,234
3904030,36,8,29,54,90,237
3904231,86,9,83,54,126,236
3904431,64,9,113,55,154,236
3904632,52,8,7,55,234,235
3904832,228,8,142,55,219,235
3905033,121,8,82,54,192,234
3905233,232,9,135,54,34,235
3905434,179,9,45,54,66,234
3905634,75,8,75,56,67,236
3905835,22,10,15,56,8,236
3906035,151,8,128,56,182,235
3906236,136,8,30,55,30,236
3906436,37,10,75,55,48,237
3906637,236,8,136,55,137,237
3906837,48,9,203,53,104,236
3907037,86,9,204,55,97,236
3907238,143,8,68,54,156,236
3907438,186,9,22,55,72,235
3907639,83,10,218,54,14,236
3907839,60,10,248,54,79,235
3908040,79,9,241,54,54,235
3908240,178,9,120,53,9,237
3908441,156,9,203,55,214,236
3908641,205,8,166,54,205,235
3908842,174,8,38,53,44,238
3909042,243,8,181,55,188,235
3909243,240,9,22,55,22,236
3909443,228,8,106,53,117,236
3909643,18,9,60,54,32,237
3909844,202,9,225,53,157,237
3910044,201,7,52,54,188,235
3910245,140,9,135,54,217,235
3910445,235,8,188,53,117,236
3910646,56,9,105,54,91,237
3910846,25,9,120,54,114,235
3911047,122,10,7,55,236,236
3911247,102,9,210,53,88,236
3911448,174,8,173,54,220,235
3911648,110,9,68,55,12,235
3911849,236,8,210,54,236,236
3912049,220,8,218,54,69,235
3912250,216,7,60,54,84,235
3912450,148,9,226,54,52,236
3912650,246,7,7,55,121,235
3912851,40,9,30,54,51,236
3913051,251,8,241,54,28,236
3913252,213,8,165,54,43,236
3913452,7,10,112,55,147,236
3913653,26,9,105,55,43,236
3913853,171,9,158,55,79,235
3914054,21,8,240,53,181,235
3914254,38,10,112,54,24,237
3914455,113,8,30,54,106,235
3914655,166,8,218,54,33,237
3914856,200,7,98,54,172,234
3915056,98,8,60,54,236,236
3915257,118,9,53,55,24,237
3915457,186,9,15,55,151,235
3915657,113,8,45,55,34,235
3915858,132,9,38,54,138,235
3916058,64,9,210,54,161,233
3916259,224,9,203,54,88,236
3916459,232,9,75,56,66,236
3916660,171,9,0,55,91,237
3916860,140,9,248,55,26,237
3917061,144,8,60,55,92,235
3917261,90,10,0,55,227,235
3917462,204,6,97,54,219,235
3917662,171,9,248,54,234,235
3917863,48,9,75,53,94,235
3918063,212,8,83,55,73,236
3918263,30,10,143,55,65,236
3918464,197,8,22,55,232,235
3918664,198,8,60,55,154,236
3918865,136,8,180,54,125,236
3919065,60,8,120,53,123,235
3919266,6,8,120,55,135,237
3919466,144,8,60,55,201,236
3919667,202,9,128,54,245,236
3919867,102,9,218,53,122,237
3920068,224,7,104,54,34,235
3920268,86,9,233,53,178,236
3920468,197,8,52,53,208,236
3920669,44,8,128,54,89,236
3920869,82,8,233,54,147,235
3921070,236,8,60,54,45,236
3921270,33,9,255,52,112,236
3921471,40,9,22,56,166,237
3921671,144,8,188,54,230,236
3921872,254,7,248,54,142,234
3922072,40,9,226,56,159,237
3922273,178,9,98,55,50,236
3922473,72,9,83,54,216,234
3922674,236,8,105,54,27,235
3922874,216,7,196,54,42,236
3923075,159,8,90,54,126,236
3923275,136,10,248,54,114,237
3923475,197,8,142,54,168,235
3923676,25,9,196,54,54,237
3923876,228,8,120,54,191,236
3924077,26,9,180,54,88,236
3924277,182,8,90,55,203,235
3924478,178,9,112,55,132,236
3924678,86,9,7,55,210,235
3924879,91,10,248,53,101,235
3925079,178,9,210,55,114,235
3925280,52,8,188,55,186,236
3925480,110,9,234,54,141,236
3925681,216,9,173,54,196,235
3925881,148,9,75,54,202,235
3926081,179,9,226,53,219,235
3926282,148,9,173,55,126,236
3926482,212,8,226,54,22,236
3926683,240,9,211,55,245,236
3926883,182,8,52,55,176,236
3927084,125,9,105,55,67,236
3927284,79,9,128,54,98,237
3927485,125,9,241,54,156,236
3927685,171,9,0,55,197,235
3927886,56,9,60,55,4,235
3928086,164,9,52,55,123,235
3928287,167,8,150,55,150,235
3928487,87,9,90,54,56,235
3928688,255,9,226,54,50,236
3928888,52,8,38,56,169,236
3929088,228,8,0,55,13,236
3929289,34,11,67,56,241,235
3929489,59,8,158,54,209,237
3929690,91,10,142,53,52,236
3929890,90,8,120,54,9,237
3930091,151,8,90,54,54,237
3930291,170,9,211,54,123,235
3930492,212,8,60,55,99,235
3930692,202,9,173,54,194,236
3930893,48,9,226,53,160,235
3931093,224,9,158,54,15,236
3931294,52,10,241,54,245,236
3931494,83,10,15,56,238,234
3931694,14,10,7,54,242,235
3931895,41,9,158,54,42,235
3932095,18,9,120,55,106,237
3932296,212,8,22,54,210,235
3932496,48,9,22,55,172,237
3932697,179,9,0,56,252,236
3932897,26,9,45,55,240,235
3933098,94,9,240,55,203,235
3933298,151,8,173,55,70,235
3933499,22,10,105,54,24,236
3933699,106,8,105,54,94,235
3933900,90,8,82,53,220,235
3934100,182,8,128,54,130,235
3934301,64,9,172,55,194,234
3934501,148,9,60,55,164,234
3934702,30,10,83,56,60,236
3934902,94,9,218,54,93,235
3935102,56,9,181,54,112,236
3935303,18,9,218,54,112,236
3935503,220,8,180,54,181,235
3935704,164,9,218,54,60,236
3935904,247,7,0,54,156,236
3936105,170,9,173,55,102,236
3936305,59,8,106,55,219,235
3936506,186,9,135,54,166,235
3936706,67,8,52,54,15,236
3936907,10,9,226,54,95,236
3937107,33,9,67,56,76,237
3937308,216,7,22,55,142,237
3937508,170,9,165,54,212,235
3937709,204,8,248,54,220,235
3937909,155,9,60,55,175,235
3938109,94,9,98,55,49,235
3938310,146,7,196,53,112,236
3938510,224,9,135,54,37,236
3938711,156,9,60,55,17,235
3938911,239,7,113,55,198,236
3939112,106,8,38,54,148,236
3939312,98,10,173,54,162,235
3939513,30,10,67,55,239,234
3939713,183,10,248,54,124,236
3939914,151,8,105,55,195,235
3940114,159,8,218,54,203,235
3940315,2,9,60,54,101,235
3940515,179,9,135,54,98,237
3940716,25,9,120,54,38,236
3940916,220,8,240,53,240,235
3941116,18,9,248,54,136,235
3941317,14,10,82,56,64,235
3941517,231,7,105,55,179,234
3941718,164,9,127,54,141,236
3941918,80,9,241,54,197,235
3942119,36,8,113,55,30,236
3942319,212,8,240,54,156,236
3942520,82,8,188,54,222,236
3942720,235,8,52,55,94,235
3942921,144,8,52,55,251,235
3943121,87,9,128,54,40,236
3943322,152,10,233,54,37,236
3943522,144,8,0,55,252,236
3943722,183,10,60,55,116,235
3943923,48,9,248,54,82,236
3944123,52,8,90,55,112,234
3944324,6,8,241,54,66,235
3944524,202,9,248,55,26,237
3944725,228,8,30,55,94,235
3944925,49,9,8,54,148,236
3945126,137,10,98,54,26,237
3945326,151,8,0,54,171,236
3945527,205,8,248,54,112,236
3945727,136,8,173,54,200,236
3945928,136,8,203,55,48,237
3946128,106,8,248,54,45,236
3946329,151,8,82,54,90,236
3946529,182,8,68,54,252,236
3946729,170,9,158,54,157,237
3946930,212,8,218,54,212,235
3947130,94,9,248,54,142,237
3947331,10,9,150,55,179,234
3947531,86,9,218,55,42,235
3947732,217,9,128,54,94,235
3947932,121,8,7,56,235,236
3948133,167,8,233,54,75,236
3948333,186,9,233,55,31,234
3948534,125,9,7,55,56,237
3948734,79,9,75,54,156,236
3948935,236,8,0,56,36,236
3949135,18,9,180,55,56,235
3949336,158,8,128,55,90,236
3949536,235,6,233,53,168,235
3949737,136,8,248,53,112,236
3949937,178,7,113,54,228,236
3950137,212,8,248,54,182,235
3950338,18,9,0,55,65,236
3950538,125,9,22,56,240,235
3950739,174,8,234,54,57,235
3950939,75,8,30,55,91,237
3951140,118,9,143,54,232,235
3951340,94,9,248,54,127,236
3951541,25,9,7,54,242,235
3951741,255,9,218,54,218,235
3951942,232,9,173,54,247,235
3952142,214,10,158,54,123,235
3952343,18,9,210,53,212,235
3952543,224,7,248,53,184,234
3952744,144,8,52,55,227,235
3952944,120,8,0,54,82,236
3953144,71,9,52,55,54,235
3953345,128,8,22,55,117,236
3953545,48,9,0,55,246,234
3953746,152,10,120,55,81,234
3953946,167,8,173,54,143,235
3954147,236,8,143,55,195,235
3954347,174,8,195,54,188,235
3954548,171,9,158,54,254,235
3954748,18,9,120,54,110,236
3954949,120,8,52,54,146,236
3955149,144,8,135,54,106,235
3955350,216,7,233,54,255,235
3955550,117,9,136,54,33,237
3955751,113,8,105,55,212,235
3955951,236,8,165,54,37,236
3956151,86,9,128,55,178,236
3956352,225,9,8,54,116,235
3956552,94,9,173,54,186,236
3956753,144,8,218,54,215,236
3956953,236,8,68,55,210,235
3957154,197,8,172,55,176,236
3957354,160,10,233,54,208,236
3957555,239,9,45,56,54,235
3957755,76,10,150,54,232,235
3957956,156,9,150,54,67,236
3958156,68,10,248,54,16,237
3958357,87,9,15,57,16,236
3958557,186,9,188,55,193,236
3958758,106,10,98,56,64,235
3958958,121,8,128,54,245,236
3959158,79,9,128,55,197,235
3959359,136,8,188,54,74,234
3959559,125,9,226,54,238,236
3959760,30,10,158,54,234,235
3959960,232,9,173,54,249,235
3960161,75,8,7,55,128,235
3960361,220,8,150,55,101,235
3960562,40,9,105,54,0,236
3960762,113,8,173,54,186,236
3960963,78,9,174,55,30,236
3961163,163,9,150,55,202,234
3961364,166,8,112,55,148,235
3961564,113,8,52,55,186,234
3961764,105,8,45,53,175,235
3961965,79,9,165,53,74,236
3962165,5,8,135,55,205,235
3962366,98,8,14,54,225,235
3962566,74,8,45,54,190,235
3962767,224,7,225,53,96,234
3962967,84,10,233,54,8,236
3963168,216,9,0,55,234,235
3963368,156,9,98,55,22,236
3963569,178,7,15,55,16,236
3963769,125,9,240,53,63,237
3963970,15,10,60,55,212,235
3964170,240,9,0,54,190,235
3964371,98,10,82,54,0,236
3964571,197,8,196,53,94,238
3964771,136,10,45,55,153,235
3964972,140,9,165,54,22,236
3965172,48,9,166,54,98,237
3965373,163,9,240,55,254,235
3965573,250,8,196,55,68,237
3965774,236,8,44,55,1,234
3965974,38,10,30,55,88,236
3966175,197,8,248,54,168,235
3966375,29,8,75,55,182,237
3966576,76,10,166,54,138,235
3966776,251,8,240,54,134,236
3966977,208,9,151,54,205,235
3967177,2,9,83,56,178,236
3967378,113,8,8,54,186,236
3967578,121,10,226,53,128,236
3967778,121,8,7,54,230,236
3967979,79,9,52,55,70,237
3968179,155,9,248,55,153,235
3968380,74,8,75,55,89,236
3968580,200,7,68,54,227,235
3968781,136,8,52,54,12,238
3968981,71,9,233,55,48,235
3969182,198,8,188,55,118,235
3969382,82,8,60,55,216,236
3969583,102,9,233,54,27,235
3969783,197,8,45,55,22,235
3969984,125,9,233,54,153,235
3970184,2,9,112,54,54,236
3970384,79,9,68,56,245,236
3970585,151,8,75,54,80,236
3970785,52,10,98,54,116,235
3970986,238,7,202,55,154,236
3971186,117,9,0,55,130,235
3971387,26,9,203,54,108,235
3971587,136,8,210,53,30,236
3971788,74,8,135,54,96,236
3971988,41,9,180,54,0,236
3972189,97,8,203,55,186,236
3972389,56,9,7,56,234,235
3972590,212,8,173,54,33,237
3972790,118,9,196,54,56,237
3972991,82,8,15,54,244,234
3973191,239,7,106,55,119,236
3973391,67,8,82,53,171,236
3973592,2,9,83,55,222,236
3973792,2,9,195,53,197,235
3973993,224,9,211,54,60,236
3974193,2,9,52,55,147,236
3974394,2,9,60,55,37,236
3974594,94,9,67,55,147,237
3974795,121,8,203,54,200,236
3974995,159,8,203,53,37,236
3975196,28,8,113,54,246,234
3975396,90,8,135,54,76,236
3975597,102,9,218,54,138,235
3975797,228,8,248,54,8,236
3975998,75,8,172,53,87,236
3976198,125,9,241,54,180,236
3976398,125,9,180,54,112,236
3976599,244,8,75,54,45,236
3976799,156,9,45,55,38,236
3977000,18,9,241,54,40,235
3977200,36,8,7,54,205,233
3977401,26,9,188,54,78,235
3977601,189,8,142,54,60,236
3977802,243,8,0,55,45,236
3978002,29,8,98,55,43,236
3978203,174,8,128,54,111,236
3978403,59,8,195,53,90,236
3978604,163,9,8,56,126,236
3978804,63,9,0,56,252,236
3979005,128,8,248,55,230,236
3979205,164,9,120,54,30,236
3979406,106,10,188,55,169,236
3979606,125,9,233,54,23,236
3979807,76,10,75,50,112,236
3980007,132,9,7,55,21,236
3980207,133,9,233,55,163,236
3980408,204,8,120,54,200,236
3980608,186,9,136,55,60,236
3980809,202,9,120,55,52,236
3981009,98,8,68,55,92,235
3981210,71,9,67,54,108,235
3981410,105,8,180,54,148,236
3981611,212,8,45,54,112,236
3981811,26,9,165,54,134,236
3982012,152,8,113,54,125,236
3982212,29,8,38,53,116,235
3982413,26,9,112,54,23,236
3982613,243,8,0,54,156,236
3982813,136,8,150,54,194,234
3983014,216,7,112,54,171,236
3983214,18,9,67,55,12,235
3983415,83,8,241,54,12,235
3983615,178,7,7,55,210,236
3983816,236,8,52,55,216,234
3984016,102,9,226,55,204,235
3984217,143,8,112,54,141,236
3984417,163,9,180,54,230,236
3984618,137,10,105,54,0,236
3984818,143,8,173,54,172,234
3985019,136,8,233,54,52,236
3985219,174,8,128,54,108,235
3985420,248,9,173,54,131,235
3985620,151,8,196,55,141,236
3985821,2,9,203,53,98,237
3986021,110,9,0,56,182,235
3986221,94,9,52,55,145,235
3986422,22,8,82,55,24,237
3986622,106,8,203,53,52,236
3986823,37,8,128,54,234,235
3987023,26,9,143,54,201,234
3987224,144,8,82,54,196,235
3987424,71,9,90,54,212,235
3987625,86,9,136,55,219,235
3987825,198,8,22,55,82,236
3988026,247,7,196,55,76,237
3988226,140,9,150,53,134,236
3988427,17,9,241,54,147,236
3988627,79,9,15,55,166,237
3988827,30,10,22,55,181,237
3989028,21,8,165,53,56,235
3989228,201,9,90,54,72,235
3989429,56,9,211,53,50,236
3989629,236,8,128,54,203,235
3989830,243,8,218,53,62,235
3990030,49,9,8,56,232,235
3990231,240,9,233,54,145,237
3990431,71,9,14,55,56,235
3990632,178,9,203,53,218,235
3990832,22,10,30,55,163,236
3991033,102,9,112,54,108,235
3991233,197,8,196,55,245,236
3991433,98,8,203,55,90,237
3991634,64,9,75,55,160,235
3991834,72,9,173,55,139,236
3992035,228,8,128,55,62,235
3992235,144,8,143,54,252,236
3992436,64,9,52,55,200,234
3992636,113,8,8,55,24,235
3992837,194,9,203,54,21,236
3993037,205,8,196,54,72,236
3993238,114,10,113,55,48,235
3993438,144,8,188,54,230,236
3993639,198,8,128,54,14,236
3993839,98,8,15,55,57,235
3994040,152,8,90,54,72,235
3994240,235,8,173,54,99,235
3994440,179,9,45,55,140,236
3994641,105,8,113,54,43,236
3994841,7,10,113,55,110,236
3995042,120,8,255,54,132,236
3995242,159,8,241,54,36,234
3995443,163,9,211,54,54,237
3995643,171,9,226,54,136,235
3995844,125,9,37,55,56,235
3996044,248,9,0,55,99,235
3996245,125,9,165,54,195,235
3996445,64,9,203,54,178,236
3996646,128,8,165,55,247,235
3996846,224,7,45,55,240,235
3997046,26,9,240,53,18,237
3997247,201,9,150,54,70,237
3997447,71,9,52,54,48,237
3997648,48,9,173,55,6,236
3997848,76,10,120,54,178,236
3998049,9,7,22,54,23,236
3998249,63,7,75,54,202,235
3998450,156,9,150,55,214,234
3998650,159,8,150,54,202,235
3998851,14,10,15,54,132,236
3999051,148,9,166,55,110,236
3999252,18,9,165,53,34,235
3999452,67,8,105,54,34,237
3999653,2,9,158,55,86,235
3999853,182,8,60,54,66,236
4000053,186,9,7,56,77,235
4000254,56,9,30,55,121,235
4000454,33,9,7,55,200,236
4000655,48,9,173,53,208,234
4000855,64,9,173,54,228,236
4001056,22,10,173,54,163,236
4001256,251,8,226,55,252,235
4001457,190,8,173,55,173,235
4001657,82,8,8,54,23,236
4001858,64,9,248,53,80,236
4002058,240,9,188,54,195,235
4002259,48,9,60,55,85,237
4002459,90,8,105,54,130,235
4002660,59,8,210,54,205,235
4002860,208,7,82,55,219,235
4003060,52,8,173,53,154,236
4003261,243,8,14,55,36,236
4003461,71,9,52,53,5,238
4003662,159,8,15,55,48,237
4003862,171,9,128,55,222,236
4004063,235,8,67,54,111,236
4004263,209,9,180,54,158,235
4004464,22,10,196,54,202,235
4004664,202,9,45,54,185,236
4004865,33,9,45,55,76,235
4005065,83,8,203,55,78,235
4005266,86,9,90,54,166,235
4005466,209,9,143,54,86,235
4005667,124,9,188,55,219,235
4005867,182,8,248,54,12,235
4006067,186,9,8,55,129,235
4006268,14,8,90,54,5,235
4006468,25,9,248,54,13,236
4006669,162,7,7,54,95,236
4006869,129,10,75,55,145,235
4007070,148,9,38,54,243,236
4007270,41,9,67,55,202,235
4007471,41,9,172,55,247,235
4007671,2,9,128,55,247,235
4007872,197,8,218,54,63,237
4008072,132,9,98,56,10,237
4008273,136,8,180,53,163,236
4008473,128,8,22,56,16,237
4008673,166,8,30,55,4,237
4008874,202,9,180,55,30,236
4009074,25,9,166,54,64,235
4009275,244,8,241,55,45,236
4009475,18,9,127,54,134,236
4009676,174,8,135,53,36,236
4009876,114,10,203,54,226,235
4010077,254,7,60,54,19,235
4010277,120,8,105,54,154,235
4010478,217,9,120,55,214,236
4010678,72,9,158,54,24,237
4010879,15,10,142,54,158,235
4011079,2,9,97,55,87,236
4011280,128,8,173,54,196,237
4011480,174,8,75,55,158,235
4011680,98,8,196,52,227,235
4011881,45,10,210,55,137,237
4012081,14,10,37,54,194,234
4012282,118,9,0,56,42,235
4012482,236,8,241,54,23,236
4012683,128,8,211,54,6,236
4012883,71,9,173,55,204,235
4013084,155,9,172,54,215,236
4013284,174,8,218,55,250,235
4013485,163,9,135,54,178,236
4013685,136,8,45,55,150,237
4013886,205,8,233,53,158,235
4014086,171,9,22,54,155,234
4014287,251,8,226,55,40,235
4014487,179,9,203,55,14,236
4014687,3,9,52,55,197,235
4014888,122,10,195,54,150,234
4015088,94,9,233,54,41,237
4015289,41,9,241,54,154,236
4015489,144,8,38,55,67,236
4015690,240,9,68,55,182,235
4015890,14,10,226,54,166,235
4016091,18,9,30,56,153,235
4016291,83,10,30,54,136,235
4016492,90,8,248,54,193,236
4016692,235,8,158,54,72,236
4016893,18,9,120,54,104,236
4017093,200,7,158,54,6,236
4017294,247,9,45,55,196,237
4017494,44,8,120,54,21,236
4017694,130,10,180,54,223,236
4017895,129,10,188,53,141,236
4018095,247,7,135,54,154,236
4018296,90,8,44,55,190,235
4018496,239,7,128,55,107,235
4018697,48,9,7,54,44,236
4018897,176,10,240,53,205,235
4019098,41,9,105,54,182,235
4019298,52,8,83,54,92,235
4019499,124,9,82,54,114,235
4019699,174,8,218,53,130,235
4019900,87,9,90,55,217,237
4020100,250,8,143,55,160,235
4020301,143,8,113,54,32,237
4020501,232,9,150,53,92,235
4020701,159,8,172,55,0,236
4020902,224,9,248,54,156,236
4021102,22,8,60,54,104,236
4021303,87,9,128,55,135,237
4021503,171,9,233,53,161,236
4021704,216,7,67,55,178,236
4021904,90,8,240,54,60,236
4022105,29,8,7,56,92,235
4022305,236,8,151,54,237,234
4022506,79,9,218,54,215,236
4022706,125,9,203,54,110,236
4022907,22,10,60,54,254,235
4023107,246,7,90,55,70,237
4023308,14,10,226,54,60,236
4023508,217,9,210,54,84,235
4023709,174,8,52,54,17,237
4023909,224,7,202,55,235,236
4024109,232,9,90,56,79,235
4024310,212,8,233,53,249,235
4024510,76,10,22,55,164,236
4024711,17,9,248,54,148,236
4024911,84,10,52,54,145,235
4025112,204,8,53,54,38,236
4025312,94,9,211,54,66,236
4025513,56,9,60,55,45,236
4025713,144,8,15,55,211,237
4025914,231,7,120,53,195,235
4026114,10,9,188,55,166,235
4026315,124,9,172,55,82,236
4026515,220,8,23,55,21,236
4026716,110,9,90,55,193,236
4026916,11,11,165,55,30,236
4027116,166,8,120,55,187,237
4027317,64,9,158,54,47,235
4027517,52,8,226,54,59,236
4027718,41,9,233,54,236,236
4027918,33,9,233,54,129,235
4028119,156,9,211,54,195,235
4028319,133,9,105,55,218,235
4028520,34,11,52,55,175,235
4028720,52,8,173,55,182,235
4028921,106,8,82,55,236,236
4029121,117,9,8,55,154,236
4029322,49,9,38,55,30,236
4029522,2,9,74,54,117,236
4029722,82,8,150,53,181,237
4029923,37,10,248,54,250,236
4030123,33,9,44,55,60,236
4030324,26,9,45,55,225,235
4030524,78,9,203,54,186,236
4030725,10,9,8,56,4,237
4030925,26,9,120,55,197,235
4031126,162,7,226,54,64,235
4031326,236,8,52,55,16,236
4031527,125,9,128,54,247,235
4031727,71,9,37,55,0,236
4031928,56,9,180,54,40,235
4032128,82,8,37,55,65,236
4032329,220,8,211,54,227,235
4032529,148,9,15,55,86,237
4032730,182,8,83,54,119,236
4032930,18,9,68,55,156,236
4033130,52,8,210,53,102,236
4033331,248,9,158,55,50,236
4033531,198,10,38,54,228,236
4033732,182,8,210,54,223,236
4033932,64,9,233,54,175,235
4034133,209,9,196,54,55,235
4034333,7,10,158,54,13,236
4034534,193,7,37,54,5,235
4034734,240,9,142,54,146,235
4034935,56,9,68,56,194,234
4035135,217,9,8,54,65,236
4035336,37,8,98,55,88,236
4035536,167,8,105,55,26,235
4035736,52,10,240,53,148,236
4035937,140,9,210,53,50,236
4036137,167,8,150,53,210,235
4036338,246,7,75,54,132,236
4036538,204,8,90,54,253,234
4036739,102,9,233,54,186,236
4036939,18,9,226,53,16,237
4037140,152,10,15,56,36,236
4037340,74,8,30,55,166,235
4037541,2,9,67,54,96,236
4037741,79,9,203,55,27,235
4037942,228,8,234,54,95,236
4038142,248,9,241,54,112,236
4038343,190,8,68,55,245,236
4038543,6,10,45,54,99,235
4038743,224,9,225,53,24,237
4038944,163,9,120,54,234,235
4039144,22,10,202,55,117,236
4039345,228,8,158,54,154,236
4039545,144,8,128,55,178,236
4039746,11,11,0,55,180,235
4039946,87,9,98,54,249,235
4040147,220,8,82,54,109,235
4040347,41,9,180,54,212,235
4040548,217,9,248,54,200,234
4040748,205,8,181,54,130,235
4040949,202,9,75,52,130,237
4041149,62,5,248,52,72,236
4041349,180,11,105,52,0,241
4041550,114,10,204,53,173,235
4041750,76,3,120,56,58,236
4041951,142,253,135,55,100,235
4042151,14,1,30,60,41,240
4042352,108,254,173,56,112,236
4042552,10,0,98,55,176,236
4042753,108,252,196,55,114,232
4042953,47,254,0,55,188,235
4043154,13,248,75,54,44,236
4043354,176,252,82,55,58,238
4043555,62,254,136,56,166,237
4043755,205,1,30,52,235,240
4043955,196,253,165,54,234,235
4044156,192,254,90,55,174,237
